REGION,METHOD,N_EDGES,EDGE_RATIO,UNOBSERVED_LENGTH_M,LENGTH_RATIO
ALL,LOCAL_SAME_CLASS,25986,0.6740681175585588,1039923.9351349999,0.6857371715393481
ALL,LOCAL_ANY_CLASS,408,0.01058338305102332,13437.89,0.008861091055530559
ALL,MEDIAN_FALLBACK,0,0.0,0.0,0.0
CORE,LOCAL_SAME_CLASS,13702,0.9506695344480677,529474.1065999999,0.9389997360077524
CORE,LOCAL_ANY_CLASS,98,0.006799417192812044,2047.68,0.0036314731078642606
CORE,MEDIAN_FALLBACK,0,0.0,0.0,0.0
BUFFER,LOCAL_SAME_CLASS,12284,0.508907117408236,510449.828535,0.5358295120402702
BUFFER,LOCAL_ANY_CLASS,310,0.01284282044908443,11390.21,0.011956533874940322
BUFFER,MEDIAN_FALLBACK,0,0.0,0.0,0.0
