HOUR,N_EDGES,N_MISSING_TT,N_NONPOSITIVE_TT,N_MISSING_SPEED,N_NONPOSITIVE_SPEED,MEAN_SPEED_KMH,MEDIAN_SPEED_KMH,P01_SPEED_KMH,P05_SPEED_KMH,P95_SPEED_KMH,P99_SPEED_KMH,N_SPEED_LT_2,N_SPEED_GT_1P5_FF,N_CONGESTION_LT_0P5,N_CONGESTION_GT_10,MAX_TT_REL_ERROR,N_TT_INCONSISTENT
~01시,39882,0,0,0,0,45.430937393100805,42.90698905608755,13.09,19.92743379832412,82.26065842807712,90.90706748466256,1,0,0,0,1.4563263541251688e-14,0
~02시,39882,0,0,0,0,48.23207927827842,45.42338351620313,13.00138395970553,28.14712997347481,85.88074378378374,97.12592507204609,1,0,0,0,1.5902903993669778e-14,0
~03시,39882,0,0,0,0,48.16046033281021,45.99968994015389,14.03056464379947,28.94049671734634,87.21158731988466,98.6104785276073,1,0,0,0,1.3821858751781446e-14,0
~04시,39882,0,0,0,0,48.03940732678106,45.25867882587634,15.009999999999996,29.988,90.60029447852756,100.008,1,0,0,0,1.739164193741505e-14,0
~05시,39882,0,0,0,0,49.19336841640656,46.09859614434008,15.390000000000002,29.08,84.44479538904893,96.7412204899777,0,0,0,0,2.0227194888970626e-14,0
~06시,39882,0,0,0,0,47.5243157865486,43.40716622691296,14.490000000000002,28.558928330206392,86.6435154460257,99.07993763919814,1,0,0,0,1.6408393073252852e-14,0
~07시,39882,0,0,0,0,45.67288842755917,41.119833740831325,11.235333591631145,27.32,83.75325619834709,98.4098607954546,33,0,0,9,1.8400054207551812e-14,0
~08시,39882,0,0,0,0,42.755841736784454,39.32440112273539,11.339902363425024,23.823702503681883,83.11726503340753,95.07732232610992,33,0,0,5,1.4525106540111052e-14,0
~09시,39882,0,0,0,0,39.19033689878574,36.83632253125798,10.895374209434486,19.55237407952872,81.8121,92.38657249070631,33,0,0,2,1.684602846528701e-14,0
~10시,39882,0,0,0,0,38.41146487939857,34.246168920643015,10.995838470254956,20.49132989690722,74.99553183747732,86.86774431818182,33,0,0,0,1.6643567681686645e-14,0
~11시,39882,0,0,0,0,35.22035338677999,31.277970660146707,7.407999999999994,21.175836411609502,70.13427315541601,82.92252112149531,35,0,0,159,1.2392558168971283e-14,0
~12시,39882,0,0,0,0,34.03542150685304,30.0355743812197,7.006282208588951,21.513499769691407,69.38228263473056,82.52067242026268,35,0,0,154,1.01722738487971e-14,0
~13시,39882,0,0,0,0,35.57346955949106,33.68240097799511,7.811807093646334,20.734060986035907,66.43182708933712,86.53600300187621,35,0,0,168,1.190947807661877e-14,0
~14시,39882,0,0,0,0,36.54593019953147,33.227692202462386,11.012514130034589,21.632805596465392,65.83285241379306,88.26221988742967,33,0,0,0,1.530102022734267e-14,0
~15시,39882,0,0,0,0,38.073690022565046,35.27222343054869,10.580137203166226,19.276210603829163,70.16286776268761,83.30591411042943,33,0,0,1,1.4182101581900402e-14,0
~16시,39882,0,0,0,0,36.495004148432415,32.37648560843545,10.078416886543534,22.930000000000014,70.32969999999997,80.51087116564416,33,0,0,1,1.533277919503634e-14,0
~17시,39882,0,0,0,0,34.72067876847986,30.238767726161377,9.308353701964679,20.63931784478497,71.45160836617156,79.6753390344828,1,0,0,7,1.3795096337794919e-14,0
~18시,39882,0,0,0,0,36.23853987176121,31.624371638141824,9.81,18.742294550810016,72.45449630642959,86.28727626168222,1,0,0,15,1.6706776354362505e-14,0
~19시,39882,0,0,0,0,38.22770973107346,33.58051833740833,11.650000000000002,21.595983799705447,74.52793841569404,87.32942897727274,1,0,0,5,1.2615940132199435e-14,0
~20시,39882,0,0,0,0,40.83292789559615,36.51112859097128,11.11,22.82951399116348,75.00599999999996,87.24900562851786,1,0,0,0,1.6503444586153652e-14,0
~21시,39882,0,0,0,0,39.508449462999096,34.90499266503669,11.393506012443874,21.02524594992636,76.11362362741386,91.554699386503,1,0,0,0,1.8735001024507105e-14,0
~22시,39882,0,0,0,0,40.059862204934085,38.01975197889184,11.07,18.28202209131076,76.3527119437939,88.99825766871159,1,0,0,0,1.597194465045794e-14,0
~23시,39882,0,0,0,0,43.339177626214884,39.15885478424017,12.75,18.61,78.15094410521377,84.8343724137931,1,0,0,0,1.68746145974795e-14,0
~24시,39882,0,0,0,0,45.197557774718454,41.12026385224276,13.24,23.84211340206186,79.45938834720569,93.83845398773003,1,0,0,0,1.5756642081437578e-14,0
