TOPIS_LINK_ID,SUMO_EDGE_ID,SEQ
1000002500,37930333,0
1000002500,37395770,1
1000002500,203924741,2
1000016700,183895355#2,0
1000016700,26238056,1
1000019300,1455536616,0
1000019300,37400220#0,1
1000019300,37400220#1,2
1000019300,37400220#2-AddedOnRampEdge,3
1000019300,37400220#2,4
1000019300,37400220#3,5
1000019300,37400220#4,6
1000019300,37400220#5,7
1000019300,37400220#6,8
1000019300,219073859,9
1000019900,668991973,0
1000019900,668991974,1
1000019900,183521247#1,2
1000019900,183521247#2,3
1000019900,800201571#0,4
1000019900,800201571#1,5
1000019900,800201572#0,6
1000019900,800201572#1,7
1000019900,800201572#2,8
1000019900,800201572#3,9
1000020100,-261995707#5,0
1000020100,-261995707#4,1
1000020100,-261995707#3,2
1000020100,-261995707#2,3
1000020100,-261995707#1,4
1000020100,-261995707#0,5
1000020100,-381204497,6
1000020100,-517638484#7,7
1000020100,-517638484#5,8
1000020100,-517638484#4,9
1000020100,-517638484#3,10
1000020100,-517638484#1,11
1000020100,-517638484#0,12
1000021200,-820363545#1,0
1000021200,-820363545#0,1
1000021200,-820363544,2
1000021200,-183521104#5,3
1000021200,-183521104#4,4
1000021200,-183521104#3,5
1000021200,-183521104#2,6
1000021200,-183521104#1,7
1000021200,-183521104#0,8
1000021200,-1175046337#5,9
1000021200,-1175046337#4,10
1000021200,-1175046337#3,11
1000021200,-1175046337#2,12
1000021200,-1175046337#1,13
1000021200,-1175046337#0,14
1000021200,-183521103,15
1000021200,-37400956#2,16
1000021200,-37400956#1,17
1000021200,-37400956#0,18
1000021200,-37399902#1,19
1000021700,628897988,0
1000021700,1471625093,1
1000021700,1471625096,2
1000021700,86165653#0,3
1000021700,86165653#1,4
1000021700,629055196,5
1000021700,629055191#1,6
1000021700,37930346-AddedOnRampEdge,7
1000021700,37930346,8
1000021700,37401438,9
1000021700,-517329808#25,10
1000021700,-517329808#24,11
1000021700,-517329808#23,12
1000021700,-517329808#22,13
1000021700,-517329808#21,14
1000021700,-517329808#20,15
1000021700,-517329808#19,16
1000021700,-517329808#18,17
1000021700,-517329808#17,18
1000021700,-517329808#16,19
1000021700,-517329808#15,20
1000021700,-517329808#14,21
1000021700,-517329808#13,22
1000021700,-517329808#12,23
1000021700,-517329808#11,24
1000021700,-517329808#10,25
1000021700,-517329808#9,26
1000021700,-517329808#8,27
1000021700,-517329808#7,28
1000021700,-517329808#6,29
1000021700,-517329808#5,30
1000021700,-517329808#3,31
1000021700,-517329808#2,32
1000021700,-517329808#1,33
1000021700,-517329803#3,34
1000021700,-517329803#2,35
1000021700,-517329803#1,36
1000021700,-517329803#0,37
1005002700,518807030,0
1005002700,183521262,1
1005002700,1455063483,2
1005002700,183521250,3
1005003300,1389567234#16,0
1005003300,801428773#0,1
1005003300,801428773#1,2
1005003300,219095464#0,3
1005003300,219095464#1,4
1005003300,219095464#2,5
1005003300,219095464#3,6
1005003300,219095464#4,7
1005003400,399174157#1,0
1005003500,219095464#4,0
1005003500,183521171#0,1
1005003500,183521171#2,2
1005003500,183521171#2-AddedOffRampEdge,3
1005003500,539135850,4
1005003500,539135854#0,5
1005003500,539135854#1,6
1005003500,539135854#4,7
1005003600,399174157#0,0
1005003600,399174157#1,1
1005003700,539136614,0
1005003700,573169791#0,1
1005003700,573169791#1,2
1005003700,573169791#2,3
1005003700,573169791#3,4
1005003700,573169791#5,5
1005003700,183272440#0,6
1005003700,183272440#1,7
1005003700,183272440#2,8
1005003800,183521096,0
1005003800,183272304,1
1005003800,399174157#0,2
1005003900,1534267661,0
1005003900,183272408#0,1
1005003900,183272408#1,2
1005003900,183272408#2,3
1005003900,183272408#3,4
1005003900,183272408#4,5
1005003900,183272408#5,6
1005003900,183272408#6-AddedOnRampEdge,7
1005003900,183272408#6,8
1005003900,183272408#7,9
1005003900,183272408#8,10
1005003900,800890968,11
1005003900,1026941327,12
1005003900,1414379206,13
1005004000,183521095#1,0
1005004000,183521096,1
1005004100,535711085#2,0
1005004100,535711085#3,1
1005004100,535711085#4,2
1005004100,535711085#5,3
1005004100,535711085#6,4
1005004100,535711085#7,5
1005004100,535711085#8,6
1005004100,535711085#9,7
1005004100,535711085#10,8
1005004100,535711085#11,9
1005004100,535711085#12,10
1005004100,535711085#13,11
1005004100,535711085#14,12
1005004100,535711085#15,13
1005004100,535711085#17,14
1005004200,183521095#0,0
1005004200,183521095#1,1
1005004300,219054275#1,0
1005004300,219054275#2,1
1005004300,219054275#3,2
1005004300,219054275#4,3
1005004300,219054275#5,4
1005004300,219054275#6,5
1005004300,219054275#7,6
1005004300,219054275#9,7
1005004300,518807022#0,8
1005004400,183521095#0,0
1050003200,400120973#3,0
1050003200,399174158,1
1050003600,183272339,0
1050003600,183272350#0,1
1050003600,183272350#1,2
1050003600,183272352-AddedOnRampEdge,3
1050003600,183272352,4
1050003600,183521062#0-AddedOnRampEdge,5
1050003600,183521062#0,6
1050003600,183521062#0-AddedOffRampEdge,7
1050003600,183521062#1,8
1050003600,183521062#2-AddedOnRampEdge,9
1050003600,183521062#2,10
1050003600,183521062#3,11
1050020300,183272437#1,0
1050020300,183272540#0,1
1050020300,183272540#1-AddedOnRampEdge,2
1050020300,183272540#1,3
1050020300,183272540#2,4
1050020300,183272560,5
1050020300,-37402268#5,6
1050020300,-37402268#4,7
1050020300,-37402268#3,8
1050020300,-37402268#2,9
1050020300,-37402268#0,10
1050020300,183895350#0,11
1050021500,218799087#15,0
1050021500,218799087#17,1
1050021500,218799087#18,2
1050021500,218799087#19,3
1050021500,218799087#20,4
1050021500,480014976#0,5
1050021500,480014976#1,6
1050021500,480014976#2,7
1050021500,480014976#3,8
1050021500,480014976#4,9
1050021500,480014976#5,10
1050021500,37396914#0,11
1050021700,218838668#2,0
1050021700,-801008456#2,1
1050021700,-801008456#1,2
1050021700,-801008456#0,3
1050021700,-37401478,4
1050021700,1416455118#0,5
1050021700,1416455119,6
1050021700,-481393629,7
1050021900,37401320#19,0
1050021900,-1416455165#6,1
1050021900,-1416455165#5,2
1050021900,-1416455165#4,3
1050021900,-1416455165#3,4
1050021900,-1416455165#2,5
1050021900,-1416455165#1,6
1050021900,-1416455165#0,7
1050021900,-481393629,8
1060006800,183521097#1,0
1060006800,183521099,1
1060006800,183521100,2
1060006800,183272297#0,3
1060006800,183272297#1,4
1060006800,1414379213,5
1060006800,169728820#0,6
1070000100,183521095#1,0
1070000100,183521096,1
1070000100,183272304,2
1070000200,1026944504,0
1070000200,204782620,1
1070000200,183272300,2
1070000200,183521097#0,3
1070000300,400120973#1-AddedOnRampEdge,0
1070000300,400120973#1,1
1070000300,400120973#2,2
1070000400,399174157#1,0
1070000400,218655246,1
1070000400,37930423#0,2
1070000400,37930423#1,3
1070000500,400120973#2,0
1070000500,400120973#3,1
1070000600,399174157#0,0
1070000600,399174157#1,1
1070001300,203924742,0
1070001300,400120973#0,1
1070001300,400120973#1-AddedOnRampEdge,2
1070001400,37930423#1,0
1070001400,37930423#1-AddedOffRampEdge,1
1070001400,37930423#2,2
1070001400,400120971,3
1070001500,183521095#0,0
1070001500,183521095#1,1
1070001600,1414379206,0
1070001600,183521097#1-AddedOnRampEdge,1
1070001600,183521097#1,2
1070002500,183895353#2,0
1070002500,218769245#0,1
1070002500,218769245#1,2
1070002500,218769245#2,3
1070002500,218769245#3,4
1070002500,1454595852,5
1070002500,1454595851,6
1070002500,1454595850,7
1070002500,1454595849,8
1070002500,913943264,9
1070002700,629928374#1,0
1070002700,629928374#2,1
1070002700,629928374#3,2
1070002700,629928374#4,3
1070002700,629928374#5,4
1070003500,518702967#2,0
1070003500,183895355#0,1
1070003500,183895355#1,2
1070003500,-37400834#5,3
1070003600,183895353#0,0
1070003600,183895353#1,1
1070003600,183895353#2,2
1070003700,-448204368#0,0
1070003700,-634224224,1
1070003700,-183521163#2,2
1070003700,-183521163#1,3
1070003700,-183521163#0,4
1070003800,183521163#0,0
1070003800,183521163#1,1
1070003800,183521163#2,2
1070003800,634224224,3
1070004100,172670186#5,0
1070004100,172670186#6,1
1070004100,-1463443081#3,2
1070004100,-1463443081#2,3
1070004100,-1463443081#1,4
1070004100,-1463443081#0,5
1070004100,-1496600603#2,6
1070004100,-1496600603#1,7
1070004100,-1496600603#0,8
1070004100,-1463443082,9
1070004100,-518705243#2,10
1070004100,-518705243#1,11
1070004100,-518705243#0,12
1070004100,-448204368#8,13
1070004100,-448204368#7,14
1070004100,-448204368#6,15
1070004100,-448204368#5,16
1070004100,-448204368#4,17
1070004100,-448204368#3,18
1070004100,-448204368#2,19
1070004200,448204368#0,0
1070004200,448204368#2,1
1070004200,448204368#3,2
1070004200,448204368#4,3
1070004200,448204368#5,4
1070004200,448204368#6,5
1070004200,448204368#7,6
1070004200,448204368#8,7
1070004200,518705243#0,8
1070004200,518705243#1,9
1070004200,518705243#2,10
1070004200,1463443082,11
1070004200,1496600603#0,12
1070004200,1496600603#1,13
1070004200,1496600603#2,14
1070004200,1463443081#0,15
1070004200,1463443081#1,16
1070004200,1463443081#2,17
1070004200,1463443081#3,18
1070004400,518705249#0,0
1070004400,518705249#1,1
1070004400,518705249#2,2
1070004400,518705249#4,3
1070004400,518705249#5,4
1070004400,518705249#6,5
1070004400,518705249#7,6
1070004400,518705249#8,7
1070004400,518705249#9,8
1070004400,518705249#10,9
1070004500,518702967#0,0
1070004500,518702967#1,1
1070004500,518702967#2,2
1070004600,-183521163#0,0
1070004600,-518702967#2,1
1070004600,-518702967#1,2
1070004600,-518702967#0,3
1070004700,183521064,0
1070004700,1455536609,1
1070004700,1455536618,2
1070004700,1455536617#0,3
1070004700,1455536617#1,4
1070004700,1455536617#2,5
1070004700,1455536617#3,6
1070004700,1455536617#4,7
1070004700,1455536617#5,8
1070004700,1455536617#6,9
1070004700,-1454595855#3,10
1070004700,-1454595855#2,11
1070004700,-1454595855#1,12
1070004700,-1454595855#0,13
1070004800,1454595855#0,0
1070004800,1454595855#1,1
1070004800,1454595855#2,2
1070004800,1454595855#3,3
1070004800,-1455536617#6,4
1070004800,-1455536617#5,5
1070004800,-1455536617#4,6
1070004800,-1455536617#3,7
1070004800,-1455536617#2,8
1070004800,-1455536617#1,9
1070004800,-1455536617#0,10
1070004800,-1455536618,11
1070004800,632698281#0,12
1070004900,629928374#0,0
1070004900,629928374#1,1
1070005000,-448204368#2,0
1070005000,518705250#0,1
1070005000,518705250#1,2
1070005000,518705250#2,3
1070005000,518705250#3,4
1070005000,518705250#4,5
1070005000,518705250#5,6
1070005000,518705250#6,7
1070005000,518705250#7,8
1070005000,518705250#8,9
1070005000,518705250#9,10
1070005000,183521084#0,11
1070005500,518701059#0,0
1070005500,518701059#1,1
1070005500,518701059#2,2
1070005600,-518701059#2,0
1070005600,-518701059#1,1
1070005600,-518701059#0,2
1070005600,183521092#0,3
1070005700,180192152#1,0
1070005700,183521107#0,1
1070005700,183521107#1,2
1070005700,183521107#2,3
1070005700,183521107#3,4
1070005700,183521107#4,5
1070005700,183521107#6,6
1070005800,-183521107#6,0
1070005800,-183521107#4,1
1070005800,-183521107#3,2
1070005800,-183521107#2,3
1070005800,-183521107#1,4
1070005800,-183521107#0,5
1070005900,459488062,0
1070006000,-183521084#0,0
1070006000,518705250#10,1
1070006000,518705250#11,2
1070006000,518705250#12,3
1070006000,518705250#13,4
1070006000,26271772#0,5
1070006300,1391302389,0
1070006300,218647840#0,1
1070006300,218647840#1,2
1070006300,536149423,3
1070006300,536149384#0,4
1070006300,536149384#1,5
1070006300,536149384#2,6
1070006300,536149384#3,7
1070006300,536149379,8
1070006300,536149370,9
1070006300,536149361#0,10
1070006300,536149361#1,11
1070006300,536149361#2,12
1070006300,536149361#3,13
1070006300,536149361#4,14
1070006300,536149361#5,15
1070006300,632698279#0,16
1070006400,183521064,0
1070006400,1455536610#1,1
1070006400,1455536610#2,2
1070006400,1455536612#0,3
1070006400,1455536612#1,4
1070006400,1455536612#2,5
1070006400,1455536610#8,6
1070006400,518702435#0,7
1070006400,518702435#1,8
1070006400,536149388,9
1070006400,536149407#0,10
1070006400,536149407#1,11
1070006400,1391302387,12
1070006700,1391302387,0
1070006700,-1455537633,1
1070006700,-183521079,2
1070006700,-183521078,3
1070006700,180192152#0,4
1070006700,180192152#1,5
1070006800,-180192152#1,0
1070006800,-180192152#0,1
1070006800,183521078,2
1070006800,183521079,3
1070006800,1455537633,4
1070006800,218647841#0,5
1070007100,1069458459#0,0
1070007100,1069458459#1,1
1070007100,536149445#0,2
1070007100,536149445#1,3
1070007100,536149447#1,4
1070007100,536149447#2,5
1070007100,-183521169,6
1070007200,183521169,0
1070007200,540235865#0,1
1070007200,540235865#1,2
1070007200,540235865#2,3
1070007200,540235865#3,4
1070007200,-536149445#1,5
1070007200,-536149445#0,6
1070007200,-1069458460,7
1070007300,-183521113,0
1070007300,27186878,1
1070007300,668991972#0,2
1070007300,668991972#1,3
1070007300,668991972#2,4
1070007300,668991972#3,5
1070007300,668991972#4,6
1070007300,668991972#5,7
1070007300,668991972#6,8
1070007300,1532869454,9
1070007300,518701058#0,10
1070007300,518701058#1,11
1070007300,518701058#2,12
1070007300,518701058#3,13
1070007300,518701058#5,14
1070007300,1455536608#0,15
1070007300,1455536608#1,16
1070007300,1455536616,17
1070007400,632698279#0,0
1070007400,632698279#1,1
1070007400,1455536607#0,2
1070007400,1455536607#1,3
1070007400,518701055#0,4
1070007400,518701055#1,5
1070007400,518701055#2,6
1070007400,518701057#0,7
1070007400,381081066#0,8
1070007400,381081066#2,9
1070007400,-381081170,10
1070007400,-779710379#1,11
1070007400,518701057#2,12
1070007400,518701057#3,13
1070007400,381080918#0,14
1070007400,381080918#1,15
1070007400,381080918#2,16
1070007400,518701057#5,17
1070007400,518701057#6,18
1070007400,518701057#7,19
1070007400,183521113,20
1070007400,37401394#0,21
1070007500,1496591683#3,0
1070007500,1496591684#0,1
1070007500,1496591684#2,2
1070007500,1496591684#3,3
1070007500,1496591684#4,4
1070007500,1496591684#5,5
1070007500,1496591684#6,6
1070007500,1496591684#7,7
1070007700,1069458458,0
1070007700,540235869,1
1070007700,536149360#0,2
1070007700,536149360#1,3
1070007700,536149360#2,4
1070007700,536149360#3,5
1070007800,218647841#0,0
1070007800,218647841#1,1
1070007800,218647841#2,2
1070007800,218647841#3,3
1070007800,1069458459#0,4
1070007800,1069458459#1,5
1070008100,1147954124,0
1070008200,-183521247#0,0
1070008200,-518702429#2,1
1070008200,-518702429#0,2
1070008500,183521066#0,0
1070008500,183521066#1,1
1070008500,183521066#2,2
1070008500,183521066#3,3
1070008500,183521066#4,4
1070008500,183521066#5,5
1070008500,183521066#8,6
1070008500,183521066#9,7
1070008500,1455538686#0,8
1070008500,1455538686#1,9
1070008600,1459747340#0,0
1070008600,1459747340#1,1
1070008600,1539122302#0,2
1070008600,1539122302#1,3
1070008600,540235870#3,4
1070008600,540235870#4,5
1070008600,1492450443,6
1070008600,1492450445#0,7
1070008600,1492450445#1,8
1070008700,261995707#5,0
1070008700,-518702965#13,1
1070008700,-518702965#12,2
1070008700,-518702965#11,3
1070008700,-518702965#9,4
1070008700,-518702965#8,5
1070008700,-518702965#7,6
1070008700,-518702965#6,7
1070008700,-518702965#5,8
1070008700,-518702965#4,9
1070008700,-518702965#3,10
1070008700,-518702965#2,11
1070008700,-518702965#1,12
1070008700,-518702965#0,13
1070008700,-183521112#2,14
1070008700,668991973,15
1070008800,183521112#0,0
1070008800,183521112#2,1
1070008800,518702965#0,2
1070008800,518702965#1,3
1070008800,518702965#2,4
1070008800,518702965#3,5
1070008800,518702965#4,6
1070008800,518702965#5,7
1070008800,518702965#6,8
1070008800,518702965#7,9
1070008800,518702965#8,10
1070008800,518702965#9,11
1070008800,518702965#11,12
1070008800,518702965#12,13
1070008800,518702965#13,14
1070009100,183272437#0,0
1070009100,183272437#1,1
1070009100,-37402230#11,2
1070009100,-37402230#10,3
1070009100,-37402230#9,4
1070009100,-37402230#8,5
1070009100,-37402230#7,6
1070009100,-37402230#6,7
1070009100,-37402230#5,8
1070009100,-37402230#4,9
1070009100,-37402230#3,10
1070009100,-37402230#2,11
1070009100,-37402230#1,12
1070009100,-37402230#0,13
1070009200,-1496591683#3,0
1070009200,37402230#0,1
1070009200,37402230#1,2
1070009200,37402230#2,3
1070009200,37402230#3,4
1070009200,37402230#4,5
1070009200,37402230#5,6
1070009200,37402230#6,7
1070009200,37402230#7,8
1070009200,37402230#8,9
1070009200,37402230#9,10
1070009200,37402230#10,11
1070009200,37402230#11,12
1070009200,535722776,13
1070009200,1028953203,14
1070009300,1539122297#1,0
1070009300,183521068#1,1
1070009300,183521066#0,2
1070009400,1492450445#2,0
1070009400,1539122301#0,1
1070009500,-635356833#3,0
1070009500,-635356833#2,1
1070009500,-635356833#1,2
1070009500,-635356833#0,3
1070009500,-1455538687#9,4
1070009500,-1455538687#8,5
1070009500,-1455538687#7,6
1070009500,-1455538687#5,7
1070009500,-1455538687#4,8
1070009500,-1455538687#3,9
1070009500,-1455538687#2,10
1070009500,-1455538687#1,11
1070009500,-1455538687#0,12
1070009500,-37401789,13
1070009600,37401789,0
1070009600,1455538687#0,1
1070009600,1455538687#1,2
1070009600,1455538687#2,3
1070009600,1455538687#3,4
1070009600,1455538687#4,5
1070009600,1455538687#5,6
1070009600,1455538687#7,7
1070009600,1455538687#8,8
1070009600,1455538687#9,9
1070009600,635356833#0,10
1070009600,635356833#1,11
1070009600,635356833#2,12
1070009600,635356833#3,13
1070010300,539135854#4,0
1070010300,573169790#0,1
1070010300,573169790#1,2
1070010300,573169793,3
1070010300,573169794#0,4
1070010300,573169794#1,5
1070010300,573169794#2,6
1070010300,573169794#3,7
1070010300,563109707#0,8
1070010300,563109707#1,9
1070010300,563109707#2,10
1070010300,518962606#0,11
1070010300,518962606#1,12
1070010300,518962606#2,13
1070010300,518962607#0,14
1070010300,518962607#1,15
1070010300,563109702#0,16
1070010300,563109702#1,17
1070010300,563109702#2,18
1070010300,563109702#4,19
1070010300,563109702#5,20
1070010300,563109702#7,21
1070010300,1528816939#0,22
1070010300,1528816939#1,23
1070010300,1528816939#2,24
1070010300,1496591683#0,25
1070010300,1496591683#1,26
1070010300,1496591683#2,27
1070010400,-1496591683#2,0
1070010400,-1496591683#1,1
1070010400,-1496591683#0,2
1070010400,-1528816939#2,3
1070010400,-1528816939#1,4
1070010400,-1528816939#0,5
1070010400,-563109702#7,6
1070010400,-563109702#5,7
1070010400,-563109702#4,8
1070010400,-563109702#2,9
1070010400,-563109702#1,10
1070010400,-563109702#0,11
1070010400,-518962607#1,12
1070010400,-518962607#0,13
1070010400,-518962606#2,14
1070010400,-518962606#1,15
1070010400,-518962606#0,16
1070010400,-563109707#2,17
1070010400,-563109707#1,18
1070010400,-563109707#0,19
1070010400,-573169794#3,20
1070010400,-573169794#2,21
1070010400,-573169794#1,22
1070010400,-573169794#0,23
1070010400,-573169793,24
1070010400,-573169790#1,25
1070010400,-573169790#0,26
1070010400,-448704565,27
1070010500,820363545#1,0
1070010500,820363545#2,1
1070010500,820363545#3,2
1070010500,820363545#4,3
1070010500,820363545#5,4
1070010500,820363545#6,5
1070010600,-820363545#6,0
1070010600,-820363545#5,1
1070010600,-820363545#4,2
1070010600,-820363545#3,3
1070010600,-820363545#2,4
1070010600,-820363545#1,5
1070010700,-635356835#0,0
1070010700,-1419371349#3,1
1070010700,-1419371349#2,2
1070010700,-1419371349#1,3
1070010700,-1419371349#0,4
1070010700,-1419371350,5
1070010700,-820363545#12,6
1070010700,-820363545#11,7
1070010700,-820363545#10,8
1070010700,-820363545#9,9
1070010700,-820363545#8,10
1070010700,-820363545#7,11
1070010800,820363545#7,0
1070010800,820363545#8,1
1070010800,820363545#9,2
1070010800,820363545#10,3
1070010800,820363545#11,4
1070010800,820363545#12,5
1070010800,1419371350,6
1070010800,1419371349#0,7
1070010800,1419371349#1,8
1070010800,1419371349#2,9
1070010800,1419371349#3,10
1070010800,-635356833#3,11
1070010900,635356833#3,0
1070010900,635356834#0,1
1070010900,635356834#1,2
1070010900,635356834#2,3
1070010900,635356834#3,4
1070010900,635356834#4,5
1070010900,635356834#5,6
1070010900,635356834#6,7
1070010900,635356834#7,8
1070010900,1530928390#0,9
1070010900,-1530928392,10
1070010900,183521068#0,11
1070011000,37400588#4,0
1070011000,37400588#5,1
1070011000,1530928392,2
1070011000,183521067#1,3
1070011000,183521067#2,4
1070011000,183521067#3,5
1070011000,-635356834#7,6
1070011000,-635356834#6,7
1070011000,-635356834#5,8
1070011000,-635356834#4,9
1070011000,-635356834#3,10
1070011000,-635356834#2,11
1070011000,-635356834#1,12
1070011000,-635356834#0,13
1070011100,664389978,0
1070011100,801428774#0,1
1070011100,801428774#1,2
1070011100,536149452,3
1070011100,37400588#0,4
1070011100,37400588#1,5
1070011100,37400588#2,6
1070011100,37400588#3,7
1070011100,37400588#4,8
1070011100,37400588#5,9
1070011200,1539122301#0,0
1070011200,1539122301#1,1
1070011200,1069458452#3,2
1070011200,1069458452#4,3
1070011200,1069458452#5,4
1070011200,1069458452#6,5
1070011200,1069458452#7,6
1070011200,1069458453,7
1070011700,183272440#3,0
1070011700,183272438-AddedOnRampEdge,1
1070011700,183272438,2
1070011700,37402127#0,3
1070011700,37402127#1,4
1070011700,1028953202,5
1070011800,219054277#0,0
1070011800,219054277#1,1
1070011800,704467806#0,2
1070011800,704467806#1,3
1070011800,219054276,4
1070011800,1534267660,5
1070011800,535722777,6
1070011800,779506247,7
1070011800,1534267661,8
1070012100,628899677#0,0
1070012100,-700433853#0,1
1070012100,-976309329,2
1070012100,-635356835#5,3
1070012100,-635356835#4,4
1070012100,-635356835#3,5
1070012100,-635356835#2,6
1070012100,-635356835#1,7
1070012100,-635356835#0,8
1070012100,-1419371349#3,9
1070012200,635356835#0,0
1070012200,635356835#1,1
1070012200,635356835#2,2
1070012200,635356835#3,3
1070012200,635356835#4,4
1070012200,635356835#5,5
1070012200,976309329,6
1070012200,700433853#0,7
1070012200,1389567234#0,8
1070012300,400120973#2,0
1070012400,399174157#1,0
1070012600,415336553,0
1070012600,518796200#0,1
1070012600,518796200#1,2
1070012600,537813376,3
1070012600,669609356,4
1070012600,1211909480#7,5
1070012600,1211909480#8,6
1070012700,1069458450,0
1070012700,1455540413#0,1
1070012700,1455540413#1,2
1070012700,183521063#0,3
1070012700,183521063#1,4
1070012700,183521063#2,5
1070012700,183521063#3,6
1070012700,518780122#0,7
1070012700,518780122#1,8
1070012700,616217914#0,9
1070012700,616217914#1,10
1070012700,664389978,11
1070012800,1069458453,0
1070012800,1209313353#0-AddedOnRampEdge,1
1070012800,1209313353#0,2
1070012800,1069458443#0,3
1070012800,1069458443#1,4
1070012800,1209313353#4,5
1070012800,1209313353#5,6
1070012800,1069458450,7
1070012900,1209313353#5,0
1070012900,-573169795#4,1
1070012900,-573169795#3,2
1070012900,-573169795#2,3
1070012900,-573169795#1,4
1070012900,218655245#0,5
1070013000,219095464#4,0
1070013000,573169795#1,1
1070013000,1069458451#0,2
1070013000,1069458451#1,3
1070013100,400120973#2,0
1070013200,399174157#1,0
1070013300,976309330#4,0
1070013300,976309330#5,1
1070013300,976309330#6,2
1070013300,976309330#7,3
1070013300,976309330#8,4
1070013300,976312216#0,5
1070013400,1455063479#0,0
1070013400,1455063479#3,1
1070013400,1455063479#4,2
1070013400,1455063479#5,3
1070013400,1455063479#6,4
1070013400,1455063479#7,5
1070013400,1455063479#8,6
1070013700,617286974,0
1070013700,1528761960,1
1070013700,519304013#0,2
1070013700,519304013#1,3
1070013700,519304013#2,4
1070013700,519304013#3,5
1070013700,519304013#4,6
1070013700,519304013#5,7
1070013700,-183521196#5,8
1070013700,-183521196#4,9
1070013700,-183521196#3,10
1070013700,-183521196#2,11
1070013700,-183521196#1,12
1070013700,-539134822,13
1070013700,-573169792,14
1070013700,448704565,15
1070013800,-448704565,0
1070013800,573169792,1
1070013800,539134822,2
1070013800,183521196#1,3
1070013800,183521196#2,4
1070013800,183521196#3,5
1070013800,183521196#4,6
1070013800,183521196#5,7
1070013800,1528761963#0,8
1070013800,1528761963#1,9
1070013800,1528761963#2,10
1070013800,1528761963#5,11
1070013800,1528761963#6,12
1070013800,1528761963#7,13
1070013800,617286974,14
1070013900,617286974,0
1070013900,1455541230#0,1
1070013900,1455541230#1,2
1070013900,1455541230#2,3
1070013900,519304014#0,4
1070013900,519304014#1,5
1070013900,1539122286#0,6
1070013900,1539122286#1,7
1070013900,1539122286#2,8
1070013900,37400589#0,9
1070013900,37400589#1,10
1070013900,37400589#2,11
1070013900,37400589#3,12
1070013900,37400589#4,13
1070013900,37400589#5,14
1070013900,37400589#6,15
1070014000,1069458451#0,0
1070014000,1069458451#1,1
1070014000,1069452218#1,2
1070014000,1069452218#2,3
1070014000,1069452218#3,4
1070014000,1539122287#0,5
1070014000,1539122287#1,6
1070014000,1069452218#7,7
1070014000,1069452218#8,8
1070014000,1069452218#9,9
1070014000,1069452218#10,10
1070014000,1069452218#11,11
1070014000,1539122285#0,12
1070014000,1539122285#1,13
1070014000,1528761960,14
1070014000,617286974,15
1070014700,37402584#6,0
1070014700,976309330#1,1
1070014700,976309330#2,2
1070014700,976309330#3,3
1070014700,976309330#4,4
1070014800,1455063477,0
1070014800,1455063478,1
1070014800,37402584#0,2
1070014800,37402584#1,3
1070014800,37402584#2,4
1070014800,37402584#3,5
1070014800,37402584#4,6
1070014800,37402584#5,7
1070014800,37402584#6,8
1070014800,-518709394#9,9
1070014900,219054274#0,0
1070014900,219054274#1,1
1070014900,219054274#2,2
1070014900,219054274#3,3
1070014900,219054274#4,4
1070014900,219054274#5,5
1070014900,219054274#6,6
1070014900,219054274#7,7
1070014900,219054274#8,8
1070014900,219054274#9,9
1070014900,219054274#10,10
1070014900,219054274#11,11
1070014900,219054274#12,12
1070014900,219054274#13,13
1070014900,219054274#15,14
1070014900,219054274#16,15
1070014900,219054274#17,16
1070014900,219054274#18,17
1070014900,914621831#0,18
1070014900,914621831#1,19
1070014900,914621831#2,20
1070015000,914604025#0,0
1070015000,914604025#1,1
1070015000,-219054274#19,2
1070015000,-219054274#18,3
1070015000,-219054274#17,4
1070015000,-219054274#16,5
1070015000,-219054274#15,6
1070015000,-219054274#13,7
1070015000,-219054274#12,8
1070015000,-219054274#11,9
1070015000,-219054274#10,10
1070015000,-219054274#9,11
1070015000,-219054274#8,12
1070015000,-219054274#7,13
1070015000,-219054274#6,14
1070015000,-219054274#5,15
1070015000,-219054274#4,16
1070015000,-219054274#3,17
1070015000,-219054274#2,18
1070015000,-219054274#1,19
1070015000,-219054274#0,20
1070015100,37402584#7,0
1070015100,37402584#8,1
1070015100,37402584#9,2
1070015200,538108333#1,0
1070015200,538108333#2,1
1070015200,538108333#3,2
1070015200,976309330#0,3
1070015300,535711085#17,0
1070015300,520307307#1,1
1070015300,520307307#2,2
1070015300,218799087#1,3
1070015300,218799087#2,4
1070015300,218799087#3,5
1070015300,218799087#4,6
1070015300,218799087#5,7
1070015300,218799087#7,8
1070015300,218799087#8,9
1070015300,218799087#9,10
1070015300,218799087#11,11
1070015300,218799087#12,12
1070015300,218799087#13,13
1070015300,218799087#14,14
1070015400,-37401320#0,0
1070015400,-218799087#14,1
1070015400,-218799087#13,2
1070015400,-218799087#12,3
1070015400,-218799087#11,4
1070015400,-218799087#9,5
1070015400,-218799087#8,6
1070015400,-218799087#7,7
1070015400,-218799087#5,8
1070015400,-218799087#4,9
1070015400,-218799087#3,10
1070015400,-218799087#2,11
1070015400,-218799087#1,12
1070015400,-520307307#2,13
1070015400,-520307307#1,14
1070015400,219054275#1,15
1070015500,1127921499#4,0
1070015500,1127921505,1
1070015500,-1127921498#1,2
1070015500,-1127921498#0,3
1070015500,-801008456#3,4
1070015600,801008456#3,0
1070015600,1127921498#0,1
1070015600,1127921498#1,2
1070015600,1127921504,3
1070015600,1127921499#6,4
1070015700,-518709822#4,0
1070015700,-518709822#3,1
1070015700,-518709822#1,2
1070015700,-518709822#0,3
1070015700,-518709396#2,4
1070015700,-518709396#1,5
1070015700,-518709396#0,6
1070015700,-617286516#8,7
1070015700,-617286516#7,8
1070015700,-617286516#6,9
1070015700,-617286516#5,10
1070015700,-617286516#4,11
1070015700,-617286516#3,12
1070015700,-617286516#2,13
1070015700,-617286516#1,14
1070015700,-617286516#0,15
1070015700,1455063479#0,16
1070015800,1389567236#5,0
1070015800,617286516#0,1
1070015800,617286516#1,2
1070015800,617286516#2,3
1070015800,617286516#3,4
1070015800,617286516#4,5
1070015800,617286516#5,6
1070015800,617286516#6,7
1070015800,617286516#7,8
1070015800,617286516#8,9
1070015800,518709396#0,10
1070015800,518709396#1,11
1070015800,518709396#2,12
1070015800,518709822#0,13
1070015800,518709822#1,14
1070015800,518709822#3,15
1070015800,518709822#4,16
1070015800,183521120#0,17
1070015900,518807040#15,0
1070015900,518807040#16,1
1070015900,518807040#18,2
1070015900,518807040#20,3
1070015900,518807040#21,4
1070015900,518807040#22,5
1070015900,518807040#23,6
1070015900,518807040#24,7
1070015900,518807040#25,8
1070015900,518807040#26,9
1070016000,-518807040#26,0
1070016000,-518807040#25,1
1070016000,-518807040#24,2
1070016000,-518807040#23,3
1070016000,-518807040#22,4
1070016000,-518807040#21,5
1070016000,-518807040#20,6
1070016000,-518807040#18,7
1070016000,-518807040#16,8
1070016000,-518807040#15,9
1070016000,-37400306#9,10
1070016100,629055193#0,0
1070016100,629055193#1,1
1070016100,629055193#2,2
1070016100,629055193#3,3
1070016100,538108338#0,4
1070016100,1530928434,5
1070016100,629055193#5,6
1070016100,629055193#6,7
1070016100,629055193#7,8
1070016100,538108333#0,9
1070016100,628900161#1,10
1070016100,37402584#11,11
1070016200,37402584#11,0
1070016200,37402584#12,1
1070016200,37402584#13,2
1070016200,37402584#13-AddedOffRampEdge,3
1070016200,37402584#14,4
1070016200,1455063474#0,5
1070016200,1455063474#1,6
1070016200,37402584#17,7
1070016200,1471626821#0,8
1070016200,1471626821#1,9
1070016301,-518807041#3,0
1070016301,-518807041#1,1
1070016301,-414896138,2
1070016301,414896139#1,3
1070016301,414896139#2,4
1070016301,414896139#3,5
1070016301,542790323#0,6
1070016302,-218647396#0,0
1070016302,-518807041#13,1
1070016302,-518807041#12,2
1070016302,-518807041#11,3
1070016302,-518807041#10,4
1070016302,-518807041#9,5
1070016302,-518807041#8,6
1070016302,-518807041#7,7
1070016302,-518807041#6,8
1070016302,-518807041#5,9
1070016302,-518807041#4,10
1070016302,-518796239#1,11
1070016401,518807043#1,0
1070016401,183272432#1,1
1070016401,518807041#0,2
1070016401,518807041#1,3
1070016401,518807041#3,4
1070016402,-260067415#0,0
1070016402,518807041#4,1
1070016402,518807041#5,2
1070016402,518807041#6,3
1070016402,518807041#7,4
1070016402,518807041#8,5
1070016402,518807041#9,6
1070016402,518807041#10,7
1070016402,518807041#11,8
1070016402,518807041#12,9
1070016402,518807041#13,10
1070016402,-37402533#6,11
1070016500,219054273#0,0
1070016500,219054273#1,1
1070016500,219054273#2,2
1070016500,219054273#3,3
1070016500,219054273#4,4
1070016500,1528761966#0,5
1070016500,1528761966#1,6
1070016500,1528761966#2,7
1070016500,1528761962#0,8
1070016500,1528761962#1,9
1070016500,617286974,10
1070016500,1528761960,11
1070016500,518780124#0,12
1070016600,1528761962#1,0
1070016600,617286974,1
1070016600,1528761960,2
1070016600,1528761965#0,3
1070016600,1528761965#1,4
1070016600,-219054273#4,5
1070016600,-219054273#3,6
1070016600,-219054273#2,7
1070016600,-219054273#1,8
1070016600,-219054273#0,9
1070016900,-183521076,0
1070016900,-538081779,1
1070016900,-415667973#1,2
1070016900,-415667973#0,3
1070016900,-415667974,4
1070016900,-393793274#1,5
1070016900,-393793274#0,6
1070016900,518709394#0,7
1070016900,518709394#1,8
1070016900,518709394#2,9
1070016900,518709394#3,10
1070016900,518709394#4,11
1070016900,518709394#5,12
1070016900,518709394#6,13
1070016900,518709394#7,14
1070016900,518709394#8,15
1070016900,518709394#9,16
1070017000,-518709394#9,0
1070017000,-518709394#8,1
1070017000,-518709394#7,2
1070017000,-518709394#6,3
1070017000,-518709394#5,4
1070017000,-518709394#4,5
1070017000,-518709394#3,6
1070017000,-518709394#2,7
1070017000,-518709394#1,8
1070017000,-518709394#0,9
1070017000,393793274#0,10
1070017000,393793274#1,11
1070017000,415667974,12
1070017000,415667973#0,13
1070017000,415667973#1,14
1070017000,538081779,15
1070017400,37400589#6,0
1070017400,37401109#0,1
1070017400,37401109#1,2
1070017400,37401109#2,3
1070017400,37401109#3,4
1070017400,37401109#4,5
1070017400,37401109#5,6
1070017400,37401109#6,7
1070017400,37401109#7,8
1070017400,37401109#8,9
1070017400,37401109#9,10
1070017400,37401109#10,11
1070017400,519304016#0,12
1070017400,519304016#1,13
1070017400,519304016#2,14
1070017400,519304016#3,15
1070017400,519304016#4,16
1070017400,519304016#5,17
1070017400,218681381#0,18
1070017700,219054275#9,0
1070017700,518807040#7,1
1070017700,518807040#8,2
1070017700,518807040#9,3
1070017700,518807040#10,4
1070017700,518807040#11,5
1070017700,518807040#12,6
1070017700,518807040#13,7
1070017700,518807040#14,8
1070017800,216881807#7,0
1070017800,-518807040#14,1
1070017800,-518807040#13,2
1070017800,-518807040#12,3
1070017800,-518807040#11,4
1070017800,-518807040#10,5
1070017800,-518807040#9,6
1070017800,-518807040#8,7
1070017800,-518807040#7,8
1070017800,518807022#0,9
1070017900,-37402533#1,0
1070017900,-37400153#4,1
1070017900,-37400153#3,2
1070017900,-37400153#2,3
1070017900,-37400153#1,4
1070017900,183272409#0,5
1070018000,518807039#6,0
1070018000,37400153#1,1
1070018000,37400153#2,2
1070018000,37400153#3,3
1070018000,37400153#4,4
1070018000,-37402533#0,5
1070018200,1127921501,0
1070018200,801008455#0,1
1070018200,801008455#1,2
1070018200,801008455#2,3
1070018200,801008455#3,4
1070018200,801008455#7,5
1070018200,801008455#8,6
1070018200,519943894#1,7
1070018200,519943894#2,8
1070018400,1539122285#2,0
1070018400,518780124#1,1
1070018400,518780124#2,2
1070018400,921278983#0,3
1070018400,921278983#1,4
1070018400,921278983#2,5
1070018400,518780123#0,6
1070018400,518780123#1,7
1070018400,518780123#2,8
1070018400,518780123#3,9
1070018400,1069861682#0,10
1070018400,1069861682#2,11
1070018400,921278985,12
1070018400,519304020#1,13
1070018500,-37400153#5,0
1070018500,37402533#1,1
1070018500,37402533#2,2
1070018500,37402533#3,3
1070018500,37402533#4,4
1070018500,37402533#5,5
1070018500,37402533#6,6
1070018600,518807041#13,0
1070018600,-37402533#6,1
1070018600,-37402533#5,2
1070018600,-37402533#4,3
1070018600,-37402533#3,4
1070018600,-37402533#2,5
1070018600,-37402533#1,6
1070018700,-218647397#0,0
1070018700,218647396#0,1
1070018700,218647396#1,2
1070018700,218647396#2,3
1070018700,218647396#3,4
1070018700,218647396#4,5
1070018700,218647396#5,6
1070018700,218647396#7,7
1070018700,218647396#9,8
1070018700,218647396#10,9
1070018700,218647396#11,10
1070018700,218647396#13,11
1070018700,218647396#14,12
1070018700,218647396#15,13
1070018700,218647396#17,14
1070018700,518958915#0,15
1070018700,518958915#1,16
1070018700,518958915#2,17
1070018700,518958915#3,18
1070018700,518958915#4,19
1070018700,518958915#6,20
1070018700,518958915#7,21
1070018700,518958915#8,22
1070018700,518958915#9,23
1070018700,518958915#11,24
1070018700,518958915#12,25
1070018700,518958915#13,26
1070018700,-519292263#2,27
1070018800,-518958915#13,0
1070018800,-518958915#12,1
1070018800,-518958915#11,2
1070018800,-518958915#9,3
1070018800,-518958915#8,4
1070018800,-518958915#7,5
1070018800,-518958915#6,6
1070018800,-518958915#4,7
1070018800,-518958915#3,8
1070018800,-518958915#2,9
1070018800,-518958915#1,10
1070018800,-518958915#0,11
1070018800,-218647396#17,12
1070018800,-218647396#15,13
1070018800,-218647396#14,14
1070018800,-218647396#13,15
1070018800,-218647396#11,16
1070018800,-218647396#10,17
1070018800,-218647396#9,18
1070018800,-218647396#7,19
1070018800,-218647396#5,20
1070018800,-218647396#4,21
1070018800,-218647396#3,22
1070018800,-218647396#2,23
1070018800,-218647396#1,24
1070018800,-218647396#0,25
1070018900,183521095#0,0
1070019000,183521097#1,0
1070019100,-1479671379#1,0
1070019100,-1479671379#0,1
1070019100,-736707764,2
1070019100,-168369487,3
1070019100,1479671378,4
1070019100,1479671380,5
1070019100,-518958916,6
1070019100,518807040#0,7
1070019100,518807040#1,8
1070019100,518807040#2,9
1070019100,518807040#3,10
1070019100,518807040#5,11
1070019200,183521249#3,0
1070019200,-518807040#5,1
1070019200,-518807040#3,2
1070019200,-518807040#2,3
1070019200,-518807040#1,4
1070019200,-518807040#0,5
1070019200,518958916,6
1070019200,-1479671380,7
1070019200,-1479671378,8
1070019200,168369487,9
1070019200,736707764,10
1070019200,1479671379#0,11
1070019200,1479671379#1,12
1070019301,380291625#8,0
1070019301,-218647397#8,1
1070019301,-218647397#7,2
1070019301,-218647397#6,3
1070019301,-218647397#5,4
1070019301,-218647397#4,5
1070019301,-218647397#2,6
1070019301,-218647397#1,7
1070019301,-218647397#0,8
1070019302,-218779908#0,0
1070019302,-218647397#11,1
1070019302,-218647397#10,2
1070019302,-218647397#9,3
1070019401,218647397#0,0
1070019401,218647397#1,1
1070019401,218647397#2,2
1070019401,218647397#4,3
1070019401,218647397#5,4
1070019401,218647397#6,5
1070019401,218647397#7,6
1070019401,218647397#8,7
1070019402,380270711#6,0
1070019402,218647397#9,1
1070019402,218647397#10,2
1070019402,218647397#11,3
1070019500,218647397#11,0
1070019500,-37400153#19,1
1070019500,-37400153#18,2
1070019500,-37400153#17,3
1070019500,-37400153#16,4
1070019500,-37400153#15,5
1070019500,-37400153#14,6
1070019500,-37400153#13,7
1070019500,-37400153#12,8
1070019500,-37400153#11,9
1070019500,-37400153#10,10
1070019500,-37400153#9,11
1070019500,-37400153#8,12
1070019500,-37400153#6,13
1070019500,-37400153#5,14
1070019600,37402533#0,0
1070019600,37400153#5,1
1070019600,37400153#6,2
1070019600,37400153#8,3
1070019600,37400153#9,4
1070019600,37400153#10,5
1070019600,37400153#11,6
1070019600,37400153#12,7
1070019600,37400153#13,8
1070019600,37400153#14,9
1070019600,37400153#15,10
1070019600,37400153#16,11
1070019600,37400153#17,12
1070019600,37400153#18,13
1070019600,37400153#19,14
1070019700,-1479671378,0
1070019700,-803506243,1
1070019700,937503408#0,2
1070019700,937503408#1,3
1070019700,937503408#2,4
1070019700,937503408#3,5
1070019700,937503408#4,6
1070019700,37402533#0,7
1070019800,37400153#4,0
1070019800,-37402533#0,1
1070019800,-937503408#4,2
1070019800,-937503408#3,3
1070019800,-937503408#2,4
1070019800,-937503408#1,5
1070019800,-937503408#0,6
1070019800,803506243,7
1070019800,1479671378,8
1070020100,-824655022#6,0
1070020100,-824655022#5,1
1070020100,-824655022#4,2
1070020100,-824655022#1,3
1070020100,-824655022#0,4
1070020100,-518709393,5
1070020100,-538081780#5,6
1070020100,-538081780#4,7
1070020100,-538081780#3,8
1070020100,-538081780#2,9
1070020100,-538081780#1,10
1070020100,-538081780#0,11
1070020100,-183521076,12
1070020200,-183521120#0,0
1070020200,183521076,1
1070020200,538081780#0,2
1070020200,538081780#1,3
1070020200,538081780#2,4
1070020200,538081780#3,5
1070020200,538081780#4,6
1070020200,538081780#5,7
1070020200,518709393,8
1070020200,824655022#0,9
1070020200,824655022#1,10
1070020200,824655022#4,11
1070020200,824655022#5,12
1070020200,824655022#6,13
1070020400,183521120#0,0
1070020400,183521120#1,1
1070020400,415667972#0,2
1070020400,415667972#1,3
1070020400,415667971#0,4
1070020400,415667971#1,5
1070020400,481779209#0,6
1070020400,481779209#1,7
1070020400,481779209#2,8
1070020400,481779209#3,9
1070020400,481779209#4,10
1070020400,536369056,11
1070020400,380312333,12
1070020400,481779210#1,13
1070020400,519313935,14
1070020600,218779908#0,0
1070020600,218779908#1,1
1070020600,218779908#2,2
1070020600,218779908#3,3
1070020600,218779908#4,4
1070020600,518959786#0,5
1070020600,518959786#1,6
1070020701,-916055955#3,0
1070020701,-916055955#2,1
1070020701,-916055955#1,2
1070020701,1517880569#1,3
1070020702,-218779910#1,0
1070020702,1389983443#0,1
1070020703,218779911,0
1070020703,-218779910#3,1
1070020703,-218779910#2,2
1070020801,-37400153#19,0
1070020801,1517880569#0,1
1070020801,916055955#1,2
1070020801,916055955#2,3
1070020801,916055955#3,4
1070020802,218779910#0,0
1070020802,218779910#1,1
1070020803,218779910#2,0
1070020803,218779910#3,1
1070020803,-218779911,2
1070020900,505438085#11,0
1070021000,-505438085#11,0
1070021200,1479671379#1,0
1070021200,-1286495051,1
1070021200,-1286495052,2
1070021200,-518959782,3
1070021200,414744248,4
1070021200,915035148#0,5
1070021200,915035148#1,6
1070021200,915035148#2,7
1070021200,915035148#4,8
1070021200,915035148#5,9
1070021200,915035148#6,10
1070021200,915035148#7,11
1070021200,37399354#0,12
1070021200,37399354#1,13
1070021200,37399354#3,14
1070021200,37399354#4,15
1070021200,37399354#5,16
1070021200,37399354#6,17
1070021200,37399354#7,18
1070021300,-219055002#5,0
1070021300,-219055002#4,1
1070021300,-219055002#3,2
1070021300,-219055002#2,3
1070021300,-219055002#1,4
1070021300,-219055002#0,5
1070021300,-218779911,6
1070021400,218779911,0
1070021400,219055002#0,1
1070021400,219055002#1,2
1070021400,219055002#2,3
1070021400,219055002#3,4
1070021400,219055002#4,5
1070021400,219055002#5,6
1070021500,-219055003#0,0
1070021500,-519319010#3,1
1070021500,-519319010#1,2
1070021500,-519319010#0,3
1070021500,-481573080,4
1070021500,-518959776#2,5
1070021500,-518959776#0,6
1070021800,219055002#5,0
1070021800,665555263,1
1070021800,414740177,2
1070021800,414740176#0,3
1070021800,414740176#1,4
1070021800,518959777,5
1070021800,518959784#0,6
1070021800,518959784#1,7
1070022000,-665555263,0
1070022000,219055003#0,1
1070022000,219055003#1,2
1070022000,519304023#0,3
1070022000,519304023#1,4
1080000900,380249127#1,0
1080000900,219054278#1,1
1080000900,219054278#2,2
1080000900,219054278#3,3
1080000900,219054278#4,4
1080000900,219054278#5,5
1080000900,219054278#6,6
1080000900,37401477#0,7
1080001000,-219054273#0,0
1080001000,-219054278#6,1
1080001000,-219054278#5,2
1080001000,-219054278#4,3
1080001000,-219054278#3,4
1080001000,-219054278#2,5
1080001000,-219054278#1,6
1080001000,-219054278#0,7
1080001100,218647394#0,0
1080001100,218647394#1,1
1080001100,218647394#2,2
1080001200,-218647394#2,0
1080001200,-218647394#1,1
1080001200,-218647394#0,2
1080001400,37401477#0,0
1080001400,37401477#1,1
1080001400,37401477#2,2
1080001400,37401477#3,3
1080001400,415395382#0,4
1080001400,415395382#2,5
1080001400,415395382#3,6
1080001400,415395382#4,7
1080001400,415395382#5,8
1080001400,518796234#0,9
1080001400,518796234#1,10
1080001400,518796234#2,11
1080001400,519219577#0,12
1080001600,-518796208#16,0
1080001600,-518796208#15,1
1080001600,-518796208#13,2
1080001600,-518796208#12,3
1080001600,-518796208#11,4
1080001600,-518796208#10,5
1080001600,-518796208#9,6
1080001600,-518796208#8,7
1080001600,-518796208#7,8
1080001600,-518796208#6,9
1080001600,-518796208#4,10
1080001600,-518796208#3,11
1080001600,-518796208#2,12
1080001600,-518796208#1,13
1080001600,-518796208#0,14
1080001800,518958915#13,0
1080001800,-519292263#2,1
1080001800,-519292263#1,2
1080001800,-519292263#0,3
1080001800,-218748689#15,4
1080001800,-218748689#14,5
1080001800,-218748689#13,6
1080001800,-218748689#12,7
1080001800,-218748689#11,8
1080001800,-218748689#10,9
1080001800,-218748689#9,10
1080001800,-218748689#8,11
1080001800,-218748689#6,12
1080001800,-218748689#5,13
1080001800,-218748689#4,14
1080001800,-218748689#2,15
1080001800,-218748689#1,16
1080001800,37402215,17
