HOUR,N_SOURCE_EDGES,N_MISSING,MIN_FACTOR,MEDIAN_FACTOR,MEAN_FACTOR,P95_FACTOR,P99_FACTOR,MAX_FACTOR
~01시,1527,0,1.0,1.197434069850321,1.2449923351348897,1.6674347158218135,2.130362116991644,2.7827868852459012
~02시,1527,0,1.0,1.1286161063330733,1.177671574141319,1.510268562401264,1.823041474654378,2.3065236818588044
~03시,1527,0,1.0,1.1045619701251514,1.1499393652683505,1.5316919853326352,1.8333333333333344,1.8578535891968735
~04시,1527,0,1.0,1.085214187010594,1.1295803627083527,1.441586280814576,1.7090275087175522,2.039001560062403
~05시,1527,0,1.0,1.095501183898974,1.147210298951071,1.5102622576966926,2.0417101147028154,2.229539040451552
~06시,1527,0,1.0,1.1220779220779225,1.1800989379599653,1.5310077519379843,2.1103115050110057,2.146929824561404
~07시,1527,0,1.0,1.1475694444444444,1.2410957386727133,1.76702161987738,2.511066398390343,6.15840893230985
~08시,1527,0,1.0,1.1500000000000001,1.2805358179688557,1.8573240329740026,2.6444672131147553,6.921568627450993
~09시,1527,0,1.0,1.2299433343274686,1.3295339315816372,1.878365831012071,2.5064826432455036,6.4181818181818295
~10시,1527,0,1.0,1.314405010438414,1.4179144951970537,1.9318007662835255,3.0891752577319593,7.673913043478276
~11시,1527,0,1.0,1.4360333080999241,1.5800899927858056,2.1558988764044953,5.47806215722121,13.500000000000012
~12시,1527,0,1.0,1.4482417038137687,1.652039510315207,2.482320942883048,4.969320066334993,20.79000000000002
~13시,1527,0,1.0245398773006118,1.4705904981752775,1.6934049886046294,2.549517966695882,5.895555555555555,15.120000000000015
~14시,1527,0,1.0142111016640338,1.459572248304643,1.5988437736621657,2.4016528925619847,3.712847453952152,6.227946365561055
~15시,1527,0,1.0,1.4063897763578266,1.5034819289882375,2.1203416149068324,2.8446753246753262,6.537037037037048
~16시,1527,0,1.0,1.3778452200303497,1.505918434350748,2.3893263342082243,2.517617901112853,6.660377358490577
~17시,1527,0,1.0103828133881554,1.4202355460385434,1.4868340861062603,2.257529230700025,2.5633546034639942,3.7033151489718916
~18시,1527,0,1.0352550808793035,1.3653696498054473,1.4399790931038439,2.0496124031007747,2.667976424361493,3.896445131375582
~19시,1527,0,1.0,1.3275968039336206,1.3798708119642757,1.8793718772305503,2.278453829634932,3.374832663989293
~20시,1527,0,1.0,1.3097175682144573,1.353707136417103,1.806090739589808,2.1809917355371904,2.5134596211365916
~21시,1527,0,1.0,1.3092186854071934,1.3579871511740487,1.9501992031872513,2.378283712784589,2.488910318225653
~22시,1527,0,1.0208534011472252,1.2832550860719876,1.336397591064872,1.8274616079494133,2.201000834028357,2.7351460221550856
~23시,1527,0,1.0,1.2675092153765142,1.2961283135119441,1.6720594665500663,2.219260533104042,2.7159999999999997
~24시,1527,0,1.0,1.2315882874889086,1.2674569961937086,1.639771283354511,1.9043859649122814,2.25283347863993
