TOPIS_LINK_ID,N_MAPPED_EDGES,N_EDGES_WITH_SUPPORT,N_TOPIS_SAMPLES,N_UNASSIGNED_SAMPLES,UNASSIGNED_RATIO,TOPIS_GEOM_LENGTH,TOPIS_REPORTED_LENGTH,TOTAL_COVERED_SUMO_LENGTH,COVERED_TO_TOPIS_RATIO
1000002500,3,3,932,0,0.0,1861.1574572549127,1861,1846.791894335682,0.9923653381707049
1000016700,2,2,273,0,0.0,543.9720102297629,544,510.4421869897049,0.9383128437310752
1000019300,10,10,285,0,0.0,567.6567210252072,567,479.4902728478641,0.8456618568745399
1000019900,10,10,225,0,0.0,447.1046145254602,447,334.1713251145812,0.7475868570795999
1000020100,13,13,1064,0,0.0,2124.2119096098227,2124,1975.818421119302,0.9302346615439275
1000021200,20,20,2649,0,0.0,5295.28938544651,5290,5167.563309652547,0.976855067987249
1000021700,38,38,1586,0,0.0,3169.6782759253306,3170,2738.373597195122,0.863840251481111
1005002700,4,4,265,0,0.0,527.5043557863182,528,527.9810348374028,0.9999640811314447
1005003300,8,8,208,0,0.0,413.20747553837,413,331.87767259824284,0.8035778997536146
1005003400,1,1,199,0,0.0,395.99995862425163,395,397.313967250979,1.0058581449391872
1005003500,8,8,334,0,0.0,665.5420045067441,666,531.7304916513183,0.798394131608586
1005003600,2,2,346,0,0.0,688.7508994832162,689,648.8716016427335,0.9417584929502663
1005003700,9,9,289,0,0.0,574.7795910897995,575,463.97672913250403,0.8069160506652244
1005003800,3,3,405,0,0.0,806.290254144251,807,753.7748477283114,0.934045660134215
1005003900,14,14,357,0,0.0,711.8041228926065,712,592.5570959400455,0.8322431122753449
1005004000,2,2,348,0,0.0,692.6149399857923,693,694.2214702188833,1.0017625832884318
1005004100,15,15,483,0,0.0,962.9750554848662,963,760.6200000000001,0.7898442367601247
1005004200,2,2,491,0,0.0,979.0535578015554,979,948.1033874848457,0.9684406409446841
1005004300,9,9,201,0,0.0,399.2988000649739,399,284.8382282602354,0.7138802713289107
1005004400,1,1,201,0,0.0,399.31758817337607,399,401.475174025794,1.006203443673669
1050003200,2,2,500,0,0.0,996.1096852085519,996,946.6669475889667,0.9504688228804886
1050003600,12,12,1361,0,0.0,2719.9408603764705,2721,2674.180464110082,0.9827932613414487
1050020300,12,12,539,0,0.0,1075.9015944404962,1076,952.82,0.8855204460966544
1050021500,12,12,217,0,0.0,430.3017760018645,430,291.82,0.6786511627906977
1050021700,8,8,146,0,0.0,288.4371627493925,289,201.3029120999359,0.6965498688579097
1050021900,9,9,141,0,0.0,278.36256515531113,279,175.7240269125291,0.6298352219087064
1060006800,7,7,1376,0,0.0,2749.6521491549092,2749,2709.098582307276,0.9854851154264372
1070000100,3,3,708,0,0.0,1412.4281310516803,1412,1407.9343624829621,0.9971206533165454
1070000200,4,4,716,0,0.0,1428.2388140793823,1429,1420.815931640681,0.9942728702873904
1070000300,3,3,1267,0,0.0,2531.1463415374997,2532,2497.3128814240595,0.9863005060916507
1070000400,4,4,1259,0,0.0,2515.4886796758565,2515,2451.5931840395324,0.9747885423616431
1070000500,2,2,399,0,0.0,795.2365455417923,795,764.4520521778213,0.9615749083997752
1070000600,2,2,406,0,0.0,808.7221748091143,809,767.3719075822918,0.9485437670980121
1070001300,3,3,408,0,0.0,812.6812015136559,812,796.7824009994605,0.9812591145313553
1070001400,4,4,412,0,0.0,820.2958586129151,821,809.326137334607,0.9857809224538453
1070001500,2,2,749,0,0.0,1494.0928675323496,1494,1462.4592034737645,0.9788883557387982
1070001600,3,3,746,0,0.0,1488.9448502589748,1490,1479.4408257059222,0.9929133058429008
1070002500,10,10,424,0,0.0,845.1434762255312,845,693.6283098064197,0.8208619050963547
1070002700,5,5,409,0,0.0,814.7439828891441,814,816.8532267499459,1.0035051925675011
1070003500,4,4,81,0,0.0,158.30616309042514,158,114.20579980026525,0.7228215177231978
1070003600,3,3,80,0,0.0,156.17948040858732,156,97.40651987925388,0.6244007684567556
1070003700,5,5,84,0,0.0,165.62460413073285,166,119.51504204704571,0.7199701328135284
1070003800,4,4,85,0,0.0,166.51482305578224,167,119.54,0.715808383233533
1070004100,20,19,373,0,0.0,742.747147925399,743,523.991009700831,0.7052368905798533
1070004200,19,19,371,0,0.0,738.5824189973772,739,520.0899999999999,0.7037753721244925
1070004400,10,9,154,0,0.0,304.31471787160075,305,177.90999999999997,0.583311475409836
1070004500,3,3,162,0,0.0,320.2749365087502,320,270.79,0.84621875
1070004600,4,4,163,0,0.0,322.53235194976463,322,272.9438401604177,0.8476516775168252
1070004700,14,14,222,0,0.0,440.8260944703421,440,301.96000000000004,0.6862727272727274
1070004800,13,13,213,0,0.0,423.9244272940479,425,304.67,0.7168705882352941
1070004900,2,2,191,0,0.0,378.60158962131385,378,350.6508932608602,0.9276478657694714
1070005000,12,12,194,0,0.0,385.1126503423358,385,253.05074950476683,0.6572746740383554
1070005500,3,3,156,0,0.0,309.0223513413369,309,261.62,0.8466666666666667
1070005600,4,4,156,0,0.0,308.3234280160666,309,261.98430020707303,0.8478456317381005
1070005700,7,7,239,0,0.0,475.00649354230455,474,357.72765934976076,0.7546997032695375
1070005800,6,6,238,0,0.0,473.70966806786305,474,356.73,0.7525949367088608
1070005900,1,1,129,0,0.0,255.3528218179932,256,251.24,0.98140625
1070006000,6,6,127,0,0.0,251.88824461975165,252,191.91047413928146,0.7615495005527042
1070006300,17,17,362,0,0.0,721.4089298770195,722,542.442224747835,0.7513050204263643
1070006400,13,13,363,0,0.0,722.7816962712105,723,602.0255647929713,0.8326771297274845
1070006700,6,6,144,0,0.0,285.80326985341674,286,221.87248954684324,0.7757779354784728
1070006800,6,6,143,0,0.0,282.8673471930322,283,221.1686531508463,0.7815146754446866
1070007100,7,6,127,0,0.0,250.75455933239428,251,178.815061947997,0.712410605370506
1070007200,8,8,127,0,0.0,251.54227396459135,251,153.13652722207422,0.610105686143722
1070007300,18,17,429,0,0.0,855.2890257274291,855,674.2500000000002,0.7885964912280704
1070007400,22,20,434,0,0.0,865.8998616940382,866,593.325776982732,0.6851336916659723
1070007500,8,8,103,0,0.0,202.18607421801534,203,126.69000000000001,0.624088669950739
1070007700,6,6,155,0,0.0,306.16288224505354,306,239.13000000000002,0.7814705882352943
1070007800,6,6,154,0,0.0,304.8731429022406,305,243.8419968127763,0.799481956763201
1070008100,1,1,86,0,0.0,168.0548166041832,168,158.71,0.944702380952381
1070008200,3,3,84,0,0.0,165.75389840831966,166,127.81738725934937,0.7699842605984902
1070008500,10,10,317,0,0.0,631.0474303095697,631,490.48137168984334,0.7773080375433333
1070008600,9,9,322,0,0.0,641.6156711089449,641,574.8555144924537,0.8968104750272289
1070008700,16,16,461,0,0.0,919.0743913524892,919,644.3894006233895,0.7011854196119581
1070008800,15,15,457,0,0.0,910.5922488495131,910,627.3,0.6893406593406592
1070009100,14,14,467,0,0.0,930.7109480448194,931,723.7140120663103,0.7773512481915256
1070009200,15,15,472,0,0.0,940.1716513542651,940,739.5274232127033,0.7867313012901099
1070009300,3,3,79,0,0.0,155.84333505981118,156,141.91902055332463,0.9097373112392605
1070009400,2,2,81,0,0.0,158.05324101985323,158,143.69348430066827,0.9094524322827106
1070009500,14,14,488,0,0.0,973.6095385583386,974,740.3,0.7600616016427104
1070009600,14,14,483,0,0.0,963.6122534334854,964,731.0000000000001,0.7582987551867221
1070010300,28,28,603,0,0.0,1202.5789292094582,1203,774.0700813797895,0.6434497767080545
1070010400,28,28,604,0,0.0,1204.837012044498,1205,776.9426715186552,0.644765702505108
1070010500,6,6,656,0,0.0,1309.4265008432062,1310,1213.1701313797378,0.926084069755525
1070010600,6,6,649,0,0.0,1295.7060744114801,1295,1205.8371557785197,0.9311483828405557
1070010700,12,12,688,0,0.0,1372.8726841295847,1372,1248.13290817837,0.9097178631037681
1070010800,12,12,680,0,0.0,1357.8919310512013,1357,1237.1285741277677,0.911664387713904
1070010900,12,12,390,0,0.0,776.7886414761446,777,603.63,0.7768725868725869
1070011000,14,13,384,0,0.0,764.545068818802,765,588.4660242049313,0.7692366329476226
1070011100,10,10,200,0,0.0,396.19245813638906,396,329.01965699725054,0.8308577196900266
1070011200,8,8,199,0,0.0,394.21917472778614,394,309.8262763123626,0.7863611073917832
1070011700,6,6,120,0,0.0,237.63100721917803,237,212.06692129326518,0.8947971362585029
1070011800,9,9,102,0,0.0,201.5078720279289,202,118.46778067689439,0.5864741617668039
1070012100,10,10,167,0,0.0,331.6815046784929,332,205.81537871526993,0.6199258395038251
1070012200,9,9,172,0,0.0,340.16107491102855,339,213.02000000000004,0.6283775811209441
1070012300,1,1,413,0,0.0,823.0414752211021,824,820.551493533774,0.9958149193371043
1070012400,1,1,412,0,0.0,821.8629325765171,822,821.1394100254962,0.9989530535589978
1070012600,7,5,91,0,0.0,178.43825905300884,179,88.2261479740363,0.4928835082348396
1070012700,12,12,207,0,0.0,410.25377960318934,409,300.86010170563713,0.7355992706739294
1070012800,8,8,203,0,0.0,402.0856188365815,402,305.39889375220014,0.7596987406771147
1070012900,6,6,63,0,0.0,122.96808219257628,123,61.71701423771046,0.5017643433960199
1070013000,4,4,63,0,0.0,123.82570262336583,123,73.14961579738275,0.5947123235559574
1070013100,1,1,90,0,0.0,176.27046536323297,176,178.7093204541652,1.0153938662168478
1070013200,1,1,89,0,0.0,174.4632688353015,174,174.8775841850379,1.0050435872703327
1070013300,6,6,222,0,0.0,440.6169227590058,441,356.1362825545982,0.8075652665637147
1070013400,7,7,221,0,0.0,439.4930507265664,439,316.94,0.7219589977220957
1070013700,16,16,332,0,0.0,660.1963054482904,659,437.50058980437547,0.6638855687471555
1070013800,15,14,331,0,0.0,658.9711077357229,659,431.74536507851815,0.655152299056932
1070013900,16,16,357,0,0.0,710.3568601231503,710,515.1391312529474,0.7255480721872499
1070014000,16,15,357,0,0.0,711.1389450733069,711,511.7687623500843,0.7197872888186839
1070014700,5,4,181,0,0.0,359.1742811689443,359,295.40323968000564,0.8228502498050296
1070014800,10,10,185,0,0.0,367.0552704531625,366,269.42992512675585,0.7361473364119012
1070014900,21,21,453,0,0.0,902.330347786582,903,612.0799999999999,0.677829457364341
1070015000,21,21,463,0,0.0,923.610500517982,923,612.6,0.6637053087757313
1070015100,3,3,102,0,0.0,201.64670944072523,203,165.7,0.8162561576354679
1070015200,4,4,105,0,0.0,206.27184853085691,207,179.41291808060097,0.8667290728531448
1070015300,15,15,296,0,0.0,589.7341095527055,590,318.1958348085723,0.5393149742518174
1070015400,16,16,297,0,0.0,590.5065954493818,590,319.1975661718593,0.5410128240201005
1070015500,5,5,177,0,0.0,350.2889560803461,351,305.14576949016,0.8693611666386324
1070015600,5,5,177,0,0.0,351.2873683412438,351,315.9266484046928,0.9000759213808912
1070015700,17,17,504,0,0.0,1004.6508120225104,1005,749.8699999999999,0.746139303482587
1070015800,18,18,509,0,0.0,1014.0164750018064,1014,749.9626209978885,0.7396081074929867
1070015900,10,10,260,0,0.0,516.4391541566108,516,353.78999999999996,0.6856395348837209
1070016000,11,11,261,0,0.0,519.4795468923564,519,351.63,0.677514450867052
1070016100,12,7,364,0,0.0,724.385492806075,725,567.8399999999999,0.7832275862068965
1070016200,10,10,363,0,0.0,722.9034951600834,723,616.8400000000001,0.8531673582295991
1070016301,7,7,108,0,0.0,213.31865325022935,213,108.26,0.5082629107981221
1070016302,12,12,334,0,0.0,665.5349121198662,666,490.68817732661324,0.7367690350249448
1070016401,5,5,105,0,0.0,207.74937644489904,208,134.88944138469077,0.6485069297340902
1070016402,12,12,336,0,0.0,668.3655472839306,669,490.3698656024105,0.7329893357285658
1070016500,13,12,163,0,0.0,322.556858586501,323,183.30999999999995,0.5675232198142414
1070016600,10,8,163,0,0.0,323.38728247696685,323,205.80729765817267,0.6371742961553334
1070016900,17,17,358,0,0.0,712.5105075613873,712,508.6609407808701,0.7144114336809974
1070017000,16,16,355,0,0.0,707.1403817668734,707,507.4916530969027,0.7178099760918002
1070017400,19,19,874,0,0.0,1745.7118496715225,1746,1479.5965435301648,0.8474207007618355
1070017700,9,9,135,0,0.0,267.84949893014027,268,147.4459220317454,0.5501713508647216
1070017800,10,10,135,0,0.0,267.99332093671194,268,150.3998421262318,0.5611934407695216
1070017900,6,6,250,0,0.0,496.12899962172753,497,425.8286585915801,0.8567981058180686
1070018000,6,6,250,0,0.0,496.12897971749703,497,426.39283979308163,0.8579332792617337
1070018200,9,9,275,0,0.0,547.8772849767743,547,382.72,0.6996709323583181
1070018400,14,13,448,0,0.0,893.3320903993617,893,638.8614953706019,0.7154104091496102
1070018500,7,7,203,0,0.0,403.1065253095178,403,329.22070264783895,0.8169248204661016
1070018600,7,7,207,0,0.0,411.4664176370693,412,332.8297599502058,0.8078392231801111
1070018700,28,28,564,0,0.0,1125.8894536830423,1126,651.4453437111902,0.5785482626209504
1070018800,26,26,560,0,0.0,1117.671772636294,1118,649.9100000000001,0.581314847942755
1070018900,1,1,136,0,0.0,269.79602340559444,270,269.4858067811857,0.9980955806710582
1070019000,1,1,135,0,0.0,266.8209820346201,267,267.4588029268516,1.0017183630219162
1070019100,12,12,328,0,0.0,653.032978731983,653,523.7441830220672,0.8020584732344062
1070019200,13,13,324,0,0.0,645.0083522979855,645,526.6036278773884,0.8164397331432378
1070019301,9,9,146,0,0.0,288.62109260660867,289,153.64150419279784,0.5316315023972243
1070019302,4,4,56,0,0.0,109.52366019923345,110,61.77021052867077,0.5615473684424616
1070019401,8,8,141,0,0.0,279.2907140529002,279,148.89999999999998,0.5336917562724014
1070019402,4,4,56,0,0.0,108.21508520836957,108,63.47427398015316,0.5877247590754922
1070019500,15,15,229,0,0.0,455.0113297653892,455,236.49803535397618,0.5197759018768707
1070019600,15,15,229,0,0.0,455.6206379759276,455,237.6183477931498,0.5222381270179116
1070019700,8,8,211,0,0.0,419.0368346359952,419,315.3419462223206,0.7526060769029131
1070019800,9,9,210,0,0.0,417.31799395690837,416,320.6866773839928,0.7708814360192134
1070020100,13,13,543,0,0.0,1083.2809269299428,1083,880.1313821722435,0.8126790232430688
1070020200,14,14,546,0,0.0,1088.8202230785594,1088,881.9858799009671,0.810648786673683
1070020400,15,15,519,0,0.0,1035.839535950886,1036,883.2484804193995,0.8525564482812736
1070020600,7,7,256,0,0.0,508.4204245001198,509,408.13,0.8018271119842829
1070020701,4,4,63,0,0.0,122.14313459468761,123,70.08019811006733,0.5697577082119295
1070020702,2,2,21,0,0.0,39.20319505217745,39,7.830023671755087,0.20076983773730991
1070020703,3,3,184,0,0.0,364.1899644343555,365,329.7216030312019,0.9033468576197312
1070020801,5,5,63,0,0.0,122.91432385109603,123,69.01,0.5610569105691058
1070020802,2,2,21,0,0.0,38.41737568045403,39,7.73,0.19820512820512823
1070020803,3,3,184,0,0.0,364.2035666095406,364,329.30967683115796,0.904696914371313
1070020900,1,1,183,0,0.0,363.66678995032413,364,335.32833929215485,0.9212317013520738
1070021000,1,1,190,0,0.0,377.30925587101785,377,348.42765947562464,0.924211298343832
1070021200,19,18,350,0,0.0,696.6462520821864,696,443.4138738764769,0.6370888992478116
1070021300,7,7,314,0,0.0,624.7686572792959,633,516.0161668373942,0.8151914168047302
1070021400,7,7,313,0,0.0,622.5933285085124,634,504.61414832810686,0.7959213696026922
1070021500,7,7,345,0,0.0,687.1422782789056,688,578.3987506001124,0.840695858430396
1070021800,8,8,352,0,0.0,700.7978782864145,701,626.608272890775,0.8938777074048145
1070022000,5,5,357,0,0.0,711.2509131254232,711,668.7678296748403,0.9406017295004786
1080000900,8,8,90,0,0.0,176.11415642447938,176,64.0461148028244,0.3638983795615023
1080001000,8,8,89,0,0.0,175.28213209685765,176,72.66709614819325,0.4128812281147344
1080001100,3,3,106,0,0.0,208.85244395137477,209,166.9,0.7985645933014355
1080001200,3,3,106,0,0.0,208.85298928541053,209,167.13,0.7996650717703349
1080001400,13,13,443,0,0.0,883.0353521263945,882,668.0799999999999,0.7574603174603174
1080001600,15,15,286,0,0.0,569.9140114766567,571,312.02,0.5464448336252189
1080001800,18,18,519,0,0.0,1034.9699507705625,1035,824.3844423968986,0.7965067076298538
