SUMO_EDGE_ID,N_OUTLIER_HOURS,OUTLIER_TYPES,REGION_TYPE,ROAD_CLASS,COST_SOURCE,IMPUTATION_METHOD,FREEFLOW_SPEED_KMH,MIN_SPEED_KMH,MAX_SPEED_KMH,MAX_CONGESTION_RATIO,MIN_CONGESTION_RATIO
393513870,23,VERY_LOW_SPEED,CORE,residential,IMPUTED,LOCAL_SAME_CLASS,2.0160000000000005,0.7244536082474228,1.9581030927835064,2.782786885245902,1.0295678544351778
-1136829934#2,10,VERY_LOW_SPEED,BUFFER,living_street,IMPUTED,LOCAL_ANY_CLASS,10.008,1.162402266288949,1.6250950708215268,8.609756097560995,6.15840893230985
-1136829926#1,10,VERY_LOW_SPEED,BUFFER,living_street,IMPUTED,LOCAL_ANY_CLASS,10.008,1.1624022662889493,1.6250950708215268,8.609756097560993,6.15840893230985
-1136829926#2,10,VERY_LOW_SPEED,BUFFER,living_street,IMPUTED,LOCAL_ANY_CLASS,10.008,1.1624022662889493,1.6250950708215268,8.609756097560993,6.15840893230985
-1136829931#0,10,VERY_LOW_SPEED,BUFFER,living_street,IMPUTED,LOCAL_ANY_CLASS,10.008,1.1624022662889493,1.6250950708215268,8.609756097560993,6.15840893230985
-1136829931#1,10,VERY_LOW_SPEED,BUFFER,living_street,IMPUTED,LOCAL_ANY_CLASS,10.008,1.1624022662889493,1.6250950708215268,8.609756097560993,6.15840893230985
-1136829931#2,10,VERY_LOW_SPEED,BUFFER,living_street,IMPUTED,LOCAL_ANY_CLASS,10.008,1.1624022662889493,1.6250950708215268,8.609756097560993,6.15840893230985
-1136829931#3,10,VERY_LOW_SPEED,BUFFER,living_street,IMPUTED,LOCAL_ANY_CLASS,10.008,1.1624022662889493,1.6250950708215268,8.609756097560993,6.15840893230985
-1136829931#4,10,VERY_LOW_SPEED,BUFFER,living_street,IMPUTED,LOCAL_ANY_CLASS,10.008,1.1624022662889493,1.6250950708215268,8.609756097560993,6.15840893230985
-1136829932#0,10,VERY_LOW_SPEED,BUFFER,living_street,IMPUTED,LOCAL_ANY_CLASS,10.008,1.1624022662889493,1.6250950708215268,8.609756097560993,6.15840893230985
-1136829932#1,10,VERY_LOW_SPEED,BUFFER,living_street,IMPUTED,LOCAL_ANY_CLASS,10.008,1.1624022662889493,1.6250950708215268,8.609756097560993,6.15840893230985
-1136829934#0,10,VERY_LOW_SPEED,BUFFER,living_street,IMPUTED,LOCAL_ANY_CLASS,10.008,1.1624022662889493,1.6250950708215268,8.609756097560993,6.15840893230985
-1136829934#1,10,VERY_LOW_SPEED,BUFFER,living_street,IMPUTED,LOCAL_ANY_CLASS,10.008,1.1624022662889493,1.6250950708215268,8.609756097560993,6.15840893230985
-1136829935,10,VERY_LOW_SPEED,BUFFER,living_street,IMPUTED,LOCAL_ANY_CLASS,10.008,1.1624022662889493,1.6250950708215268,8.609756097560993,6.15840893230985
-381034867#1,10,VERY_LOW_SPEED,BUFFER,living_street,IMPUTED,LOCAL_ANY_CLASS,10.008,1.1624022662889493,1.6250950708215268,8.609756097560993,6.15840893230985
-381034867#2,10,VERY_LOW_SPEED,BUFFER,living_street,IMPUTED,LOCAL_ANY_CLASS,10.008,1.1624022662889493,1.6250950708215268,8.609756097560993,6.15840893230985
-477841175,10,VERY_LOW_SPEED,BUFFER,living_street,IMPUTED,LOCAL_ANY_CLASS,10.008,1.1624022662889493,1.6250950708215268,8.609756097560993,6.15840893230985
1136829926#1,10,VERY_LOW_SPEED,BUFFER,living_street,IMPUTED,LOCAL_ANY_CLASS,10.008,1.1624022662889493,1.6250950708215268,8.609756097560993,6.15840893230985
1136829926#2,10,VERY_LOW_SPEED,BUFFER,living_street,IMPUTED,LOCAL_ANY_CLASS,10.008,1.1624022662889493,1.6250950708215268,8.609756097560993,6.15840893230985
1136829931#0,10,VERY_LOW_SPEED,BUFFER,living_street,IMPUTED,LOCAL_ANY_CLASS,10.008,1.1624022662889493,1.6250950708215268,8.609756097560993,6.15840893230985
1136829931#1,10,VERY_LOW_SPEED,BUFFER,living_street,IMPUTED,LOCAL_ANY_CLASS,10.008,1.1624022662889493,1.6250950708215268,8.609756097560993,6.15840893230985
1136829931#2,10,VERY_LOW_SPEED,BUFFER,living_street,IMPUTED,LOCAL_ANY_CLASS,10.008,1.1624022662889493,1.6250950708215268,8.609756097560993,6.15840893230985
1136829931#3,10,VERY_LOW_SPEED,BUFFER,living_street,IMPUTED,LOCAL_ANY_CLASS,10.008,1.1624022662889493,1.6250950708215268,8.609756097560993,6.15840893230985
1136829931#4,10,VERY_LOW_SPEED,BUFFER,living_street,IMPUTED,LOCAL_ANY_CLASS,10.008,1.1624022662889493,1.6250950708215268,8.609756097560993,6.15840893230985
1136829932#0,10,VERY_LOW_SPEED,BUFFER,living_street,IMPUTED,LOCAL_ANY_CLASS,10.008,1.1624022662889493,1.6250950708215268,8.609756097560993,6.15840893230985
1136829932#1,10,VERY_LOW_SPEED,BUFFER,living_street,IMPUTED,LOCAL_ANY_CLASS,10.008,1.1624022662889493,1.6250950708215268,8.609756097560993,6.15840893230985
1136829934#0,10,VERY_LOW_SPEED,BUFFER,living_street,IMPUTED,LOCAL_ANY_CLASS,10.008,1.1624022662889493,1.6250950708215268,8.609756097560993,6.15840893230985
1136829934#1,10,VERY_LOW_SPEED,BUFFER,living_street,IMPUTED,LOCAL_ANY_CLASS,10.008,1.1624022662889493,1.6250950708215268,8.609756097560993,6.15840893230985
1136829934#2,10,VERY_LOW_SPEED,BUFFER,living_street,IMPUTED,LOCAL_ANY_CLASS,10.008,1.1624022662889493,1.6250950708215268,8.609756097560993,6.15840893230985
1136829935,10,VERY_LOW_SPEED,BUFFER,living_street,IMPUTED,LOCAL_ANY_CLASS,10.008,1.1624022662889493,1.6250950708215268,8.609756097560993,6.15840893230985
381034867#1,10,VERY_LOW_SPEED,BUFFER,living_street,IMPUTED,LOCAL_ANY_CLASS,10.008,1.1624022662889493,1.6250950708215268,8.609756097560993,6.15840893230985
381034867#2,10,VERY_LOW_SPEED,BUFFER,living_street,IMPUTED,LOCAL_ANY_CLASS,10.008,1.1624022662889493,1.6250950708215268,8.609756097560993,6.15840893230985
477841175,10,VERY_LOW_SPEED,BUFFER,living_street,IMPUTED,LOCAL_ANY_CLASS,10.008,1.1624022662889493,1.6250950708215268,8.609756097560993,6.15840893230985
183521262,3,CONGESTION_GT_10,CORE,primary,PARTIAL_OBSERVED_PLUS_IMPUTED,LOCAL_SAME_CLASS,60.01200000000001,2.0007623760148263,3.0811740590628327,29.994566430988957,19.476991188953864
1455063483,3,CONGESTION_GT_10,BUFFER,primary,PARTIAL_OBSERVED_PLUS_IMPUTED,LOCAL_SAME_CLASS,60.01200000000001,2.0168347326927463,3.1059254883468284,29.75553674637281,19.3217771080343
183521250,3,CONGESTION_GT_10,BUFFER,primary,PARTIAL_OBSERVED_PLUS_IMPUTED,LOCAL_SAME_CLASS,79.992,3.189569105985897,4.911936423218283,25.07924968607145,16.285227068877557
-218790202#0,3,CONGESTION_GT_10,BUFFER,primary,IMPUTED,LOCAL_SAME_CLASS,50.004000000000005,2.4051948051948027,3.703999999999997,20.790000000000024,13.500000000000012
-218790202#11,3,CONGESTION_GT_10,BUFFER,primary,IMPUTED,LOCAL_SAME_CLASS,50.004000000000005,2.4051948051948027,3.703999999999997,20.790000000000024,13.500000000000012
-218790202#13,3,CONGESTION_GT_10,BUFFER,primary,IMPUTED,LOCAL_SAME_CLASS,50.004000000000005,2.4051948051948027,3.703999999999997,20.790000000000024,13.500000000000012
-218790202#14,3,CONGESTION_GT_10,BUFFER,primary,IMPUTED,LOCAL_SAME_CLASS,50.004000000000005,2.4051948051948027,3.703999999999996,20.790000000000024,13.500000000000016
-218790202#15,3,CONGESTION_GT_10,BUFFER,primary,IMPUTED,LOCAL_SAME_CLASS,50.004000000000005,2.4051948051948027,3.703999999999996,20.790000000000024,13.500000000000016
-218790202#3,3,CONGESTION_GT_10,BUFFER,primary,IMPUTED,LOCAL_SAME_CLASS,50.004000000000005,2.4051948051948027,3.703999999999997,20.790000000000024,13.500000000000012
-218790202#4,3,CONGESTION_GT_10,BUFFER,primary,IMPUTED,LOCAL_SAME_CLASS,50.004000000000005,2.4051948051948027,3.703999999999997,20.790000000000024,13.500000000000012
-218790202#6,3,CONGESTION_GT_10,BUFFER,primary,IMPUTED,LOCAL_SAME_CLASS,50.004000000000005,2.4051948051948027,3.703999999999997,20.790000000000024,13.500000000000012
-218790202#7,3,CONGESTION_GT_10,BUFFER,primary,IMPUTED,LOCAL_SAME_CLASS,50.004000000000005,2.4051948051948027,3.703999999999997,20.790000000000024,13.500000000000012
183895365#4,3,CONGESTION_GT_10,BUFFER,primary,IMPUTED,LOCAL_SAME_CLASS,60.01200000000001,2.8865800865800835,4.44533333333333,20.790000000000024,13.500000000000012
218790202#11,3,CONGESTION_GT_10,BUFFER,primary,IMPUTED,LOCAL_SAME_CLASS,50.004000000000005,2.4051948051948027,3.703999999999997,20.790000000000024,13.500000000000012
218790202#13,3,CONGESTION_GT_10,BUFFER,primary,IMPUTED,LOCAL_SAME_CLASS,50.004000000000005,2.4051948051948027,3.703999999999997,20.790000000000024,13.500000000000012
218790202#14,3,CONGESTION_GT_10,BUFFER,primary,IMPUTED,LOCAL_SAME_CLASS,50.004000000000005,2.4051948051948027,3.703999999999996,20.790000000000024,13.500000000000016
218790202#15,3,CONGESTION_GT_10,BUFFER,primary,IMPUTED,LOCAL_SAME_CLASS,50.004000000000005,2.4051948051948027,3.703999999999996,20.790000000000024,13.500000000000016
218790202#3,3,CONGESTION_GT_10,BUFFER,primary,IMPUTED,LOCAL_SAME_CLASS,50.004000000000005,2.4051948051948027,3.703999999999997,20.790000000000024,13.500000000000012
218790202#4,3,CONGESTION_GT_10,BUFFER,primary,IMPUTED,LOCAL_SAME_CLASS,50.004000000000005,2.4051948051948027,3.703999999999997,20.790000000000024,13.500000000000012
218790202#6,3,CONGESTION_GT_10,BUFFER,primary,IMPUTED,LOCAL_SAME_CLASS,50.004000000000005,2.4051948051948027,3.703999999999997,20.790000000000024,13.500000000000012
218790202#7,3,CONGESTION_GT_10,BUFFER,primary,IMPUTED,LOCAL_SAME_CLASS,50.004000000000005,2.4051948051948027,3.703999999999997,20.790000000000024,13.500000000000012
520307308#0,3,CONGESTION_GT_10,BUFFER,primary,IMPUTED,LOCAL_SAME_CLASS,60.01200000000001,2.8865800865800835,4.4453333333333305,20.790000000000024,13.50000000000001
520307308#2,3,CONGESTION_GT_10,BUFFER,primary,IMPUTED,LOCAL_SAME_CLASS,60.01200000000001,2.8865800865800835,4.44533333333333,20.790000000000024,13.500000000000012
921199232#2,3,CONGESTION_GT_10,BUFFER,primary,IMPUTED,LOCAL_SAME_CLASS,50.004000000000005,2.4051948051948027,3.703999999999997,20.790000000000024,13.500000000000012
-218790202#1,3,CONGESTION_GT_10,BUFFER,primary,IMPUTED,LOCAL_SAME_CLASS,50.004000000000005,2.405194805194803,3.703999999999997,20.79000000000002,13.500000000000012
-218790202#10,3,CONGESTION_GT_10,BUFFER,primary,IMPUTED,LOCAL_SAME_CLASS,50.004000000000005,2.405194805194803,3.703999999999997,20.79000000000002,13.500000000000012
-218790202#16,3,CONGESTION_GT_10,BUFFER,primary,IMPUTED,LOCAL_SAME_CLASS,50.004000000000005,2.405194805194803,3.703999999999997,20.79000000000002,13.500000000000012
-218790202#17,3,CONGESTION_GT_10,BUFFER,primary,IMPUTED,LOCAL_SAME_CLASS,50.004000000000005,2.405194805194803,3.703999999999997,20.79000000000002,13.500000000000012
-218790202#2,3,CONGESTION_GT_10,BUFFER,primary,IMPUTED,LOCAL_SAME_CLASS,50.004000000000005,2.405194805194803,3.703999999999997,20.79000000000002,13.500000000000012
-218790202#5,3,CONGESTION_GT_10,BUFFER,primary,IMPUTED,LOCAL_SAME_CLASS,50.004000000000005,2.405194805194803,3.703999999999997,20.79000000000002,13.500000000000012
-218790202#8,3,CONGESTION_GT_10,BUFFER,primary,IMPUTED,LOCAL_SAME_CLASS,50.004000000000005,2.405194805194803,3.703999999999997,20.79000000000002,13.500000000000012
-921199232#0,3,CONGESTION_GT_10,BUFFER,primary,IMPUTED,LOCAL_SAME_CLASS,50.004000000000005,2.405194805194803,3.703999999999997,20.79000000000002,13.500000000000012
-921199232#1,3,CONGESTION_GT_10,BUFFER,primary,IMPUTED,LOCAL_SAME_CLASS,50.004000000000005,2.405194805194803,3.703999999999997,20.79000000000002,13.500000000000012
-921199232#2,3,CONGESTION_GT_10,BUFFER,primary,IMPUTED,LOCAL_SAME_CLASS,50.004000000000005,2.405194805194803,3.703999999999996,20.79000000000002,13.500000000000016
1151978488#0,3,CONGESTION_GT_10,BUFFER,primary,IMPUTED,LOCAL_SAME_CLASS,79.992,3.847619047619044,5.925333333333329,20.79000000000002,13.50000000000001
1151978488#1,3,CONGESTION_GT_10,BUFFER,primary,IMPUTED,LOCAL_SAME_CLASS,79.992,3.847619047619044,5.925333333333328,20.79000000000002,13.500000000000012
1455063482,3,CONGESTION_GT_10,BUFFER,primary,IMPUTED,LOCAL_SAME_CLASS,60.01200000000001,2.886580086580084,4.4453333333333305,20.79000000000002,13.50000000000001
1478788847#12,3,CONGESTION_GT_10,BUFFER,primary,IMPUTED,LOCAL_SAME_CLASS,100.008,4.810389610389605,7.407999999999992,20.79000000000002,13.500000000000012
1478788847#14,3,CONGESTION_GT_10,BUFFER,primary,IMPUTED,LOCAL_SAME_CLASS,100.008,4.810389610389605,7.407999999999994,20.79000000000002,13.50000000000001
1478788847#4,3,CONGESTION_GT_10,BUFFER,primary,IMPUTED,LOCAL_SAME_CLASS,100.008,4.810389610389605,7.407999999999994,20.79000000000002,13.50000000000001
1478788847#8,3,CONGESTION_GT_10,BUFFER,primary,IMPUTED,LOCAL_SAME_CLASS,100.008,4.810389610389605,7.407999999999994,20.79000000000002,13.50000000000001
1478788859#0,3,CONGESTION_GT_10,BUFFER,primary,IMPUTED,LOCAL_SAME_CLASS,100.008,4.810389610389605,7.407999999999994,20.79000000000002,13.50000000000001
1478788859#1,3,CONGESTION_GT_10,BUFFER,primary,IMPUTED,LOCAL_SAME_CLASS,100.008,4.810389610389605,7.407999999999994,20.79000000000002,13.50000000000001
1478788859#5,3,CONGESTION_GT_10,BUFFER,primary,IMPUTED,LOCAL_SAME_CLASS,100.008,4.810389610389605,7.407999999999992,20.79000000000002,13.500000000000012
1478788860#1,3,CONGESTION_GT_10,BUFFER,primary,IMPUTED,LOCAL_SAME_CLASS,100.008,4.810389610389605,7.407999999999994,20.79000000000002,13.50000000000001
183272412#0,3,CONGESTION_GT_10,BUFFER,primary,IMPUTED,LOCAL_SAME_CLASS,79.992,3.847619047619044,5.925333333333328,20.79000000000002,13.500000000000012
183272412#1,3,CONGESTION_GT_10,BUFFER,primary,IMPUTED,LOCAL_SAME_CLASS,79.992,3.847619047619044,5.925333333333328,20.79000000000002,13.500000000000012
183272421,3,CONGESTION_GT_10,CORE,primary,IMPUTED,LOCAL_SAME_CLASS,60.01200000000001,2.886580086580084,4.44533333333333,20.79000000000002,13.500000000000012
183521160,3,CONGESTION_GT_10,BUFFER,primary,IMPUTED,LOCAL_SAME_CLASS,60.01200000000001,2.886580086580084,4.44533333333333,20.79000000000002,13.500000000000012
183521251#0,3,CONGESTION_GT_10,BUFFER,primary,IMPUTED,LOCAL_SAME_CLASS,60.01200000000001,2.886580086580084,4.4453333333333305,20.79000000000002,13.50000000000001
183521251#1,3,CONGESTION_GT_10,BUFFER,primary,IMPUTED,LOCAL_SAME_CLASS,60.01200000000001,2.886580086580084,4.4453333333333305,20.79000000000002,13.50000000000001
183521254,3,CONGESTION_GT_10,BUFFER,primary,IMPUTED,LOCAL_SAME_CLASS,79.992,3.847619047619044,5.925333333333328,20.79000000000002,13.500000000000012
183521258,3,CONGESTION_GT_10,BUFFER,primary,IMPUTED,LOCAL_SAME_CLASS,60.01200000000001,2.886580086580084,4.4453333333333305,20.79000000000002,13.50000000000001
183521260#0,3,CONGESTION_GT_10,BUFFER,primary,IMPUTED,LOCAL_SAME_CLASS,79.992,3.847619047619044,5.925333333333328,20.79000000000002,13.500000000000012
183521260#1,3,CONGESTION_GT_10,BUFFER,primary,IMPUTED,LOCAL_SAME_CLASS,79.992,3.847619047619044,5.925333333333328,20.79000000000002,13.500000000000012
183521260#2,3,CONGESTION_GT_10,BUFFER,primary,IMPUTED,LOCAL_SAME_CLASS,79.992,3.847619047619044,5.925333333333328,20.79000000000002,13.500000000000012
183895342,3,CONGESTION_GT_10,BUFFER,primary,IMPUTED,LOCAL_SAME_CLASS,60.01200000000001,2.886580086580084,4.4453333333333305,20.79000000000002,13.50000000000001
183895357#2,3,CONGESTION_GT_10,BUFFER,primary,IMPUTED,LOCAL_SAME_CLASS,60.01200000000001,2.886580086580084,4.4453333333333305,20.79000000000002,13.50000000000001
183895363#0,3,CONGESTION_GT_10,BUFFER,primary,IMPUTED,LOCAL_SAME_CLASS,60.01200000000001,2.886580086580084,4.4453333333333305,20.79000000000002,13.50000000000001
183895363#1,3,CONGESTION_GT_10,BUFFER,primary,IMPUTED,LOCAL_SAME_CLASS,60.01200000000001,2.886580086580084,4.4453333333333305,20.79000000000002,13.50000000000001
183895363#2,3,CONGESTION_GT_10,BUFFER,primary,IMPUTED,LOCAL_SAME_CLASS,60.01200000000001,2.886580086580084,4.44533333333333,20.79000000000002,13.500000000000012
183895363#3,3,CONGESTION_GT_10,BUFFER,primary,IMPUTED,LOCAL_SAME_CLASS,60.01200000000001,2.886580086580084,4.4453333333333305,20.79000000000002,13.50000000000001
183895363#4,3,CONGESTION_GT_10,BUFFER,primary,IMPUTED,LOCAL_SAME_CLASS,60.01200000000001,2.886580086580084,4.44533333333333,20.79000000000002,13.500000000000012
183895363#5,3,CONGESTION_GT_10,BUFFER,primary,IMPUTED,LOCAL_SAME_CLASS,60.01200000000001,2.886580086580084,4.44533333333333,20.79000000000002,13.500000000000012
183895364#2,3,CONGESTION_GT_10,BUFFER,primary,IMPUTED,LOCAL_SAME_CLASS,60.01200000000001,2.886580086580084,4.44533333333333,20.79000000000002,13.500000000000012
183895364#4,3,CONGESTION_GT_10,BUFFER,primary,IMPUTED,LOCAL_SAME_CLASS,60.01200000000001,2.886580086580084,4.4453333333333305,20.79000000000002,13.50000000000001
183895364#5,3,CONGESTION_GT_10,BUFFER,primary,IMPUTED,LOCAL_SAME_CLASS,60.01200000000001,2.886580086580084,4.44533333333333,20.79000000000002,13.500000000000012
183895364#8,3,CONGESTION_GT_10,BUFFER,primary,IMPUTED,LOCAL_SAME_CLASS,60.01200000000001,2.886580086580084,4.4453333333333305,20.79000000000002,13.50000000000001
183895364#9,3,CONGESTION_GT_10,BUFFER,primary,IMPUTED,LOCAL_SAME_CLASS,60.01200000000001,2.886580086580084,4.4453333333333305,20.79000000000002,13.50000000000001
183895365#2,3,CONGESTION_GT_10,BUFFER,primary,IMPUTED,LOCAL_SAME_CLASS,60.01200000000001,2.886580086580084,4.4453333333333305,20.79000000000002,13.50000000000001
183895365#5,3,CONGESTION_GT_10,BUFFER,primary,IMPUTED,LOCAL_SAME_CLASS,60.01200000000001,2.886580086580084,4.4453333333333305,20.79000000000002,13.50000000000001
183895365#6,3,CONGESTION_GT_10,BUFFER,primary,IMPUTED,LOCAL_SAME_CLASS,60.01200000000001,2.886580086580084,4.4453333333333305,20.79000000000002,13.50000000000001
218790202#0,3,CONGESTION_GT_10,BUFFER,primary,IMPUTED,LOCAL_SAME_CLASS,50.004000000000005,2.405194805194803,3.703999999999997,20.79000000000002,13.500000000000012
218790202#1,3,CONGESTION_GT_10,BUFFER,primary,IMPUTED,LOCAL_SAME_CLASS,50.004000000000005,2.405194805194803,3.703999999999997,20.79000000000002,13.500000000000012
218790202#10,3,CONGESTION_GT_10,BUFFER,primary,IMPUTED,LOCAL_SAME_CLASS,50.004000000000005,2.405194805194803,3.703999999999997,20.79000000000002,13.500000000000012
218790202#16,3,CONGESTION_GT_10,BUFFER,primary,IMPUTED,LOCAL_SAME_CLASS,50.004000000000005,2.405194805194803,3.703999999999997,20.79000000000002,13.500000000000012
218790202#17,3,CONGESTION_GT_10,BUFFER,primary,IMPUTED,LOCAL_SAME_CLASS,50.004000000000005,2.405194805194803,3.703999999999996,20.79000000000002,13.500000000000016
218790202#2,3,CONGESTION_GT_10,BUFFER,primary,IMPUTED,LOCAL_SAME_CLASS,50.004000000000005,2.405194805194803,3.703999999999997,20.79000000000002,13.500000000000012
218790202#5,3,CONGESTION_GT_10,BUFFER,primary,IMPUTED,LOCAL_SAME_CLASS,50.004000000000005,2.405194805194803,3.703999999999997,20.79000000000002,13.500000000000012
218790202#8,3,CONGESTION_GT_10,BUFFER,primary,IMPUTED,LOCAL_SAME_CLASS,50.004000000000005,2.405194805194803,3.703999999999997,20.79000000000002,13.500000000000012
37400423,3,CONGESTION_GT_10,BUFFER,primary,IMPUTED,LOCAL_SAME_CLASS,79.992,3.847619047619044,5.925333333333328,20.79000000000002,13.500000000000012
381025735#4,3,CONGESTION_GT_10,BUFFER,primary,IMPUTED,LOCAL_SAME_CLASS,100.008,4.810389610389605,7.407999999999994,20.79000000000002,13.50000000000001
381025735#6,3,CONGESTION_GT_10,BUFFER,primary,IMPUTED,LOCAL_SAME_CLASS,100.008,4.810389610389605,7.407999999999992,20.79000000000002,13.500000000000012
520307309#0,3,CONGESTION_GT_10,BUFFER,primary,IMPUTED,LOCAL_SAME_CLASS,100.008,4.810389610389605,7.407999999999992,20.79000000000002,13.500000000000012
550742129#1,3,CONGESTION_GT_10,BUFFER,primary,IMPUTED,LOCAL_SAME_CLASS,100.008,4.810389610389605,7.407999999999994,20.79000000000002,13.50000000000001
550742129#2-AddedOffRampEdge,3,CONGESTION_GT_10,BUFFER,primary,IMPUTED,LOCAL_SAME_CLASS,100.008,4.810389610389605,7.407999999999994,20.79000000000002,13.50000000000001
550742129#3,3,CONGESTION_GT_10,BUFFER,primary,IMPUTED,LOCAL_SAME_CLASS,100.008,4.810389610389605,7.407999999999994,20.79000000000002,13.50000000000001
550742129#4,3,CONGESTION_GT_10,BUFFER,primary,IMPUTED,LOCAL_SAME_CLASS,100.008,4.810389610389605,7.407999999999994,20.79000000000002,13.50000000000001
550742129#7,3,CONGESTION_GT_10,BUFFER,primary,IMPUTED,LOCAL_SAME_CLASS,100.008,4.810389610389605,7.407999999999994,20.79000000000002,13.50000000000001
551180041,3,CONGESTION_GT_10,BUFFER,primary,IMPUTED,LOCAL_SAME_CLASS,79.992,3.847619047619044,5.925333333333328,20.79000000000002,13.500000000000012
551180042#1,3,CONGESTION_GT_10,BUFFER,primary,IMPUTED,LOCAL_SAME_CLASS,100.008,4.810389610389605,7.407999999999994,20.79000000000002,13.50000000000001
551180042#4,3,CONGESTION_GT_10,BUFFER,primary,IMPUTED,LOCAL_SAME_CLASS,100.008,4.810389610389605,7.407999999999994,20.79000000000002,13.50000000000001
551180043,3,CONGESTION_GT_10,BUFFER,primary,IMPUTED,LOCAL_SAME_CLASS,100.008,4.810389610389605,7.407999999999994,20.79000000000002,13.50000000000001
551180407#0,3,CONGESTION_GT_10,BUFFER,primary,IMPUTED,LOCAL_SAME_CLASS,100.008,4.810389610389605,7.407999999999994,20.79000000000002,13.50000000000001
551180407#1,3,CONGESTION_GT_10,BUFFER,primary,IMPUTED,LOCAL_SAME_CLASS,100.008,4.810389610389605,7.407999999999994,20.79000000000002,13.50000000000001
551180408#2,3,CONGESTION_GT_10,BUFFER,primary,IMPUTED,LOCAL_SAME_CLASS,100.008,4.810389610389605,7.407999999999994,20.79000000000002,13.50000000000001
551180410,3,CONGESTION_GT_10,BUFFER,primary,IMPUTED,LOCAL_SAME_CLASS,79.992,3.847619047619044,5.925333333333328,20.79000000000002,13.500000000000012
551974844#2,3,CONGESTION_GT_10,BUFFER,primary,IMPUTED,LOCAL_SAME_CLASS,60.01200000000001,2.886580086580084,4.4453333333333305,20.79000000000002,13.50000000000001
552129479,3,CONGESTION_GT_10,BUFFER,primary,IMPUTED,LOCAL_SAME_CLASS,79.992,3.847619047619044,5.925333333333327,20.79000000000002,13.500000000000014
810680672#0,3,CONGESTION_GT_10,BUFFER,primary,IMPUTED,LOCAL_SAME_CLASS,79.992,3.847619047619044,5.925333333333328,20.79000000000002,13.500000000000012
810680673#1,3,CONGESTION_GT_10,BUFFER,primary,IMPUTED,LOCAL_SAME_CLASS,79.992,3.847619047619044,5.925333333333328,20.79000000000002,13.500000000000012
908609098,3,CONGESTION_GT_10,BUFFER,primary,IMPUTED,LOCAL_SAME_CLASS,79.992,3.847619047619044,5.925333333333327,20.79000000000002,13.500000000000014
914304804#0,3,CONGESTION_GT_10,BUFFER,primary,IMPUTED,LOCAL_SAME_CLASS,60.01200000000001,2.886580086580084,4.4453333333333305,20.79000000000002,13.50000000000001
914304804#1,3,CONGESTION_GT_10,BUFFER,primary,IMPUTED,LOCAL_SAME_CLASS,60.01200000000001,2.886580086580084,4.44533333333333,20.79000000000002,13.500000000000012
921199232#0,3,CONGESTION_GT_10,BUFFER,primary,IMPUTED,LOCAL_SAME_CLASS,50.004000000000005,2.405194805194803,3.703999999999997,20.79000000000002,13.500000000000012
921199232#1,3,CONGESTION_GT_10,BUFFER,primary,IMPUTED,LOCAL_SAME_CLASS,50.004000000000005,2.405194805194803,3.703999999999997,20.79000000000002,13.500000000000012
946016870,3,CONGESTION_GT_10,BUFFER,primary,IMPUTED,LOCAL_SAME_CLASS,100.008,4.810389610389605,7.407999999999992,20.79000000000002,13.500000000000012
946016872#12,3,CONGESTION_GT_10,BUFFER,primary,IMPUTED,LOCAL_SAME_CLASS,100.008,4.810389610389605,7.407999999999994,20.79000000000002,13.50000000000001
946016872#13,3,CONGESTION_GT_10,BUFFER,primary,IMPUTED,LOCAL_SAME_CLASS,100.008,4.810389610389605,7.407999999999992,20.79000000000002,13.500000000000012
946016872#15,3,CONGESTION_GT_10,BUFFER,primary,IMPUTED,LOCAL_SAME_CLASS,100.008,4.810389610389605,7.407999999999994,20.79000000000002,13.50000000000001
946016872#4,3,CONGESTION_GT_10,BUFFER,primary,IMPUTED,LOCAL_SAME_CLASS,100.008,4.810389610389605,7.407999999999994,20.79000000000002,13.50000000000001
946016872#6,3,CONGESTION_GT_10,BUFFER,primary,IMPUTED,LOCAL_SAME_CLASS,100.008,4.810389610389605,7.407999999999994,20.79000000000002,13.50000000000001
1478788847#1,3,CONGESTION_GT_10,BUFFER,primary,IMPUTED,LOCAL_SAME_CLASS,100.008,4.810389610389606,7.407999999999992,20.790000000000017,13.500000000000012
1478788847#11,3,CONGESTION_GT_10,BUFFER,primary,IMPUTED,LOCAL_SAME_CLASS,100.008,4.810389610389606,7.407999999999994,20.790000000000017,13.50000000000001
1478788847#13,3,CONGESTION_GT_10,BUFFER,primary,IMPUTED,LOCAL_SAME_CLASS,100.008,4.810389610389606,7.407999999999994,20.790000000000017,13.50000000000001
1478788847#2,3,CONGESTION_GT_10,BUFFER,primary,IMPUTED,LOCAL_SAME_CLASS,100.008,4.810389610389606,7.407999999999994,20.790000000000017,13.50000000000001
1478788847#3,3,CONGESTION_GT_10,BUFFER,primary,IMPUTED,LOCAL_SAME_CLASS,100.008,4.810389610389606,7.407999999999994,20.790000000000017,13.50000000000001
1478788847#6,3,CONGESTION_GT_10,BUFFER,primary,IMPUTED,LOCAL_SAME_CLASS,100.008,4.810389610389606,7.407999999999992,20.790000000000017,13.500000000000012
1478788847#9,3,CONGESTION_GT_10,BUFFER,primary,IMPUTED,LOCAL_SAME_CLASS,100.008,4.810389610389606,7.407999999999994,20.790000000000017,13.50000000000001
1478788849#0,3,CONGESTION_GT_10,BUFFER,primary,IMPUTED,LOCAL_SAME_CLASS,100.008,4.810389610389606,7.407999999999994,20.790000000000017,13.50000000000001
1478788849#1,3,CONGESTION_GT_10,BUFFER,primary,IMPUTED,LOCAL_SAME_CLASS,100.008,4.810389610389606,7.407999999999992,20.790000000000017,13.500000000000012
1478788859#3,3,CONGESTION_GT_10,BUFFER,primary,IMPUTED,LOCAL_SAME_CLASS,100.008,4.810389610389606,7.407999999999994,20.790000000000017,13.50000000000001
1478788859#4,3,CONGESTION_GT_10,BUFFER,primary,IMPUTED,LOCAL_SAME_CLASS,100.008,4.810389610389606,7.407999999999994,20.790000000000017,13.50000000000001
1478788860#0,3,CONGESTION_GT_10,BUFFER,primary,IMPUTED,LOCAL_SAME_CLASS,100.008,4.810389610389606,7.407999999999994,20.790000000000017,13.50000000000001
183895357#1,3,CONGESTION_GT_10,BUFFER,primary,IMPUTED,LOCAL_SAME_CLASS,60.01200000000001,2.8865800865800844,4.4453333333333305,20.790000000000017,13.50000000000001
183895357#3,3,CONGESTION_GT_10,BUFFER,primary,IMPUTED,LOCAL_SAME_CLASS,60.01200000000001,2.8865800865800844,4.4453333333333305,20.790000000000017,13.50000000000001
183895365#3,3,CONGESTION_GT_10,BUFFER,primary,IMPUTED,LOCAL_SAME_CLASS,60.01200000000001,2.8865800865800844,4.4453333333333305,20.790000000000017,13.50000000000001
381025735#3,3,CONGESTION_GT_10,BUFFER,primary,IMPUTED,LOCAL_SAME_CLASS,100.008,4.810389610389606,7.407999999999994,20.790000000000017,13.50000000000001
520307309#1,3,CONGESTION_GT_10,BUFFER,primary,IMPUTED,LOCAL_SAME_CLASS,100.008,4.810389610389606,7.407999999999994,20.790000000000017,13.50000000000001
550331977,3,CONGESTION_GT_10,BUFFER,primary,IMPUTED,LOCAL_SAME_CLASS,100.008,4.810389610389606,7.407999999999994,20.790000000000017,13.50000000000001
550331978,3,CONGESTION_GT_10,BUFFER,primary,IMPUTED,LOCAL_SAME_CLASS,100.008,4.810389610389606,7.407999999999994,20.790000000000017,13.50000000000001
550742129#2,3,CONGESTION_GT_10,BUFFER,primary,IMPUTED,LOCAL_SAME_CLASS,100.008,4.810389610389606,7.407999999999994,20.790000000000017,13.50000000000001
550742129#6,3,CONGESTION_GT_10,BUFFER,primary,IMPUTED,LOCAL_SAME_CLASS,100.008,4.810389610389606,7.407999999999994,20.790000000000017,13.50000000000001
551180042#0,3,CONGESTION_GT_10,BUFFER,primary,IMPUTED,LOCAL_SAME_CLASS,100.008,4.810389610389606,7.407999999999994,20.790000000000017,13.50000000000001
551180042#2,3,CONGESTION_GT_10,BUFFER,primary,IMPUTED,LOCAL_SAME_CLASS,100.008,4.810389610389606,7.407999999999994,20.790000000000017,13.50000000000001
551180042#3,3,CONGESTION_GT_10,BUFFER,primary,IMPUTED,LOCAL_SAME_CLASS,100.008,4.810389610389606,7.407999999999992,20.790000000000017,13.500000000000012
551180407#2,3,CONGESTION_GT_10,BUFFER,primary,IMPUTED,LOCAL_SAME_CLASS,100.008,4.810389610389606,7.407999999999994,20.790000000000017,13.50000000000001
551180408#1,3,CONGESTION_GT_10,BUFFER,primary,IMPUTED,LOCAL_SAME_CLASS,100.008,4.810389610389606,7.407999999999994,20.790000000000017,13.50000000000001
551180408#3,3,CONGESTION_GT_10,BUFFER,primary,IMPUTED,LOCAL_SAME_CLASS,100.008,4.810389610389606,7.407999999999994,20.790000000000017,13.50000000000001
551180408#4,3,CONGESTION_GT_10,BUFFER,primary,IMPUTED,LOCAL_SAME_CLASS,100.008,4.810389610389606,7.407999999999994,20.790000000000017,13.50000000000001
551180408#5,3,CONGESTION_GT_10,BUFFER,primary,IMPUTED,LOCAL_SAME_CLASS,100.008,4.810389610389606,7.407999999999994,20.790000000000017,13.50000000000001
551180408#6,3,CONGESTION_GT_10,BUFFER,primary,IMPUTED,LOCAL_SAME_CLASS,100.008,4.810389610389606,7.407999999999992,20.790000000000017,13.500000000000012
551180408#7,3,CONGESTION_GT_10,BUFFER,primary,IMPUTED,LOCAL_SAME_CLASS,100.008,4.810389610389606,7.407999999999994,20.790000000000017,13.50000000000001
551974844#1,3,CONGESTION_GT_10,BUFFER,primary,IMPUTED,LOCAL_SAME_CLASS,60.01200000000001,2.8865800865800844,4.4453333333333305,20.790000000000017,13.50000000000001
946016872#10,3,CONGESTION_GT_10,BUFFER,primary,IMPUTED,LOCAL_SAME_CLASS,100.008,4.810389610389606,7.407999999999992,20.790000000000017,13.500000000000012
946016872#11,3,CONGESTION_GT_10,BUFFER,primary,IMPUTED,LOCAL_SAME_CLASS,100.008,4.810389610389606,7.407999999999994,20.790000000000017,13.50000000000001
946016872#14,3,CONGESTION_GT_10,BUFFER,primary,IMPUTED,LOCAL_SAME_CLASS,100.008,4.810389610389606,7.407999999999994,20.790000000000017,13.50000000000001
946016872#16,3,CONGESTION_GT_10,BUFFER,primary,IMPUTED,LOCAL_SAME_CLASS,100.008,4.810389610389606,7.407999999999994,20.790000000000017,13.50000000000001
946016872#3,3,CONGESTION_GT_10,BUFFER,primary,IMPUTED,LOCAL_SAME_CLASS,100.008,4.810389610389606,7.407999999999994,20.790000000000017,13.50000000000001
946016872#7,3,CONGESTION_GT_10,BUFFER,primary,IMPUTED,LOCAL_SAME_CLASS,100.008,4.810389610389606,7.407999999999994,20.790000000000017,13.50000000000001
946016872#8,3,CONGESTION_GT_10,BUFFER,primary,IMPUTED,LOCAL_SAME_CLASS,100.008,4.810389610389606,7.407999999999994,20.790000000000017,13.50000000000001
518796200#0,3,CONGESTION_GT_10,CORE,secondary,OBSERVED,NOT_NEEDED,100.008,8.36,9.69,11.96267942583732,10.320743034055727
518796200#1,3,CONGESTION_GT_10,CORE,secondary,OBSERVED,NOT_NEEDED,100.008,8.360000000000001,9.69,11.96267942583732,10.320743034055727
-37401478,3,CONGESTION_GT_10,BUFFER,secondary,OBSERVED,NOT_NEEDED,100.008,9.27,9.76,10.788349514563109,10.24672131147541
-801008456#0,3,CONGESTION_GT_10,BUFFER,secondary,OBSERVED,NOT_NEEDED,100.008,9.27,9.76,10.788349514563109,10.24672131147541
-801008456#1,3,CONGESTION_GT_10,BUFFER,secondary,OBSERVED,NOT_NEEDED,100.008,9.27,9.76,10.788349514563109,10.24672131147541
-801008456#2,3,CONGESTION_GT_10,BUFFER,secondary,OBSERVED,NOT_NEEDED,100.008,9.27,9.76,10.788349514563109,10.24672131147541
1416455118#0,3,CONGESTION_GT_10,BUFFER,secondary,OBSERVED,NOT_NEEDED,100.008,9.27,9.76,10.788349514563109,10.24672131147541
-833433717,3,VERY_LOW_SPEED,BUFFER,living_street,IMPUTED,LOCAL_ANY_CLASS,10.008,1.1624022662889493,1.521896430594898,8.609756097560993,6.576005961251874
833433717,3,VERY_LOW_SPEED,BUFFER,living_street,IMPUTED,LOCAL_ANY_CLASS,10.008,1.1624022662889493,1.521896430594898,8.609756097560993,6.576005961251874
-183521169,2,CONGESTION_GT_10,CORE,tertiary,OBSERVED,NOT_NEEDED,79.992,6.469999999999999,7.469999999999999,12.36352395672334,10.708433734939762
536149445#0,2,CONGESTION_GT_10,CORE,tertiary,OBSERVED,NOT_NEEDED,79.992,6.47,7.469999999999999,12.36352395672334,10.708433734939762
536149445#1,2,CONGESTION_GT_10,CORE,tertiary,OBSERVED,NOT_NEEDED,79.992,6.47,7.469999999999999,12.36352395672334,10.708433734939762
536149447#1,2,CONGESTION_GT_10,CORE,tertiary,OBSERVED,NOT_NEEDED,79.992,6.469999999999999,7.469999999999999,12.36352395672334,10.708433734939762
536149447#2,2,CONGESTION_GT_10,CORE,tertiary,PARTIAL_OBSERVED_PLUS_IMPUTED,LOCAL_SAME_CLASS,79.992,6.514388102349864,7.520563885553309,12.279280685034005,10.636436471693475
-1069458460,2,CONGESTION_GT_10,CORE,secondary,OBSERVED,NOT_NEEDED,100.008,9.23,9.910000000000007,10.835102925243769,10.091624621594342
37402230#0,1,CONGESTION_GT_10,CORE,primary,OBSERVED,NOT_NEEDED,100.008,4.499999999999999,4.499999999999999,22.224000000000004,22.224000000000004
37402230#10,1,CONGESTION_GT_10,CORE,primary,OBSERVED,NOT_NEEDED,100.008,4.499999999999999,4.499999999999999,22.224000000000004,22.224000000000004
37402230#4,1,CONGESTION_GT_10,CORE,primary,OBSERVED,NOT_NEEDED,100.008,4.499999999999999,4.499999999999999,22.224000000000004,22.224000000000004
1028953203,1,CONGESTION_GT_10,CORE,primary,OBSERVED,NOT_NEEDED,100.008,4.5,4.5,22.224,22.224
37402230#1,1,CONGESTION_GT_10,CORE,primary,OBSERVED,NOT_NEEDED,100.008,4.5,4.5,22.224,22.224
37402230#11,1,CONGESTION_GT_10,CORE,primary,OBSERVED,NOT_NEEDED,100.008,4.5,4.5,22.224,22.224
37402230#2,1,CONGESTION_GT_10,CORE,primary,OBSERVED,NOT_NEEDED,100.008,4.5,4.5,22.224,22.224
37402230#3,1,CONGESTION_GT_10,CORE,primary,OBSERVED,NOT_NEEDED,100.008,4.5,4.5,22.224,22.224
37402230#5,1,CONGESTION_GT_10,CORE,primary,OBSERVED,NOT_NEEDED,100.008,4.5,4.5,22.224,22.224
37402230#6,1,CONGESTION_GT_10,CORE,primary,OBSERVED,NOT_NEEDED,100.008,4.5,4.5,22.224,22.224
37402230#7,1,CONGESTION_GT_10,CORE,primary,OBSERVED,NOT_NEEDED,100.008,4.5,4.5,22.224,22.224
37402230#8,1,CONGESTION_GT_10,CORE,primary,OBSERVED,NOT_NEEDED,100.008,4.5,4.5,22.224,22.224
37402230#9,1,CONGESTION_GT_10,CORE,primary,OBSERVED,NOT_NEEDED,100.008,4.5,4.5,22.224,22.224
535722776,1,CONGESTION_GT_10,CORE,primary,PARTIAL_OBSERVED_PLUS_IMPUTED,LOCAL_SAME_CLASS,100.008,5.613660019117928,5.613660019117928,17.815115211717828,17.815115211717828
183895353#1,1,CONGESTION_GT_10,CORE,secondary,OBSERVED,NOT_NEEDED,100.008,9.24,9.24,10.823376623376625,10.823376623376625
183895353#2,1,CONGESTION_GT_10,CORE,secondary,OBSERVED,NOT_NEEDED,100.008,9.317350249339109,9.317350249339109,10.733523729785052,10.733523729785052
537813376,1,CONGESTION_GT_10,CORE,primary,PARTIAL_OBSERVED_PLUS_IMPUTED,LOCAL_SAME_CLASS,100.008,9.406042293681509,9.406042293681509,10.63231451416928,10.63231451416928
219054273#1,1,CONGESTION_GT_10,CORE,secondary,OBSERVED,NOT_NEEDED,100.008,9.619999999999996,9.619999999999996,10.395841995842,10.395841995842
1528761962#0,1,CONGESTION_GT_10,CORE,secondary,OBSERVED,NOT_NEEDED,100.008,9.62,9.62,10.395841995841996,10.395841995841996
1528761966#0,1,CONGESTION_GT_10,CORE,secondary,OBSERVED,NOT_NEEDED,100.008,9.62,9.62,10.395841995841996,10.395841995841996
1528761966#1,1,CONGESTION_GT_10,CORE,secondary,OBSERVED,NOT_NEEDED,100.008,9.62,9.62,10.395841995841996,10.395841995841996
1528761966#2,1,CONGESTION_GT_10,CORE,secondary,OBSERVED,NOT_NEEDED,100.008,9.62,9.62,10.395841995841996,10.395841995841996
219054273#0,1,CONGESTION_GT_10,CORE,secondary,OBSERVED,NOT_NEEDED,100.008,9.62,9.62,10.395841995841996,10.395841995841996
219054273#2,1,CONGESTION_GT_10,CORE,secondary,OBSERVED,NOT_NEEDED,100.008,9.62,9.62,10.395841995841996,10.395841995841996
219054273#3,1,CONGESTION_GT_10,CORE,secondary,OBSERVED,NOT_NEEDED,100.008,9.62,9.62,10.395841995841996,10.395841995841996
219054273#4,1,CONGESTION_GT_10,CORE,secondary,OBSERVED,NOT_NEEDED,100.008,9.62,9.62,10.395841995841996,10.395841995841996
518780124#0,1,CONGESTION_GT_10,CORE,primary,OBSERVED,NOT_NEEDED,100.008,9.620000000000006,9.620000000000006,10.39584199584199,10.39584199584199
-518807040#10,1,CONGESTION_GT_10,CORE,secondary,OBSERVED,NOT_NEEDED,100.008,9.63,9.63,10.38504672897196,10.38504672897196
-518807040#11,1,CONGESTION_GT_10,CORE,secondary,OBSERVED,NOT_NEEDED,100.008,9.63,9.63,10.38504672897196,10.38504672897196
-518807040#12,1,CONGESTION_GT_10,CORE,secondary,OBSERVED,NOT_NEEDED,100.008,9.63,9.63,10.38504672897196,10.38504672897196
-518807040#13,1,CONGESTION_GT_10,CORE,secondary,OBSERVED,NOT_NEEDED,100.008,9.63,9.63,10.38504672897196,10.38504672897196
-518807040#14,1,CONGESTION_GT_10,CORE,secondary,OBSERVED,NOT_NEEDED,100.008,9.63,9.63,10.38504672897196,10.38504672897196
-518807040#7,1,CONGESTION_GT_10,CORE,secondary,OBSERVED,NOT_NEEDED,100.008,9.63,9.63,10.38504672897196,10.38504672897196
-518807040#8,1,CONGESTION_GT_10,CORE,secondary,OBSERVED,NOT_NEEDED,100.008,9.63,9.63,10.38504672897196,10.38504672897196
-518807040#9,1,CONGESTION_GT_10,CORE,secondary,OBSERVED,NOT_NEEDED,100.008,9.63,9.63,10.38504672897196,10.38504672897196
518807030,1,CONGESTION_GT_10,CORE,primary,PARTIAL_OBSERVED_PLUS_IMPUTED,LOCAL_SAME_CLASS,100.008,9.891535409052752,9.891535409052752,10.110462720324742,10.110462720324742
183521163#1,1,CONGESTION_GT_10,CORE,secondary,OBSERVED,NOT_NEEDED,100.008,9.939999999999998,9.939999999999998,10.061167002012075,10.061167002012075
634224224,1,CONGESTION_GT_10,CORE,secondary,OBSERVED,NOT_NEEDED,100.008,9.939999999999998,9.939999999999998,10.061167002012075,10.061167002012075
183521163#0,1,CONGESTION_GT_10,CORE,secondary,OBSERVED,NOT_NEEDED,100.008,9.94,9.94,10.061167002012072,10.061167002012072
183521163#2,1,CONGESTION_GT_10,CORE,secondary,OBSERVED,NOT_NEEDED,100.008,9.940000000000008,9.940000000000008,10.061167002012064,10.061167002012064
