SUMO_EDGE_ID,N_OUTLIER_HOURS,OUTLIER_TYPES,REGION_TYPE,ROAD_CLASS,COST_SOURCE,IMPUTATION_METHOD,FREEFLOW_SPEED_KMH,MIN_SPEED_KMH,MAX_SPEED_KMH,MAX_CONGESTION_RATIO,MIN_CONGESTION_RATIO
-750681162#1,24,VERY_LOW_SPEED|VERY_LOW_SPEED|CONGESTION_GT_10,CORE,living_street,IMPUTED,LOCAL_ANY_CLASS,10.008,0.989194780505579,1.979424046076314,10.117319861802036,5.056016177957532
750681162#1,24,VERY_LOW_SPEED|VERY_LOW_SPEED|CONGESTION_GT_10,CORE,living_street,IMPUTED,LOCAL_ANY_CLASS,10.008,0.989194780505579,1.9794240460763133,10.117319861802036,5.056016177957534
-750681161,24,VERY_LOW_SPEED,CORE,living_street,IMPUTED,LOCAL_ANY_CLASS,10.008,1.0898850073645483,1.9427302944497704,9.182620122649777,5.151512810909511
-750681162#0,24,VERY_LOW_SPEED,CORE,living_street,IMPUTED,LOCAL_ANY_CLASS,10.008,1.0898850073645483,1.9427302944497704,9.182620122649777,5.151512810909511
750681161,24,VERY_LOW_SPEED,CORE,living_street,IMPUTED,LOCAL_ANY_CLASS,10.008,1.0898850073645483,1.94273029444977,9.182620122649777,5.151512810909512
750681162#0,24,VERY_LOW_SPEED,CORE,living_street,IMPUTED,LOCAL_ANY_CLASS,10.008,1.0898850073645483,1.9427302944497704,9.182620122649777,5.151512810909511
393513870,24,VERY_LOW_SPEED,CORE,residential,IMPUTED,LOCAL_SAME_CLASS,2.0160000000000005,0.393491720662347,1.095003599712023,5.123360655737706,1.8410898379970548
-780139454,22,VERY_LOW_SPEED,CORE,living_street,IMPUTED,LOCAL_ANY_CLASS,10.008,1.4736852051835854,1.94821723759306,6.791138273491214,5.137004132231404
780139454,22,VERY_LOW_SPEED,CORE,living_street,IMPUTED,LOCAL_ANY_CLASS,10.008,1.4736852051835854,1.94821723759306,6.791138273491214,5.137004132231404
-750681160,22,VERY_LOW_SPEED,CORE,living_street,IMPUTED,LOCAL_ANY_CLASS,10.008,1.4736852051835856,1.94821723759306,6.791138273491213,5.137004132231404
-780139453,22,VERY_LOW_SPEED,CORE,living_street,IMPUTED,LOCAL_ANY_CLASS,10.008,1.4736852051835856,1.94821723759306,6.791138273491213,5.137004132231404
750681160,22,VERY_LOW_SPEED,CORE,living_street,IMPUTED,LOCAL_ANY_CLASS,10.008,1.4736852051835856,1.94821723759306,6.791138273491213,5.137004132231404
780139453,22,VERY_LOW_SPEED,CORE,living_street,IMPUTED,LOCAL_ANY_CLASS,10.008,1.4736852051835856,1.94821723759306,6.791138273491213,5.137004132231404
-474021827,17,VERY_LOW_SPEED,BUFFER,living_street,IMPUTED,LOCAL_ANY_CLASS,10.008,1.6645468573703006,1.895680249539431,6.012447144810888,5.279371350960434
474021827,17,VERY_LOW_SPEED,BUFFER,living_street,IMPUTED,LOCAL_ANY_CLASS,10.008,1.6645468573703006,1.895680249539431,6.012447144810888,5.279371350960434
-474023852,17,VERY_LOW_SPEED,BUFFER,living_street,IMPUTED,LOCAL_ANY_CLASS,10.008,1.6645468573703008,1.8956802495394305,6.012447144810887,5.279371350960436
474023852,17,VERY_LOW_SPEED,BUFFER,living_street,IMPUTED,LOCAL_ANY_CLASS,10.008,1.6645468573703008,1.8956802495394305,6.012447144810887,5.279371350960436
-348539232#1,10,VERY_LOW_SPEED,BUFFER,living_street,IMPUTED,LOCAL_ANY_CLASS,10.008,1.7215481548154814,1.9530063006300635,5.813372093023256,5.124407431133887
-348539232#2,10,VERY_LOW_SPEED,BUFFER,living_street,IMPUTED,LOCAL_ANY_CLASS,10.008,1.7215481548154814,1.9530063006300635,5.813372093023256,5.124407431133887
-348539232#3,10,VERY_LOW_SPEED,BUFFER,living_street,IMPUTED,LOCAL_ANY_CLASS,10.008,1.7215481548154814,1.9530063006300635,5.813372093023256,5.124407431133887
-615175726#2,10,VERY_LOW_SPEED,BUFFER,living_street,IMPUTED,LOCAL_ANY_CLASS,10.008,1.7215481548154814,1.9530063006300635,5.813372093023256,5.124407431133887
-615175726#3,10,VERY_LOW_SPEED,BUFFER,living_street,IMPUTED,LOCAL_ANY_CLASS,10.008,1.7215481548154814,1.9530063006300635,5.813372093023256,5.124407431133887
-769655224#1,10,VERY_LOW_SPEED,BUFFER,living_street,IMPUTED,LOCAL_ANY_CLASS,10.008,1.7215481548154814,1.9530063006300635,5.813372093023256,5.124407431133887
348539232#1,10,VERY_LOW_SPEED,BUFFER,living_street,IMPUTED,LOCAL_ANY_CLASS,10.008,1.7215481548154814,1.9530063006300635,5.813372093023256,5.124407431133887
348539232#2,10,VERY_LOW_SPEED,BUFFER,living_street,IMPUTED,LOCAL_ANY_CLASS,10.008,1.7215481548154814,1.9530063006300635,5.813372093023256,5.124407431133887
348539232#3,10,VERY_LOW_SPEED,BUFFER,living_street,IMPUTED,LOCAL_ANY_CLASS,10.008,1.7215481548154814,1.9530063006300629,5.813372093023256,5.124407431133888
615175726#2,10,VERY_LOW_SPEED,BUFFER,living_street,IMPUTED,LOCAL_ANY_CLASS,10.008,1.7215481548154814,1.9530063006300635,5.813372093023256,5.124407431133887
615175726#3,10,VERY_LOW_SPEED,BUFFER,living_street,IMPUTED,LOCAL_ANY_CLASS,10.008,1.7215481548154814,1.9530063006300635,5.813372093023256,5.124407431133887
-348539232#0,10,VERY_LOW_SPEED,BUFFER,living_street,IMPUTED,LOCAL_ANY_CLASS,10.008,1.7215481548154816,1.9530063006300635,5.813372093023255,5.124407431133887
348539232#0,10,VERY_LOW_SPEED,BUFFER,living_street,IMPUTED,LOCAL_ANY_CLASS,10.008,1.7215481548154816,1.9530063006300635,5.813372093023255,5.124407431133887
769655224#1,10,VERY_LOW_SPEED,BUFFER,living_street,IMPUTED,LOCAL_ANY_CLASS,10.008,1.752826282628263,1.9530063006300635,5.709635974304067,5.124407431133887
-1136829931#4,8,VERY_LOW_SPEED,BUFFER,living_street,IMPUTED,LOCAL_ANY_CLASS,10.008,1.465792181069958,1.96630658436214,6.827707317073174,5.089745454545454
-381034867#1,8,VERY_LOW_SPEED,BUFFER,living_street,IMPUTED,LOCAL_ANY_CLASS,10.008,1.465792181069958,1.96630658436214,6.827707317073174,5.089745454545454
1136829926#2,8,VERY_LOW_SPEED,BUFFER,living_street,IMPUTED,LOCAL_ANY_CLASS,10.008,1.465792181069958,1.96630658436214,6.827707317073174,5.089745454545454
381034867#1,8,VERY_LOW_SPEED,BUFFER,living_street,IMPUTED,LOCAL_ANY_CLASS,10.008,1.465792181069958,1.96630658436214,6.827707317073174,5.089745454545454
-1136829926#1,8,VERY_LOW_SPEED,BUFFER,living_street,IMPUTED,LOCAL_ANY_CLASS,10.008,1.4657921810699583,1.96630658436214,6.827707317073172,5.089745454545454
-1136829926#2,8,VERY_LOW_SPEED,BUFFER,living_street,IMPUTED,LOCAL_ANY_CLASS,10.008,1.4657921810699583,1.96630658436214,6.827707317073172,5.089745454545454
-1136829931#0,8,VERY_LOW_SPEED,BUFFER,living_street,IMPUTED,LOCAL_ANY_CLASS,10.008,1.4657921810699583,1.96630658436214,6.827707317073172,5.089745454545454
-1136829931#1,8,VERY_LOW_SPEED,BUFFER,living_street,IMPUTED,LOCAL_ANY_CLASS,10.008,1.4657921810699583,1.96630658436214,6.827707317073172,5.089745454545454
-1136829931#2,8,VERY_LOW_SPEED,BUFFER,living_street,IMPUTED,LOCAL_ANY_CLASS,10.008,1.4657921810699583,1.96630658436214,6.827707317073172,5.089745454545454
-1136829931#3,8,VERY_LOW_SPEED,BUFFER,living_street,IMPUTED,LOCAL_ANY_CLASS,10.008,1.4657921810699583,1.96630658436214,6.827707317073172,5.089745454545454
-1136829932#0,8,VERY_LOW_SPEED,BUFFER,living_street,IMPUTED,LOCAL_ANY_CLASS,10.008,1.4657921810699583,1.96630658436214,6.827707317073172,5.089745454545454
-1136829932#1,8,VERY_LOW_SPEED,BUFFER,living_street,IMPUTED,LOCAL_ANY_CLASS,10.008,1.4657921810699583,1.96630658436214,6.827707317073172,5.089745454545454
-1136829934#0,8,VERY_LOW_SPEED,BUFFER,living_street,IMPUTED,LOCAL_ANY_CLASS,10.008,1.4657921810699583,1.96630658436214,6.827707317073172,5.089745454545454
-1136829934#1,8,VERY_LOW_SPEED,BUFFER,living_street,IMPUTED,LOCAL_ANY_CLASS,10.008,1.4657921810699583,1.96630658436214,6.827707317073172,5.089745454545454
-1136829934#2,8,VERY_LOW_SPEED,BUFFER,living_street,IMPUTED,LOCAL_ANY_CLASS,10.008,1.4657921810699583,1.96630658436214,6.827707317073172,5.089745454545454
-1136829935,8,VERY_LOW_SPEED,BUFFER,living_street,IMPUTED,LOCAL_ANY_CLASS,10.008,1.4657921810699583,1.96630658436214,6.827707317073172,5.089745454545454
-381034867#2,8,VERY_LOW_SPEED,BUFFER,living_street,IMPUTED,LOCAL_ANY_CLASS,10.008,1.4657921810699583,1.96630658436214,6.827707317073172,5.089745454545454
-477841175,8,VERY_LOW_SPEED,BUFFER,living_street,IMPUTED,LOCAL_ANY_CLASS,10.008,1.4657921810699583,1.96630658436214,6.827707317073172,5.089745454545454
1136829926#1,8,VERY_LOW_SPEED,BUFFER,living_street,IMPUTED,LOCAL_ANY_CLASS,10.008,1.4657921810699583,1.96630658436214,6.827707317073172,5.089745454545454
1136829931#0,8,VERY_LOW_SPEED,BUFFER,living_street,IMPUTED,LOCAL_ANY_CLASS,10.008,1.4657921810699583,1.96630658436214,6.827707317073172,5.089745454545454
1136829931#1,8,VERY_LOW_SPEED,BUFFER,living_street,IMPUTED,LOCAL_ANY_CLASS,10.008,1.4657921810699583,1.96630658436214,6.827707317073172,5.089745454545454
1136829931#2,8,VERY_LOW_SPEED,BUFFER,living_street,IMPUTED,LOCAL_ANY_CLASS,10.008,1.4657921810699583,1.96630658436214,6.827707317073172,5.089745454545454
1136829931#3,8,VERY_LOW_SPEED,BUFFER,living_street,IMPUTED,LOCAL_ANY_CLASS,10.008,1.4657921810699583,1.96630658436214,6.827707317073172,5.089745454545454
1136829931#4,8,VERY_LOW_SPEED,BUFFER,living_street,IMPUTED,LOCAL_ANY_CLASS,10.008,1.4657921810699583,1.96630658436214,6.827707317073172,5.089745454545454
1136829932#0,8,VERY_LOW_SPEED,BUFFER,living_street,IMPUTED,LOCAL_ANY_CLASS,10.008,1.4657921810699583,1.96630658436214,6.827707317073172,5.089745454545454
1136829932#1,8,VERY_LOW_SPEED,BUFFER,living_street,IMPUTED,LOCAL_ANY_CLASS,10.008,1.4657921810699583,1.96630658436214,6.827707317073172,5.089745454545454
1136829934#0,8,VERY_LOW_SPEED,BUFFER,living_street,IMPUTED,LOCAL_ANY_CLASS,10.008,1.4657921810699583,1.96630658436214,6.827707317073172,5.089745454545454
1136829934#1,8,VERY_LOW_SPEED,BUFFER,living_street,IMPUTED,LOCAL_ANY_CLASS,10.008,1.4657921810699583,1.96630658436214,6.827707317073172,5.089745454545454
1136829934#2,8,VERY_LOW_SPEED,BUFFER,living_street,IMPUTED,LOCAL_ANY_CLASS,10.008,1.4657921810699583,1.96630658436214,6.827707317073172,5.089745454545454
1136829935,8,VERY_LOW_SPEED,BUFFER,living_street,IMPUTED,LOCAL_ANY_CLASS,10.008,1.4657921810699583,1.96630658436214,6.827707317073172,5.089745454545454
381034867#2,8,VERY_LOW_SPEED,BUFFER,living_street,IMPUTED,LOCAL_ANY_CLASS,10.008,1.4657921810699583,1.96630658436214,6.827707317073172,5.089745454545454
477841175,8,VERY_LOW_SPEED,BUFFER,living_street,IMPUTED,LOCAL_ANY_CLASS,10.008,1.4657921810699583,1.96630658436214,6.827707317073172,5.089745454545454
-379555974#0,5,VERY_LOW_SPEED,BUFFER,living_street,IMPUTED,LOCAL_ANY_CLASS,10.008,1.530100791936645,1.962411807055436,6.540745585349902,5.099847016828147
-379555974#2,5,VERY_LOW_SPEED,BUFFER,living_street,IMPUTED,LOCAL_ANY_CLASS,10.008,1.530100791936645,1.962411807055436,6.540745585349902,5.099847016828147
-379555987,5,VERY_LOW_SPEED,BUFFER,living_street,IMPUTED,LOCAL_ANY_CLASS,10.008,1.530100791936645,1.962411807055436,6.540745585349902,5.099847016828147
-793763775,5,VERY_LOW_SPEED,BUFFER,living_street,IMPUTED,LOCAL_ANY_CLASS,10.008,1.530100791936645,1.962411807055436,6.540745585349902,5.099847016828147
379555974#0,5,VERY_LOW_SPEED,BUFFER,living_street,IMPUTED,LOCAL_ANY_CLASS,10.008,1.530100791936645,1.962411807055436,6.540745585349902,5.099847016828147
379555974#1,5,VERY_LOW_SPEED,BUFFER,living_street,IMPUTED,LOCAL_ANY_CLASS,10.008,1.530100791936645,1.962411807055436,6.540745585349902,5.099847016828147
379555974#2,5,VERY_LOW_SPEED,BUFFER,living_street,IMPUTED,LOCAL_ANY_CLASS,10.008,1.530100791936645,1.962411807055436,6.540745585349902,5.099847016828147
379555987,5,VERY_LOW_SPEED,BUFFER,living_street,IMPUTED,LOCAL_ANY_CLASS,10.008,1.530100791936645,1.962411807055436,6.540745585349902,5.099847016828147
793763775,5,VERY_LOW_SPEED,BUFFER,living_street,IMPUTED,LOCAL_ANY_CLASS,10.008,1.530100791936645,1.962411807055436,6.540745585349902,5.099847016828147
-379555974#1,5,VERY_LOW_SPEED,BUFFER,living_street,IMPUTED,LOCAL_ANY_CLASS,10.008,1.5301007919366452,1.962411807055436,6.540745585349901,5.099847016828147
-379555999,5,VERY_LOW_SPEED,BUFFER,living_street,IMPUTED,LOCAL_ANY_CLASS,10.008,1.5301007919366452,1.962411807055436,6.540745585349901,5.099847016828147
379555999,5,VERY_LOW_SPEED,BUFFER,living_street,IMPUTED,LOCAL_ANY_CLASS,10.008,1.5301007919366452,1.962411807055436,6.540745585349901,5.099847016828147
-750645016,5,VERY_LOW_SPEED,CORE,living_street,IMPUTED,LOCAL_ANY_CLASS,10.008,1.588142548596112,1.8853563714902808,6.301701323251418,5.3082802547770696
-750645014#1,5,VERY_LOW_SPEED,CORE,living_street,IMPUTED,LOCAL_ANY_CLASS,10.008,1.5881425485961125,1.8853563714902808,6.301701323251416,5.3082802547770696
-750645015#1,5,VERY_LOW_SPEED,CORE,living_street,IMPUTED,LOCAL_ANY_CLASS,10.008,1.5881425485961125,1.88535637149028,6.301701323251416,5.308280254777072
750645014#1,5,VERY_LOW_SPEED,CORE,living_street,IMPUTED,LOCAL_ANY_CLASS,10.008,1.5881425485961125,1.8853563714902808,6.301701323251416,5.3082802547770696
750645015#1,5,VERY_LOW_SPEED,CORE,living_street,IMPUTED,LOCAL_ANY_CLASS,10.008,1.5881425485961125,1.88535637149028,6.301701323251416,5.308280254777072
750645016,5,VERY_LOW_SPEED,CORE,living_street,IMPUTED,LOCAL_ANY_CLASS,10.008,1.5881425485961125,1.8853563714902808,6.301701323251416,5.3082802547770696
-751454830#2,5,VERY_LOW_SPEED,CORE,living_street,IMPUTED,LOCAL_ANY_CLASS,10.008,1.719236861051116,1.92638588912887,5.821187427240977,5.195220779220778
-845545976#4,5,VERY_LOW_SPEED,CORE,living_street,IMPUTED,LOCAL_ANY_CLASS,10.008,1.719236861051116,1.9263858891288697,5.821187427240977,5.1952207792207785
-845545977#0,5,VERY_LOW_SPEED,CORE,living_street,IMPUTED,LOCAL_ANY_CLASS,10.008,1.719236861051116,1.92638588912887,5.821187427240977,5.195220779220778
-845545978,5,VERY_LOW_SPEED,CORE,living_street,IMPUTED,LOCAL_ANY_CLASS,10.008,1.719236861051116,1.9263858891288697,5.821187427240977,5.1952207792207785
-845545981#0,5,VERY_LOW_SPEED,CORE,living_street,IMPUTED,LOCAL_ANY_CLASS,10.008,1.719236861051116,1.92638588912887,5.821187427240977,5.195220779220778
-845545985#2,5,VERY_LOW_SPEED,CORE,living_street,IMPUTED,LOCAL_ANY_CLASS,10.008,1.719236861051116,1.92638588912887,5.821187427240977,5.195220779220778
-845545986,5,VERY_LOW_SPEED,CORE,living_street,IMPUTED,LOCAL_ANY_CLASS,10.008,1.719236861051116,1.92638588912887,5.821187427240977,5.195220779220778
-845545987,5,VERY_LOW_SPEED,CORE,living_street,IMPUTED,LOCAL_ANY_CLASS,10.008,1.719236861051116,1.92638588912887,5.821187427240977,5.195220779220778
-845545989#1,5,VERY_LOW_SPEED,CORE,living_street,IMPUTED,LOCAL_ANY_CLASS,10.008,1.719236861051116,1.9263858891288697,5.821187427240977,5.1952207792207785
751454830#2,5,VERY_LOW_SPEED,CORE,living_street,IMPUTED,LOCAL_ANY_CLASS,10.008,1.719236861051116,1.92638588912887,5.821187427240977,5.195220779220778
751537257#0,5,VERY_LOW_SPEED,CORE,living_street,IMPUTED,LOCAL_ANY_CLASS,10.008,1.719236861051116,1.92638588912887,5.821187427240977,5.195220779220778
845545977#0,5,VERY_LOW_SPEED,CORE,living_street,IMPUTED,LOCAL_ANY_CLASS,10.008,1.719236861051116,1.92638588912887,5.821187427240977,5.195220779220778
845545981#0,5,VERY_LOW_SPEED,CORE,living_street,IMPUTED,LOCAL_ANY_CLASS,10.008,1.719236861051116,1.92638588912887,5.821187427240977,5.195220779220778
845545981#2,5,VERY_LOW_SPEED,CORE,living_street,IMPUTED,LOCAL_ANY_CLASS,10.008,1.719236861051116,1.92638588912887,5.821187427240977,5.195220779220778
845545985#2,5,VERY_LOW_SPEED,CORE,living_street,IMPUTED,LOCAL_ANY_CLASS,10.008,1.719236861051116,1.92638588912887,5.821187427240977,5.195220779220778
845545989#1,5,VERY_LOW_SPEED,CORE,living_street,IMPUTED,LOCAL_ANY_CLASS,10.008,1.719236861051116,1.9263858891288697,5.821187427240977,5.1952207792207785
845545990,5,VERY_LOW_SPEED,CORE,living_street,IMPUTED,LOCAL_ANY_CLASS,10.008,1.719236861051116,1.9263858891288697,5.821187427240977,5.1952207792207785
845545991#1,5,VERY_LOW_SPEED,CORE,living_street,IMPUTED,LOCAL_ANY_CLASS,10.008,1.719236861051116,1.92638588912887,5.821187427240977,5.195220779220778
-379747419#0,5,VERY_LOW_SPEED,CORE,living_street,IMPUTED,LOCAL_ANY_CLASS,10.008,1.7192368610511162,1.9263858891288697,5.821187427240976,5.1952207792207785
-379747419#1,5,VERY_LOW_SPEED,CORE,living_street,IMPUTED,LOCAL_ANY_CLASS,10.008,1.7192368610511162,1.92638588912887,5.821187427240976,5.195220779220778
-751454830#0,5,VERY_LOW_SPEED,CORE,living_street,IMPUTED,LOCAL_ANY_CLASS,10.008,1.7192368610511162,1.92638588912887,5.821187427240976,5.195220779220778
-751454830#3,5,VERY_LOW_SPEED,CORE,living_street,IMPUTED,LOCAL_ANY_CLASS,10.008,1.7192368610511162,1.92638588912887,5.821187427240976,5.195220779220778
-751454830#4,5,VERY_LOW_SPEED,CORE,living_street,IMPUTED,LOCAL_ANY_CLASS,10.008,1.7192368610511162,1.92638588912887,5.821187427240976,5.195220779220778
-751454830#5,5,VERY_LOW_SPEED,CORE,living_street,IMPUTED,LOCAL_ANY_CLASS,10.008,1.7192368610511162,1.92638588912887,5.821187427240976,5.195220779220778
-751454830#6,5,VERY_LOW_SPEED,CORE,living_street,IMPUTED,LOCAL_ANY_CLASS,10.008,1.7192368610511162,1.92638588912887,5.821187427240976,5.195220779220778
-751537256,5,VERY_LOW_SPEED,CORE,living_street,IMPUTED,LOCAL_ANY_CLASS,10.008,1.7192368610511162,1.92638588912887,5.821187427240976,5.195220779220778
-751537257#0,5,VERY_LOW_SPEED,CORE,living_street,IMPUTED,LOCAL_ANY_CLASS,10.008,1.7192368610511162,1.9263858891288697,5.821187427240976,5.1952207792207785
-751537257#1,5,VERY_LOW_SPEED,CORE,living_street,IMPUTED,LOCAL_ANY_CLASS,10.008,1.7192368610511162,1.9263858891288697,5.821187427240976,5.1952207792207785
-751537258,5,VERY_LOW_SPEED,CORE,living_street,IMPUTED,LOCAL_ANY_CLASS,10.008,1.7192368610511162,1.9263858891288697,5.821187427240976,5.1952207792207785
-751537259,5,VERY_LOW_SPEED,CORE,living_street,IMPUTED,LOCAL_ANY_CLASS,10.008,1.7192368610511162,1.92638588912887,5.821187427240976,5.195220779220778
-845545976#0,5,VERY_LOW_SPEED,CORE,living_street,IMPUTED,LOCAL_ANY_CLASS,10.008,1.7192368610511162,1.92638588912887,5.821187427240976,5.195220779220778
-845545976#1,5,VERY_LOW_SPEED,CORE,living_street,IMPUTED,LOCAL_ANY_CLASS,10.008,1.7192368610511162,1.92638588912887,5.821187427240976,5.195220779220778
-845545976#3,5,VERY_LOW_SPEED,CORE,living_street,IMPUTED,LOCAL_ANY_CLASS,10.008,1.7192368610511162,1.92638588912887,5.821187427240976,5.195220779220778
-845545977#1,5,VERY_LOW_SPEED,CORE,living_street,IMPUTED,LOCAL_ANY_CLASS,10.008,1.7192368610511162,1.92638588912887,5.821187427240976,5.195220779220778
-845545980,5,VERY_LOW_SPEED,CORE,living_street,IMPUTED,LOCAL_ANY_CLASS,10.008,1.7192368610511162,1.9263858891288697,5.821187427240976,5.1952207792207785
-845545981#1,5,VERY_LOW_SPEED,CORE,living_street,IMPUTED,LOCAL_ANY_CLASS,10.008,1.7192368610511162,1.9263858891288697,5.821187427240976,5.1952207792207785
-845545981#2,5,VERY_LOW_SPEED,CORE,living_street,IMPUTED,LOCAL_ANY_CLASS,10.008,1.7192368610511162,1.92638588912887,5.821187427240976,5.195220779220778
-845545981#3,5,VERY_LOW_SPEED,CORE,living_street,IMPUTED,LOCAL_ANY_CLASS,10.008,1.7192368610511162,1.92638588912887,5.821187427240976,5.195220779220778
-845545982,5,VERY_LOW_SPEED,CORE,living_street,IMPUTED,LOCAL_ANY_CLASS,10.008,1.7192368610511162,1.9263858891288697,5.821187427240976,5.1952207792207785
-845545983,5,VERY_LOW_SPEED,CORE,living_street,IMPUTED,LOCAL_ANY_CLASS,10.008,1.7192368610511162,1.92638588912887,5.821187427240976,5.195220779220778
-845545985#1,5,VERY_LOW_SPEED,CORE,living_street,IMPUTED,LOCAL_ANY_CLASS,10.008,1.7192368610511162,1.92638588912887,5.821187427240976,5.195220779220778
-845545989#0,5,VERY_LOW_SPEED,CORE,living_street,IMPUTED,LOCAL_ANY_CLASS,10.008,1.7192368610511162,1.92638588912887,5.821187427240976,5.195220779220778
-845545990,5,VERY_LOW_SPEED,CORE,living_street,IMPUTED,LOCAL_ANY_CLASS,10.008,1.7192368610511162,1.92638588912887,5.821187427240976,5.195220779220778
-845545991#1,5,VERY_LOW_SPEED,CORE,living_street,IMPUTED,LOCAL_ANY_CLASS,10.008,1.7192368610511162,1.92638588912887,5.821187427240976,5.195220779220778
-845545992,5,VERY_LOW_SPEED,CORE,living_street,IMPUTED,LOCAL_ANY_CLASS,10.008,1.7192368610511162,1.92638588912887,5.821187427240976,5.195220779220778
379747419#0,5,VERY_LOW_SPEED,CORE,living_street,IMPUTED,LOCAL_ANY_CLASS,10.008,1.7192368610511162,1.9263858891288697,5.821187427240976,5.1952207792207785
379747419#1,5,VERY_LOW_SPEED,CORE,living_street,IMPUTED,LOCAL_ANY_CLASS,10.008,1.7192368610511162,1.92638588912887,5.821187427240976,5.195220779220778
751454830#0,5,VERY_LOW_SPEED,CORE,living_street,IMPUTED,LOCAL_ANY_CLASS,10.008,1.7192368610511162,1.92638588912887,5.821187427240976,5.195220779220778
751454830#3,5,VERY_LOW_SPEED,CORE,living_street,IMPUTED,LOCAL_ANY_CLASS,10.008,1.7192368610511162,1.9263858891288697,5.821187427240976,5.1952207792207785
751454830#4,5,VERY_LOW_SPEED,CORE,living_street,IMPUTED,LOCAL_ANY_CLASS,10.008,1.7192368610511162,1.9263858891288697,5.821187427240976,5.1952207792207785
751454830#5,5,VERY_LOW_SPEED,CORE,living_street,IMPUTED,LOCAL_ANY_CLASS,10.008,1.7192368610511162,1.92638588912887,5.821187427240976,5.195220779220778
751454830#6,5,VERY_LOW_SPEED,CORE,living_street,IMPUTED,LOCAL_ANY_CLASS,10.008,1.7192368610511162,1.92638588912887,5.821187427240976,5.195220779220778
751537256,5,VERY_LOW_SPEED,CORE,living_street,IMPUTED,LOCAL_ANY_CLASS,10.008,1.7192368610511162,1.92638588912887,5.821187427240976,5.195220779220778
751537257#1,5,VERY_LOW_SPEED,CORE,living_street,IMPUTED,LOCAL_ANY_CLASS,10.008,1.7192368610511162,1.9263858891288697,5.821187427240976,5.1952207792207785
751537258,5,VERY_LOW_SPEED,CORE,living_street,IMPUTED,LOCAL_ANY_CLASS,10.008,1.7192368610511162,1.9263858891288697,5.821187427240976,5.1952207792207785
751537259,5,VERY_LOW_SPEED,CORE,living_street,IMPUTED,LOCAL_ANY_CLASS,10.008,1.7192368610511162,1.92638588912887,5.821187427240976,5.195220779220778
845545976#0,5,VERY_LOW_SPEED,CORE,living_street,IMPUTED,LOCAL_ANY_CLASS,10.008,1.7192368610511162,1.92638588912887,5.821187427240976,5.195220779220778
845545976#1,5,VERY_LOW_SPEED,CORE,living_street,IMPUTED,LOCAL_ANY_CLASS,10.008,1.7192368610511162,1.92638588912887,5.821187427240976,5.195220779220778
845545976#3,5,VERY_LOW_SPEED,CORE,living_street,IMPUTED,LOCAL_ANY_CLASS,10.008,1.7192368610511162,1.92638588912887,5.821187427240976,5.195220779220778
845545976#4,5,VERY_LOW_SPEED,CORE,living_street,IMPUTED,LOCAL_ANY_CLASS,10.008,1.7192368610511162,1.9263858891288697,5.821187427240976,5.1952207792207785
845545977#1,5,VERY_LOW_SPEED,CORE,living_street,IMPUTED,LOCAL_ANY_CLASS,10.008,1.7192368610511162,1.92638588912887,5.821187427240976,5.195220779220778
845545978,5,VERY_LOW_SPEED,CORE,living_street,IMPUTED,LOCAL_ANY_CLASS,10.008,1.7192368610511162,1.92638588912887,5.821187427240976,5.195220779220778
845545980,5,VERY_LOW_SPEED,CORE,living_street,IMPUTED,LOCAL_ANY_CLASS,10.008,1.7192368610511162,1.9263858891288697,5.821187427240976,5.1952207792207785
845545981#1,5,VERY_LOW_SPEED,CORE,living_street,IMPUTED,LOCAL_ANY_CLASS,10.008,1.7192368610511162,1.9263858891288697,5.821187427240976,5.1952207792207785
845545981#3,5,VERY_LOW_SPEED,CORE,living_street,IMPUTED,LOCAL_ANY_CLASS,10.008,1.7192368610511162,1.9263858891288697,5.821187427240976,5.1952207792207785
845545982,5,VERY_LOW_SPEED,CORE,living_street,IMPUTED,LOCAL_ANY_CLASS,10.008,1.7192368610511162,1.9263858891288697,5.821187427240976,5.1952207792207785
845545983,5,VERY_LOW_SPEED,CORE,living_street,IMPUTED,LOCAL_ANY_CLASS,10.008,1.7192368610511162,1.92638588912887,5.821187427240976,5.195220779220778
845545985#1,5,VERY_LOW_SPEED,CORE,living_street,IMPUTED,LOCAL_ANY_CLASS,10.008,1.7192368610511162,1.9263858891288697,5.821187427240976,5.1952207792207785
845545986,5,VERY_LOW_SPEED,CORE,living_street,IMPUTED,LOCAL_ANY_CLASS,10.008,1.7192368610511162,1.9263858891288697,5.821187427240976,5.1952207792207785
845545987,5,VERY_LOW_SPEED,CORE,living_street,IMPUTED,LOCAL_ANY_CLASS,10.008,1.7192368610511162,1.9263858891288697,5.821187427240976,5.1952207792207785
845545989#0,5,VERY_LOW_SPEED,CORE,living_street,IMPUTED,LOCAL_ANY_CLASS,10.008,1.7192368610511162,1.92638588912887,5.821187427240976,5.195220779220778
845545992,5,VERY_LOW_SPEED,CORE,living_street,IMPUTED,LOCAL_ANY_CLASS,10.008,1.7192368610511162,1.92638588912887,5.821187427240976,5.195220779220778
-1390014875#0,4,VERY_LOW_SPEED,BUFFER,living_street,IMPUTED,LOCAL_ANY_CLASS,10.008,1.456047516198704,1.9464002879769613,6.8734020618556695,5.141799485861183
-1390014875#1,4,VERY_LOW_SPEED,BUFFER,living_street,IMPUTED,LOCAL_ANY_CLASS,10.008,1.456047516198704,1.9464002879769613,6.8734020618556695,5.141799485861183
-1390014876,4,VERY_LOW_SPEED,BUFFER,living_street,IMPUTED,LOCAL_ANY_CLASS,10.008,1.456047516198704,1.9464002879769613,6.8734020618556695,5.141799485861183
1390014874,4,VERY_LOW_SPEED,BUFFER,living_street,IMPUTED,LOCAL_ANY_CLASS,10.008,1.456047516198704,1.9464002879769613,6.8734020618556695,5.141799485861183
1390014875#1,4,VERY_LOW_SPEED,BUFFER,living_street,IMPUTED,LOCAL_ANY_CLASS,10.008,1.456047516198704,1.9464002879769613,6.8734020618556695,5.141799485861183
1390014876,4,VERY_LOW_SPEED,BUFFER,living_street,IMPUTED,LOCAL_ANY_CLASS,10.008,1.456047516198704,1.9464002879769613,6.8734020618556695,5.141799485861183
-1390014873#0,4,VERY_LOW_SPEED,BUFFER,living_street,IMPUTED,LOCAL_ANY_CLASS,10.008,1.4560475161987043,1.9464002879769613,6.873402061855669,5.141799485861183
-1390014873#1,4,VERY_LOW_SPEED,BUFFER,living_street,IMPUTED,LOCAL_ANY_CLASS,10.008,1.4560475161987043,1.9464002879769613,6.873402061855669,5.141799485861183
-1390014874,4,VERY_LOW_SPEED,BUFFER,living_street,IMPUTED,LOCAL_ANY_CLASS,10.008,1.4560475161987043,1.9464002879769613,6.873402061855669,5.141799485861183
1390014873#0,4,VERY_LOW_SPEED,BUFFER,living_street,IMPUTED,LOCAL_ANY_CLASS,10.008,1.4560475161987043,1.9464002879769613,6.873402061855669,5.141799485861183
1390014873#1,4,VERY_LOW_SPEED,BUFFER,living_street,IMPUTED,LOCAL_ANY_CLASS,10.008,1.4560475161987043,1.9464002879769613,6.873402061855669,5.141799485861183
1390014875#0,4,VERY_LOW_SPEED,BUFFER,living_street,IMPUTED,LOCAL_ANY_CLASS,10.008,1.4560475161987043,1.9464002879769613,6.873402061855669,5.141799485861183
914304804#0,3,CONGESTION_GT_10|VERY_LOW_SPEED|CONGESTION_GT_10,BUFFER,primary,IMPUTED,LOCAL_SAME_CLASS,60.01200000000001,1.5004500450045004,2.310693069306931,39.99600000000001,25.97142857142857
914304804#1,3,CONGESTION_GT_10|VERY_LOW_SPEED|CONGESTION_GT_10,BUFFER,primary,IMPUTED,LOCAL_SAME_CLASS,60.01200000000001,1.5004500450045004,2.310693069306931,39.99600000000001,25.97142857142857
-218790202#17,3,VERY_LOW_SPEED|CONGESTION_GT_10,BUFFER,primary,IMPUTED,LOCAL_SAME_CLASS,50.004000000000005,1.2502250225022502,1.9253465346534653,39.996,25.97142857142857
1151978488#0,3,CONGESTION_GT_10,BUFFER,primary,IMPUTED,LOCAL_SAME_CLASS,79.992,2.0,3.0800000000000005,39.996,25.971428571428568
1151978488#1,3,CONGESTION_GT_10,BUFFER,primary,IMPUTED,LOCAL_SAME_CLASS,79.992,2.0,3.08,39.996,25.97142857142857
1478788859#5,3,CONGESTION_GT_10,BUFFER,primary,IMPUTED,LOCAL_SAME_CLASS,100.008,2.5004500450045004,3.8506930693069306,39.996,25.97142857142857
183895364#2,3,CONGESTION_GT_10|VERY_LOW_SPEED|CONGESTION_GT_10,BUFFER,primary,IMPUTED,LOCAL_SAME_CLASS,60.01200000000001,1.5004500450045006,2.310693069306931,39.996,25.97142857142857
218790202#17,3,VERY_LOW_SPEED|CONGESTION_GT_10,BUFFER,primary,IMPUTED,LOCAL_SAME_CLASS,50.004000000000005,1.2502250225022502,1.9253465346534653,39.996,25.97142857142857
381025735#3,3,CONGESTION_GT_10,BUFFER,primary,IMPUTED,LOCAL_SAME_CLASS,100.008,2.5004500450045004,3.850693069306931,39.996,25.971428571428568
552129479,3,CONGESTION_GT_10,BUFFER,primary,IMPUTED,LOCAL_SAME_CLASS,79.992,2.0,3.08,39.996,25.97142857142857
-218790202#0,3,CONGESTION_GT_10|VERY_LOW_SPEED|CONGESTION_GT_10,BUFFER,primary,IMPUTED,LOCAL_SAME_CLASS,50.004000000000005,1.428644895860118,2.200113139624582,35.00100000000001,22.72792207792208
-218790202#1,3,CONGESTION_GT_10|VERY_LOW_SPEED|CONGESTION_GT_10,BUFFER,primary,IMPUTED,LOCAL_SAME_CLASS,50.004000000000005,1.428644895860118,2.2001131396245817,35.00100000000001,22.727922077922084
-218790202#13,3,CONGESTION_GT_10|VERY_LOW_SPEED|CONGESTION_GT_10,BUFFER,primary,IMPUTED,LOCAL_SAME_CLASS,50.004000000000005,1.428644895860118,2.2001131396245817,35.00100000000001,22.727922077922084
-218790202#14,3,CONGESTION_GT_10|VERY_LOW_SPEED|CONGESTION_GT_10,BUFFER,primary,IMPUTED,LOCAL_SAME_CLASS,50.004000000000005,1.428644895860118,2.2001131396245817,35.00100000000001,22.727922077922084
-218790202#15,3,CONGESTION_GT_10|VERY_LOW_SPEED|CONGESTION_GT_10,BUFFER,primary,IMPUTED,LOCAL_SAME_CLASS,50.004000000000005,1.428644895860118,2.200113139624582,35.00100000000001,22.72792207792208
-218790202#16,3,CONGESTION_GT_10|VERY_LOW_SPEED|CONGESTION_GT_10,BUFFER,primary,IMPUTED,LOCAL_SAME_CLASS,50.004000000000005,1.428644895860118,2.2001131396245817,35.00100000000001,22.727922077922084
-218790202#2,3,CONGESTION_GT_10|VERY_LOW_SPEED|CONGESTION_GT_10,BUFFER,primary,IMPUTED,LOCAL_SAME_CLASS,50.004000000000005,1.428644895860118,2.200113139624582,35.00100000000001,22.72792207792208
-218790202#3,3,CONGESTION_GT_10|VERY_LOW_SPEED|CONGESTION_GT_10,BUFFER,primary,IMPUTED,LOCAL_SAME_CLASS,50.004000000000005,1.428644895860118,2.200113139624582,35.00100000000001,22.72792207792208
-218790202#4,3,CONGESTION_GT_10|VERY_LOW_SPEED|CONGESTION_GT_10,BUFFER,primary,IMPUTED,LOCAL_SAME_CLASS,50.004000000000005,1.428644895860118,2.2001131396245817,35.00100000000001,22.727922077922084
-218790202#5,3,CONGESTION_GT_10|VERY_LOW_SPEED|CONGESTION_GT_10,BUFFER,primary,IMPUTED,LOCAL_SAME_CLASS,50.004000000000005,1.428644895860118,2.200113139624582,35.00100000000001,22.72792207792208
-218790202#6,3,CONGESTION_GT_10|VERY_LOW_SPEED|CONGESTION_GT_10,BUFFER,primary,IMPUTED,LOCAL_SAME_CLASS,50.004000000000005,1.428644895860118,2.200113139624582,35.00100000000001,22.72792207792208
-921199232#2,3,CONGESTION_GT_10|VERY_LOW_SPEED|CONGESTION_GT_10,BUFFER,primary,IMPUTED,LOCAL_SAME_CLASS,50.004000000000005,1.428644895860118,2.200113139624582,35.00100000000001,22.72792207792208
218790202#0,3,CONGESTION_GT_10|VERY_LOW_SPEED|CONGESTION_GT_10,BUFFER,primary,IMPUTED,LOCAL_SAME_CLASS,50.004000000000005,1.428644895860118,2.200113139624582,35.00100000000001,22.72792207792208
218790202#1,3,CONGESTION_GT_10|VERY_LOW_SPEED|CONGESTION_GT_10,BUFFER,primary,IMPUTED,LOCAL_SAME_CLASS,50.004000000000005,1.428644895860118,2.2001131396245817,35.00100000000001,22.727922077922084
218790202#13,3,CONGESTION_GT_10|VERY_LOW_SPEED|CONGESTION_GT_10,BUFFER,primary,IMPUTED,LOCAL_SAME_CLASS,50.004000000000005,1.428644895860118,2.2001131396245817,35.00100000000001,22.727922077922084
218790202#14,3,CONGESTION_GT_10|VERY_LOW_SPEED|CONGESTION_GT_10,BUFFER,primary,IMPUTED,LOCAL_SAME_CLASS,50.004000000000005,1.428644895860118,2.2001131396245817,35.00100000000001,22.727922077922084
218790202#15,3,CONGESTION_GT_10|VERY_LOW_SPEED|CONGESTION_GT_10,BUFFER,primary,IMPUTED,LOCAL_SAME_CLASS,50.004000000000005,1.428644895860118,2.200113139624582,35.00100000000001,22.72792207792208
218790202#16,3,CONGESTION_GT_10|VERY_LOW_SPEED|CONGESTION_GT_10,BUFFER,primary,IMPUTED,LOCAL_SAME_CLASS,50.004000000000005,1.428644895860118,2.2001131396245817,35.00100000000001,22.727922077922084
218790202#2,3,CONGESTION_GT_10|VERY_LOW_SPEED|CONGESTION_GT_10,BUFFER,primary,IMPUTED,LOCAL_SAME_CLASS,50.004000000000005,1.428644895860118,2.200113139624582,35.00100000000001,22.72792207792208
218790202#3,3,CONGESTION_GT_10|VERY_LOW_SPEED|CONGESTION_GT_10,BUFFER,primary,IMPUTED,LOCAL_SAME_CLASS,50.004000000000005,1.428644895860118,2.200113139624582,35.00100000000001,22.72792207792208
218790202#4,3,CONGESTION_GT_10|VERY_LOW_SPEED|CONGESTION_GT_10,BUFFER,primary,IMPUTED,LOCAL_SAME_CLASS,50.004000000000005,1.428644895860118,2.2001131396245817,35.00100000000001,22.727922077922084
218790202#5,3,CONGESTION_GT_10|VERY_LOW_SPEED|CONGESTION_GT_10,BUFFER,primary,IMPUTED,LOCAL_SAME_CLASS,50.004000000000005,1.428644895860118,2.200113139624582,35.00100000000001,22.72792207792208
218790202#6,3,CONGESTION_GT_10|VERY_LOW_SPEED|CONGESTION_GT_10,BUFFER,primary,IMPUTED,LOCAL_SAME_CLASS,50.004000000000005,1.428644895860118,2.200113139624582,35.00100000000001,22.72792207792208
1478788847#1,3,CONGESTION_GT_10,BUFFER,primary,IMPUTED,LOCAL_SAME_CLASS,100.008,2.857289791720236,4.400226279249164,35.001000000000005,22.72792207792208
1478788847#2,3,CONGESTION_GT_10,BUFFER,primary,IMPUTED,LOCAL_SAME_CLASS,100.008,2.857289791720236,4.400226279249164,35.001000000000005,22.72792207792208
1478788847#3,3,CONGESTION_GT_10,BUFFER,primary,IMPUTED,LOCAL_SAME_CLASS,100.008,2.857289791720236,4.400226279249164,35.001000000000005,22.72792207792208
1478788847#4,3,CONGESTION_GT_10,BUFFER,primary,IMPUTED,LOCAL_SAME_CLASS,100.008,2.857289791720236,4.400226279249164,35.001000000000005,22.72792207792208
1478788847#6,3,CONGESTION_GT_10,BUFFER,primary,IMPUTED,LOCAL_SAME_CLASS,100.008,2.857289791720236,4.400226279249164,35.001000000000005,22.72792207792208
1478788859#3,3,CONGESTION_GT_10,BUFFER,primary,IMPUTED,LOCAL_SAME_CLASS,100.008,2.857289791720236,4.400226279249163,35.001000000000005,22.72792207792208
1478788859#4,3,CONGESTION_GT_10,BUFFER,primary,IMPUTED,LOCAL_SAME_CLASS,100.008,2.857289791720236,4.400226279249164,35.001000000000005,22.72792207792208
183895357#1,3,CONGESTION_GT_10|VERY_LOW_SPEED|CONGESTION_GT_10,BUFFER,primary,IMPUTED,LOCAL_SAME_CLASS,60.01200000000001,1.7145795834404731,2.6404525584983283,35.001000000000005,22.727922077922084
183895357#3,3,CONGESTION_GT_10|VERY_LOW_SPEED|CONGESTION_GT_10,BUFFER,primary,IMPUTED,LOCAL_SAME_CLASS,60.01200000000001,1.7145795834404731,2.6404525584983283,35.001000000000005,22.727922077922084
183895364#4,3,CONGESTION_GT_10|VERY_LOW_SPEED|CONGESTION_GT_10,BUFFER,primary,IMPUTED,LOCAL_SAME_CLASS,60.01200000000001,1.7145795834404731,2.6404525584983283,35.001000000000005,22.727922077922084
183895364#8,3,CONGESTION_GT_10|VERY_LOW_SPEED|CONGESTION_GT_10,BUFFER,primary,IMPUTED,LOCAL_SAME_CLASS,60.01200000000001,1.7145795834404731,2.6404525584983283,35.001000000000005,22.727922077922084
183895364#9,3,CONGESTION_GT_10|VERY_LOW_SPEED|CONGESTION_GT_10,BUFFER,primary,IMPUTED,LOCAL_SAME_CLASS,60.01200000000001,1.7145795834404731,2.6404525584983283,35.001000000000005,22.727922077922084
381025735#4,3,CONGESTION_GT_10,BUFFER,primary,IMPUTED,LOCAL_SAME_CLASS,100.008,2.857289791720236,4.400226279249163,35.001000000000005,22.72792207792208
520307308#2,3,CONGESTION_GT_10|VERY_LOW_SPEED|CONGESTION_GT_10,BUFFER,primary,IMPUTED,LOCAL_SAME_CLASS,60.01200000000001,1.7145795834404731,2.6404525584983283,35.001000000000005,22.727922077922084
946016872#10,3,CONGESTION_GT_10,BUFFER,primary,IMPUTED,LOCAL_SAME_CLASS,100.008,2.857289791720236,4.400226279249163,35.001000000000005,22.72792207792208
946016872#11,3,CONGESTION_GT_10,BUFFER,primary,IMPUTED,LOCAL_SAME_CLASS,100.008,2.857289791720236,4.400226279249164,35.001000000000005,22.72792207792208
946016872#12,3,CONGESTION_GT_10,BUFFER,primary,IMPUTED,LOCAL_SAME_CLASS,100.008,2.857289791720236,4.400226279249164,35.001000000000005,22.72792207792208
946016872#13,3,CONGESTION_GT_10,BUFFER,primary,IMPUTED,LOCAL_SAME_CLASS,100.008,2.857289791720236,4.400226279249164,35.001000000000005,22.72792207792208
946016872#14,3,CONGESTION_GT_10,BUFFER,primary,IMPUTED,LOCAL_SAME_CLASS,100.008,2.857289791720236,4.400226279249164,35.001000000000005,22.72792207792208
946016872#7,3,CONGESTION_GT_10,BUFFER,primary,IMPUTED,LOCAL_SAME_CLASS,100.008,2.857289791720236,4.400226279249164,35.001000000000005,22.72792207792208
946016872#8,3,CONGESTION_GT_10,BUFFER,primary,IMPUTED,LOCAL_SAME_CLASS,100.008,2.857289791720236,4.400226279249164,35.001000000000005,22.72792207792208
183521250,3,CONGESTION_GT_10,BUFFER,primary,PARTIAL_OBSERVED_PLUS_IMPUTED,LOCAL_SAME_CLASS,79.992,2.4813682547966405,3.8213071123868265,32.23705302321429,20.93315131377551
-218790202#11,3,CONGESTION_GT_10|VERY_LOW_SPEED|CONGESTION_GT_10,BUFFER,primary,IMPUTED,LOCAL_SAME_CLASS,50.004000000000005,1.6664667066586678,2.566358728254349,30.00600000000001,19.484415584415583
-921199232#0,3,CONGESTION_GT_10|VERY_LOW_SPEED|CONGESTION_GT_10,BUFFER,primary,IMPUTED,LOCAL_SAME_CLASS,50.004000000000005,1.6664667066586678,2.566358728254349,30.00600000000001,19.484415584415583
-921199232#1,3,CONGESTION_GT_10|VERY_LOW_SPEED|CONGESTION_GT_10,BUFFER,primary,IMPUTED,LOCAL_SAME_CLASS,50.004000000000005,1.6664667066586678,2.566358728254349,30.00600000000001,19.484415584415583
218790202#11,3,CONGESTION_GT_10|VERY_LOW_SPEED|CONGESTION_GT_10,BUFFER,primary,IMPUTED,LOCAL_SAME_CLASS,50.004000000000005,1.6664667066586678,2.566358728254349,30.00600000000001,19.484415584415583
921199232#0,3,CONGESTION_GT_10|VERY_LOW_SPEED|CONGESTION_GT_10,BUFFER,primary,IMPUTED,LOCAL_SAME_CLASS,50.004000000000005,1.6664667066586678,2.566358728254349,30.00600000000001,19.484415584415583
921199232#1,3,CONGESTION_GT_10|VERY_LOW_SPEED|CONGESTION_GT_10,BUFFER,primary,IMPUTED,LOCAL_SAME_CLASS,50.004000000000005,1.6664667066586678,2.566358728254349,30.00600000000001,19.484415584415583
921199232#2,3,CONGESTION_GT_10|VERY_LOW_SPEED|CONGESTION_GT_10,BUFFER,primary,IMPUTED,LOCAL_SAME_CLASS,50.004000000000005,1.6664667066586678,2.566358728254349,30.00600000000001,19.484415584415583
-218790202#10,3,CONGESTION_GT_10|VERY_LOW_SPEED|CONGESTION_GT_10,BUFFER,primary,IMPUTED,LOCAL_SAME_CLASS,50.004000000000005,1.666466706658668,2.566358728254349,30.006000000000007,19.484415584415583
-218790202#7,3,CONGESTION_GT_10|VERY_LOW_SPEED|CONGESTION_GT_10,BUFFER,primary,IMPUTED,LOCAL_SAME_CLASS,50.004000000000005,1.666466706658668,2.566358728254349,30.006000000000007,19.484415584415583
-218790202#8,3,CONGESTION_GT_10|VERY_LOW_SPEED|CONGESTION_GT_10,BUFFER,primary,IMPUTED,LOCAL_SAME_CLASS,50.004000000000005,1.666466706658668,2.566358728254349,30.006000000000007,19.484415584415583
218790202#10,3,CONGESTION_GT_10|VERY_LOW_SPEED|CONGESTION_GT_10,BUFFER,primary,IMPUTED,LOCAL_SAME_CLASS,50.004000000000005,1.666466706658668,2.566358728254349,30.006000000000007,19.484415584415583
218790202#7,3,CONGESTION_GT_10|VERY_LOW_SPEED|CONGESTION_GT_10,BUFFER,primary,IMPUTED,LOCAL_SAME_CLASS,50.004000000000005,1.666466706658668,2.566358728254349,30.006000000000007,19.484415584415583
218790202#8,3,CONGESTION_GT_10|VERY_LOW_SPEED|CONGESTION_GT_10,BUFFER,primary,IMPUTED,LOCAL_SAME_CLASS,50.004000000000005,1.666466706658668,2.566358728254349,30.006000000000007,19.484415584415583
1455063482,3,CONGESTION_GT_10,BUFFER,primary,IMPUTED,LOCAL_SAME_CLASS,60.01200000000001,2.0,3.0800000000000005,30.006000000000004,19.484415584415583
1455063483,3,CONGESTION_GT_10,BUFFER,primary,PARTIAL_OBSERVED_PLUS_IMPUTED,LOCAL_SAME_CLASS,60.01200000000001,2.0,3.08,30.006000000000004,19.484415584415583
1478788847#11,3,CONGESTION_GT_10,BUFFER,primary,IMPUTED,LOCAL_SAME_CLASS,100.008,3.332933413317336,5.132717456508698,30.006000000000004,19.484415584415583
1478788847#12,3,CONGESTION_GT_10,BUFFER,primary,IMPUTED,LOCAL_SAME_CLASS,100.008,3.332933413317336,5.132717456508698,30.006000000000004,19.484415584415583
1478788847#13,3,CONGESTION_GT_10,BUFFER,primary,IMPUTED,LOCAL_SAME_CLASS,100.008,3.332933413317336,5.132717456508698,30.006000000000004,19.484415584415583
1478788847#14,3,CONGESTION_GT_10,BUFFER,primary,IMPUTED,LOCAL_SAME_CLASS,100.008,3.332933413317336,5.132717456508699,30.006000000000004,19.484415584415583
1478788847#8,3,CONGESTION_GT_10,BUFFER,primary,IMPUTED,LOCAL_SAME_CLASS,100.008,3.332933413317336,5.132717456508698,30.006000000000004,19.484415584415583
1478788847#9,3,CONGESTION_GT_10,BUFFER,primary,IMPUTED,LOCAL_SAME_CLASS,100.008,3.332933413317336,5.132717456508699,30.006000000000004,19.484415584415583
1478788849#0,3,CONGESTION_GT_10,BUFFER,primary,IMPUTED,LOCAL_SAME_CLASS,100.008,3.332933413317336,5.132717456508699,30.006000000000004,19.484415584415583
1478788849#1,3,CONGESTION_GT_10,BUFFER,primary,IMPUTED,LOCAL_SAME_CLASS,100.008,3.332933413317336,5.132717456508698,30.006000000000004,19.484415584415583
1478788859#0,3,CONGESTION_GT_10,BUFFER,primary,IMPUTED,LOCAL_SAME_CLASS,100.008,3.332933413317336,5.132717456508698,30.006000000000004,19.484415584415583
1478788859#1,3,CONGESTION_GT_10,BUFFER,primary,IMPUTED,LOCAL_SAME_CLASS,100.008,3.332933413317336,5.132717456508698,30.006000000000004,19.484415584415583
1478788860#0,3,CONGESTION_GT_10,BUFFER,primary,IMPUTED,LOCAL_SAME_CLASS,100.008,3.332933413317336,5.132717456508698,30.006000000000004,19.484415584415583
1478788860#1,3,CONGESTION_GT_10,BUFFER,primary,IMPUTED,LOCAL_SAME_CLASS,100.008,3.332933413317336,5.132717456508698,30.006000000000004,19.484415584415583
183272412#0,3,CONGESTION_GT_10,BUFFER,primary,IMPUTED,LOCAL_SAME_CLASS,79.992,2.665866826634673,4.105434913017397,30.006000000000004,19.484415584415583
183272412#1,3,CONGESTION_GT_10,BUFFER,primary,IMPUTED,LOCAL_SAME_CLASS,79.992,2.665866826634673,4.105434913017397,30.006000000000004,19.484415584415583
183272421,3,CONGESTION_GT_10,CORE,primary,IMPUTED,LOCAL_SAME_CLASS,60.01200000000001,2.0,3.0800000000000005,30.006000000000004,19.484415584415583
183521160,3,CONGESTION_GT_10,BUFFER,primary,IMPUTED,LOCAL_SAME_CLASS,60.01200000000001,2.0,3.0800000000000005,30.006000000000004,19.484415584415583
183521251#0,3,CONGESTION_GT_10,BUFFER,primary,IMPUTED,LOCAL_SAME_CLASS,60.01200000000001,2.0,3.0800000000000005,30.006000000000004,19.484415584415583
183521251#1,3,CONGESTION_GT_10,BUFFER,primary,IMPUTED,LOCAL_SAME_CLASS,60.01200000000001,2.0,3.0800000000000005,30.006000000000004,19.484415584415583
183521254,3,CONGESTION_GT_10,BUFFER,primary,IMPUTED,LOCAL_SAME_CLASS,79.992,2.665866826634673,4.105434913017397,30.006000000000004,19.484415584415583
183521258,3,CONGESTION_GT_10,BUFFER,primary,IMPUTED,LOCAL_SAME_CLASS,60.01200000000001,2.0,3.08,30.006000000000004,19.484415584415583
183521260#0,3,CONGESTION_GT_10,BUFFER,primary,IMPUTED,LOCAL_SAME_CLASS,79.992,2.665866826634673,4.105434913017396,30.006000000000004,19.48441558441559
183521260#1,3,CONGESTION_GT_10,BUFFER,primary,IMPUTED,LOCAL_SAME_CLASS,79.992,2.665866826634673,4.105434913017397,30.006000000000004,19.484415584415583
183521260#2,3,CONGESTION_GT_10,BUFFER,primary,IMPUTED,LOCAL_SAME_CLASS,79.992,2.665866826634673,4.105434913017397,30.006000000000004,19.484415584415583
183521262,3,CONGESTION_GT_10,CORE,primary,PARTIAL_OBSERVED_PLUS_IMPUTED,LOCAL_SAME_CLASS,60.01200000000001,2.0,3.08,30.006000000000004,19.484415584415583
183895342,3,CONGESTION_GT_10,BUFFER,primary,IMPUTED,LOCAL_SAME_CLASS,60.01200000000001,2.0,3.0800000000000005,30.006000000000004,19.484415584415583
183895357#2,3,CONGESTION_GT_10,BUFFER,primary,IMPUTED,LOCAL_SAME_CLASS,60.01200000000001,2.0,3.0800000000000005,30.006000000000004,19.484415584415583
183895363#0,3,CONGESTION_GT_10,BUFFER,primary,IMPUTED,LOCAL_SAME_CLASS,60.01200000000001,2.0,3.0800000000000005,30.006000000000004,19.484415584415583
183895363#1,3,CONGESTION_GT_10,BUFFER,primary,IMPUTED,LOCAL_SAME_CLASS,60.01200000000001,2.0,3.08,30.006000000000004,19.484415584415583
183895363#2,3,CONGESTION_GT_10,BUFFER,primary,IMPUTED,LOCAL_SAME_CLASS,60.01200000000001,2.0,3.0800000000000005,30.006000000000004,19.484415584415583
183895363#3,3,CONGESTION_GT_10,BUFFER,primary,IMPUTED,LOCAL_SAME_CLASS,60.01200000000001,2.0,3.0800000000000005,30.006000000000004,19.484415584415583
183895363#4,3,CONGESTION_GT_10,BUFFER,primary,IMPUTED,LOCAL_SAME_CLASS,60.01200000000001,2.0,3.0800000000000005,30.006000000000004,19.484415584415583
183895363#5,3,CONGESTION_GT_10,BUFFER,primary,IMPUTED,LOCAL_SAME_CLASS,60.01200000000001,2.0,3.0800000000000005,30.006000000000004,19.484415584415583
183895364#5,3,CONGESTION_GT_10,BUFFER,primary,IMPUTED,LOCAL_SAME_CLASS,60.01200000000001,2.0,3.0800000000000005,30.006000000000004,19.484415584415583
183895365#2,3,CONGESTION_GT_10,BUFFER,primary,IMPUTED,LOCAL_SAME_CLASS,60.01200000000001,2.0,3.0800000000000005,30.006000000000004,19.484415584415583
183895365#3,3,CONGESTION_GT_10,BUFFER,primary,IMPUTED,LOCAL_SAME_CLASS,60.01200000000001,2.0,3.0800000000000005,30.006000000000004,19.484415584415583
183895365#4,3,CONGESTION_GT_10,BUFFER,primary,IMPUTED,LOCAL_SAME_CLASS,60.01200000000001,2.0,3.0800000000000005,30.006000000000004,19.484415584415583
183895365#5,3,CONGESTION_GT_10,BUFFER,primary,IMPUTED,LOCAL_SAME_CLASS,60.01200000000001,2.0,3.0800000000000005,30.006000000000004,19.484415584415583
183895365#6,3,CONGESTION_GT_10,BUFFER,primary,IMPUTED,LOCAL_SAME_CLASS,60.01200000000001,2.0,3.0800000000000005,30.006000000000004,19.484415584415583
37400423,3,CONGESTION_GT_10,BUFFER,primary,IMPUTED,LOCAL_SAME_CLASS,79.992,2.665866826634673,4.105434913017396,30.006000000000004,19.48441558441559
381025735#6,3,CONGESTION_GT_10,BUFFER,primary,IMPUTED,LOCAL_SAME_CLASS,100.008,3.332933413317336,5.132717456508699,30.006000000000004,19.484415584415583
520307308#0,3,CONGESTION_GT_10,BUFFER,primary,IMPUTED,LOCAL_SAME_CLASS,60.01200000000001,2.0,3.0800000000000005,30.006000000000004,19.484415584415583
520307309#0,3,CONGESTION_GT_10,BUFFER,primary,IMPUTED,LOCAL_SAME_CLASS,100.008,3.332933413317336,5.132717456508698,30.006000000000004,19.484415584415583
520307309#1,3,CONGESTION_GT_10,BUFFER,primary,IMPUTED,LOCAL_SAME_CLASS,100.008,3.332933413317336,5.132717456508698,30.006000000000004,19.484415584415583
550331977,3,CONGESTION_GT_10,BUFFER,primary,IMPUTED,LOCAL_SAME_CLASS,100.008,3.332933413317336,5.132717456508698,30.006000000000004,19.484415584415583
550331978,3,CONGESTION_GT_10,BUFFER,primary,IMPUTED,LOCAL_SAME_CLASS,100.008,3.332933413317336,5.132717456508698,30.006000000000004,19.484415584415583
550742129#1,3,CONGESTION_GT_10,BUFFER,primary,IMPUTED,LOCAL_SAME_CLASS,100.008,3.332933413317336,5.132717456508698,30.006000000000004,19.484415584415583
550742129#2,3,CONGESTION_GT_10,BUFFER,primary,IMPUTED,LOCAL_SAME_CLASS,100.008,3.332933413317336,5.132717456508698,30.006000000000004,19.484415584415583
550742129#2-AddedOffRampEdge,3,CONGESTION_GT_10,BUFFER,primary,IMPUTED,LOCAL_SAME_CLASS,100.008,3.332933413317336,5.132717456508698,30.006000000000004,19.484415584415583
550742129#3,3,CONGESTION_GT_10,BUFFER,primary,IMPUTED,LOCAL_SAME_CLASS,100.008,3.332933413317336,5.132717456508698,30.006000000000004,19.484415584415583
550742129#4,3,CONGESTION_GT_10,BUFFER,primary,IMPUTED,LOCAL_SAME_CLASS,100.008,3.332933413317336,5.132717456508698,30.006000000000004,19.484415584415583
550742129#6,3,CONGESTION_GT_10,BUFFER,primary,IMPUTED,LOCAL_SAME_CLASS,100.008,3.332933413317336,5.132717456508698,30.006000000000004,19.484415584415583
550742129#7,3,CONGESTION_GT_10,BUFFER,primary,IMPUTED,LOCAL_SAME_CLASS,100.008,3.332933413317336,5.132717456508698,30.006000000000004,19.484415584415583
551180041,3,CONGESTION_GT_10,BUFFER,primary,IMPUTED,LOCAL_SAME_CLASS,79.992,2.665866826634673,4.105434913017396,30.006000000000004,19.48441558441559
551180042#0,3,CONGESTION_GT_10,BUFFER,primary,IMPUTED,LOCAL_SAME_CLASS,100.008,3.332933413317336,5.132717456508698,30.006000000000004,19.484415584415583
551180042#1,3,CONGESTION_GT_10,BUFFER,primary,IMPUTED,LOCAL_SAME_CLASS,100.008,3.332933413317336,5.132717456508698,30.006000000000004,19.484415584415583
551180042#2,3,CONGESTION_GT_10,BUFFER,primary,IMPUTED,LOCAL_SAME_CLASS,100.008,3.332933413317336,5.132717456508698,30.006000000000004,19.484415584415583
551180042#3,3,CONGESTION_GT_10,BUFFER,primary,IMPUTED,LOCAL_SAME_CLASS,100.008,3.332933413317336,5.132717456508698,30.006000000000004,19.484415584415583
551180042#4,3,CONGESTION_GT_10,BUFFER,primary,IMPUTED,LOCAL_SAME_CLASS,100.008,3.332933413317336,5.132717456508698,30.006000000000004,19.484415584415583
551180043,3,CONGESTION_GT_10,BUFFER,primary,IMPUTED,LOCAL_SAME_CLASS,100.008,3.332933413317336,5.132717456508698,30.006000000000004,19.484415584415583
551180407#0,3,CONGESTION_GT_10,BUFFER,primary,IMPUTED,LOCAL_SAME_CLASS,100.008,3.332933413317336,5.132717456508698,30.006000000000004,19.484415584415583
551180407#1,3,CONGESTION_GT_10,BUFFER,primary,IMPUTED,LOCAL_SAME_CLASS,100.008,3.332933413317336,5.132717456508698,30.006000000000004,19.484415584415583
551180407#2,3,CONGESTION_GT_10,BUFFER,primary,IMPUTED,LOCAL_SAME_CLASS,100.008,3.332933413317336,5.132717456508698,30.006000000000004,19.484415584415583
551180408#1,3,CONGESTION_GT_10,BUFFER,primary,IMPUTED,LOCAL_SAME_CLASS,100.008,3.332933413317336,5.132717456508698,30.006000000000004,19.484415584415583
551180408#2,3,CONGESTION_GT_10,BUFFER,primary,IMPUTED,LOCAL_SAME_CLASS,100.008,3.332933413317336,5.132717456508698,30.006000000000004,19.484415584415583
551180408#3,3,CONGESTION_GT_10,BUFFER,primary,IMPUTED,LOCAL_SAME_CLASS,100.008,3.332933413317336,5.132717456508698,30.006000000000004,19.484415584415583
551180408#4,3,CONGESTION_GT_10,BUFFER,primary,IMPUTED,LOCAL_SAME_CLASS,100.008,3.332933413317336,5.132717456508698,30.006000000000004,19.484415584415583
551180408#5,3,CONGESTION_GT_10,BUFFER,primary,IMPUTED,LOCAL_SAME_CLASS,100.008,3.332933413317336,5.132717456508698,30.006000000000004,19.484415584415583
551180408#6,3,CONGESTION_GT_10,BUFFER,primary,IMPUTED,LOCAL_SAME_CLASS,100.008,3.332933413317336,5.132717456508699,30.006000000000004,19.484415584415583
551180408#7,3,CONGESTION_GT_10,BUFFER,primary,IMPUTED,LOCAL_SAME_CLASS,100.008,3.332933413317336,5.132717456508698,30.006000000000004,19.484415584415583
551180410,3,CONGESTION_GT_10,BUFFER,primary,IMPUTED,LOCAL_SAME_CLASS,79.992,2.665866826634673,4.105434913017396,30.006000000000004,19.48441558441559
551974844#1,3,CONGESTION_GT_10,BUFFER,primary,IMPUTED,LOCAL_SAME_CLASS,60.01200000000001,2.0,3.08,30.006000000000004,19.484415584415583
551974844#2,3,CONGESTION_GT_10,BUFFER,primary,IMPUTED,LOCAL_SAME_CLASS,60.01200000000001,2.0,3.08,30.006000000000004,19.484415584415583
810680672#0,3,CONGESTION_GT_10,BUFFER,primary,IMPUTED,LOCAL_SAME_CLASS,79.992,2.665866826634673,4.105434913017397,30.006000000000004,19.484415584415583
810680673#1,3,CONGESTION_GT_10,BUFFER,primary,IMPUTED,LOCAL_SAME_CLASS,79.992,2.665866826634673,4.105434913017396,30.006000000000004,19.48441558441559
908609098,3,CONGESTION_GT_10,BUFFER,primary,IMPUTED,LOCAL_SAME_CLASS,79.992,2.665866826634673,4.105434913017397,30.006000000000004,19.484415584415583
946016870,3,CONGESTION_GT_10,BUFFER,primary,IMPUTED,LOCAL_SAME_CLASS,100.008,3.332933413317336,5.132717456508698,30.006000000000004,19.484415584415583
946016872#15,3,CONGESTION_GT_10,BUFFER,primary,IMPUTED,LOCAL_SAME_CLASS,100.008,3.332933413317336,5.132717456508699,30.006000000000004,19.484415584415583
946016872#16,3,CONGESTION_GT_10,BUFFER,primary,IMPUTED,LOCAL_SAME_CLASS,100.008,3.332933413317336,5.132717456508698,30.006000000000004,19.484415584415583
946016872#3,3,CONGESTION_GT_10,BUFFER,primary,IMPUTED,LOCAL_SAME_CLASS,100.008,3.332933413317336,5.132717456508698,30.006000000000004,19.484415584415583
946016872#4,3,CONGESTION_GT_10,BUFFER,primary,IMPUTED,LOCAL_SAME_CLASS,100.008,3.332933413317336,5.132717456508699,30.006000000000004,19.484415584415583
946016872#6,3,CONGESTION_GT_10,BUFFER,primary,IMPUTED,LOCAL_SAME_CLASS,100.008,3.332933413317336,5.132717456508698,30.006000000000004,19.484415584415583
518807030,3,CONGESTION_GT_10,CORE,primary,PARTIAL_OBSERVED_PLUS_IMPUTED,LOCAL_SAME_CLASS,100.008,7.498138677021142,9.780876543334484,13.337710104840465,10.224850457616082
518796200#0,3,CONGESTION_GT_10,CORE,secondary,OBSERVED,LOCAL_SAME_CLASS,100.008,8.36,9.69,11.96267942583732,10.320743034055727
518796200#1,3,CONGESTION_GT_10,CORE,secondary,OBSERVED,LOCAL_SAME_CLASS,100.008,8.360000000000001,9.69,11.96267942583732,10.320743034055727
-1456459314,3,CONGESTION_GT_10,BUFFER,secondary,IMPUTED,LOCAL_SAME_CLASS,100.008,9.27,9.760000000000002,10.788349514563109,10.246721311475408
-183272296#1,3,CONGESTION_GT_10,BUFFER,secondary,IMPUTED,LOCAL_SAME_CLASS,100.008,9.27,9.760000000000002,10.788349514563109,10.246721311475408
-183272296#2,3,CONGESTION_GT_10,BUFFER,secondary,IMPUTED,LOCAL_SAME_CLASS,100.008,9.27,9.760000000000002,10.788349514563109,10.246721311475408
-183272296#3,3,CONGESTION_GT_10,BUFFER,secondary,IMPUTED,LOCAL_SAME_CLASS,100.008,9.27,9.760000000000002,10.788349514563109,10.246721311475408
-183272296#4,3,CONGESTION_GT_10,BUFFER,secondary,IMPUTED,LOCAL_SAME_CLASS,100.008,9.27,9.760000000000002,10.788349514563109,10.246721311475408
-183272296#5,3,CONGESTION_GT_10,BUFFER,secondary,IMPUTED,LOCAL_SAME_CLASS,100.008,9.27,9.760000000000002,10.788349514563109,10.246721311475408
-183272444#20,3,CONGESTION_GT_10,BUFFER,secondary,IMPUTED,LOCAL_SAME_CLASS,29.988,2.7796652267818573,2.9265946724262064,10.788349514563109,10.246721311475408
-183272444#22,3,CONGESTION_GT_10,BUFFER,secondary,IMPUTED,LOCAL_SAME_CLASS,29.988,2.7796652267818573,2.9265946724262064,10.788349514563109,10.246721311475408
-183272444#28,3,CONGESTION_GT_10,BUFFER,secondary,IMPUTED,LOCAL_SAME_CLASS,29.988,2.7796652267818573,2.9265946724262064,10.788349514563109,10.246721311475408
-183272444#29,3,CONGESTION_GT_10,BUFFER,secondary,IMPUTED,LOCAL_SAME_CLASS,29.988,2.7796652267818573,2.9265946724262064,10.788349514563109,10.246721311475408
-183272444#32,3,CONGESTION_GT_10,BUFFER,secondary,IMPUTED,LOCAL_SAME_CLASS,29.988,2.7796652267818573,2.926594672426206,10.788349514563109,10.24672131147541
-183272444#33,3,CONGESTION_GT_10,BUFFER,secondary,IMPUTED,LOCAL_SAME_CLASS,29.988,2.7796652267818573,2.9265946724262064,10.788349514563109,10.246721311475408
-37400917,3,CONGESTION_GT_10,BUFFER,secondary,IMPUTED,LOCAL_SAME_CLASS,100.008,9.27,9.760000000000002,10.788349514563109,10.246721311475408
-37401478,3,CONGESTION_GT_10,BUFFER,secondary,OBSERVED,LOCAL_SAME_CLASS,100.008,9.27,9.76,10.788349514563109,10.24672131147541
-516724021#0,3,CONGESTION_GT_10,BUFFER,secondary,IMPUTED,LOCAL_SAME_CLASS,50.004000000000005,4.635000000000001,4.880000000000001,10.788349514563109,10.24672131147541
-516724021#1,3,CONGESTION_GT_10,BUFFER,secondary,IMPUTED,LOCAL_SAME_CLASS,50.004000000000005,4.635000000000001,4.880000000000001,10.788349514563109,10.24672131147541
-516724021#10,3,CONGESTION_GT_10,BUFFER,secondary,IMPUTED,LOCAL_SAME_CLASS,50.004000000000005,4.635000000000001,4.880000000000001,10.788349514563109,10.24672131147541
-516724021#11,3,CONGESTION_GT_10,BUFFER,secondary,IMPUTED,LOCAL_SAME_CLASS,50.004000000000005,4.635000000000001,4.880000000000001,10.788349514563109,10.24672131147541
-516724021#12,3,CONGESTION_GT_10,BUFFER,secondary,IMPUTED,LOCAL_SAME_CLASS,50.004000000000005,4.635,4.880000000000001,10.788349514563109,10.24672131147541
-516724021#13,3,CONGESTION_GT_10,BUFFER,secondary,IMPUTED,LOCAL_SAME_CLASS,50.004000000000005,4.635,4.880000000000001,10.788349514563109,10.24672131147541
-516724021#2,3,CONGESTION_GT_10,BUFFER,secondary,IMPUTED,LOCAL_SAME_CLASS,50.004000000000005,4.635000000000001,4.880000000000001,10.788349514563109,10.24672131147541
-516724021#3,3,CONGESTION_GT_10,BUFFER,secondary,IMPUTED,LOCAL_SAME_CLASS,50.004000000000005,4.635000000000001,4.880000000000001,10.788349514563109,10.24672131147541
-516724021#4,3,CONGESTION_GT_10,BUFFER,secondary,IMPUTED,LOCAL_SAME_CLASS,50.004000000000005,4.635,4.880000000000001,10.788349514563109,10.24672131147541
-516724021#5,3,CONGESTION_GT_10,BUFFER,secondary,IMPUTED,LOCAL_SAME_CLASS,50.004000000000005,4.635000000000001,4.880000000000001,10.788349514563109,10.24672131147541
-516724021#6,3,CONGESTION_GT_10,BUFFER,secondary,IMPUTED,LOCAL_SAME_CLASS,50.004000000000005,4.635,4.880000000000001,10.788349514563109,10.24672131147541
-516724021#7,3,CONGESTION_GT_10,BUFFER,secondary,IMPUTED,LOCAL_SAME_CLASS,50.004000000000005,4.635000000000001,4.880000000000001,10.788349514563109,10.24672131147541
-516724021#8,3,CONGESTION_GT_10,BUFFER,secondary,IMPUTED,LOCAL_SAME_CLASS,50.004000000000005,4.635,4.880000000000001,10.788349514563109,10.24672131147541
-516724021#9,3,CONGESTION_GT_10,BUFFER,secondary,IMPUTED,LOCAL_SAME_CLASS,50.004000000000005,4.635,4.880000000000001,10.788349514563109,10.24672131147541
-801008456#0,3,CONGESTION_GT_10,BUFFER,secondary,OBSERVED,LOCAL_SAME_CLASS,100.008,9.27,9.76,10.788349514563109,10.24672131147541
-801008456#1,3,CONGESTION_GT_10,BUFFER,secondary,OBSERVED,LOCAL_SAME_CLASS,100.008,9.27,9.76,10.788349514563109,10.24672131147541
-801008456#2,3,CONGESTION_GT_10,BUFFER,secondary,OBSERVED,LOCAL_SAME_CLASS,100.008,9.27,9.76,10.788349514563109,10.24672131147541
1416455118#0,3,CONGESTION_GT_10,BUFFER,secondary,OBSERVED,LOCAL_SAME_CLASS,100.008,9.27,9.76,10.788349514563109,10.24672131147541
1456459314,3,CONGESTION_GT_10,BUFFER,secondary,IMPUTED,LOCAL_SAME_CLASS,100.008,9.27,9.760000000000002,10.788349514563109,10.246721311475408
183272296#1,3,CONGESTION_GT_10,BUFFER,secondary,IMPUTED,LOCAL_SAME_CLASS,100.008,9.27,9.760000000000002,10.788349514563109,10.246721311475408
183272296#2,3,CONGESTION_GT_10,BUFFER,secondary,IMPUTED,LOCAL_SAME_CLASS,100.008,9.27,9.760000000000002,10.788349514563109,10.246721311475408
183272296#3,3,CONGESTION_GT_10,BUFFER,secondary,IMPUTED,LOCAL_SAME_CLASS,100.008,9.27,9.760000000000002,10.788349514563109,10.246721311475408
183272296#4,3,CONGESTION_GT_10,BUFFER,secondary,IMPUTED,LOCAL_SAME_CLASS,100.008,9.27,9.760000000000002,10.788349514563109,10.246721311475408
183272296#5,3,CONGESTION_GT_10,BUFFER,secondary,IMPUTED,LOCAL_SAME_CLASS,100.008,9.27,9.760000000000002,10.788349514563109,10.246721311475408
183272444#20,3,CONGESTION_GT_10,BUFFER,secondary,IMPUTED,LOCAL_SAME_CLASS,29.988,2.7796652267818573,2.9265946724262064,10.788349514563109,10.246721311475408
183272444#22,3,CONGESTION_GT_10,BUFFER,secondary,IMPUTED,LOCAL_SAME_CLASS,29.988,2.7796652267818573,2.9265946724262064,10.788349514563109,10.246721311475408
183272444#24,3,CONGESTION_GT_10,BUFFER,secondary,IMPUTED,LOCAL_SAME_CLASS,29.988,2.7796652267818573,2.9265946724262064,10.788349514563109,10.246721311475408
183272444#28,3,CONGESTION_GT_10,BUFFER,secondary,IMPUTED,LOCAL_SAME_CLASS,29.988,2.7796652267818573,2.9265946724262064,10.788349514563109,10.246721311475408
183272444#29,3,CONGESTION_GT_10,BUFFER,secondary,IMPUTED,LOCAL_SAME_CLASS,29.988,2.7796652267818573,2.9265946724262064,10.788349514563109,10.246721311475408
183272682#1,3,CONGESTION_GT_10,BUFFER,secondary,IMPUTED,LOCAL_SAME_CLASS,79.992,7.414665226781858,7.806594672426205,10.788349514563109,10.246721311475412
37400917,3,CONGESTION_GT_10,BUFFER,secondary,IMPUTED,LOCAL_SAME_CLASS,100.008,9.27,9.760000000000002,10.788349514563109,10.246721311475408
37401478,3,CONGESTION_GT_10,BUFFER,secondary,IMPUTED,LOCAL_SAME_CLASS,100.008,9.27,9.760000000000002,10.788349514563109,10.246721311475408
516724021#0,3,CONGESTION_GT_10,BUFFER,secondary,IMPUTED,LOCAL_SAME_CLASS,50.004000000000005,4.635000000000001,4.880000000000001,10.788349514563109,10.24672131147541
516724021#1,3,CONGESTION_GT_10,BUFFER,secondary,IMPUTED,LOCAL_SAME_CLASS,50.004000000000005,4.635000000000001,4.880000000000001,10.788349514563109,10.24672131147541
516724021#10,3,CONGESTION_GT_10,BUFFER,secondary,IMPUTED,LOCAL_SAME_CLASS,50.004000000000005,4.635000000000001,4.880000000000001,10.788349514563109,10.24672131147541
516724021#11,3,CONGESTION_GT_10,BUFFER,secondary,IMPUTED,LOCAL_SAME_CLASS,50.004000000000005,4.635000000000001,4.880000000000001,10.788349514563109,10.24672131147541
516724021#12,3,CONGESTION_GT_10,BUFFER,secondary,IMPUTED,LOCAL_SAME_CLASS,50.004000000000005,4.635,4.880000000000001,10.788349514563109,10.24672131147541
516724021#13,3,CONGESTION_GT_10,BUFFER,secondary,IMPUTED,LOCAL_SAME_CLASS,50.004000000000005,4.635,4.880000000000001,10.788349514563109,10.24672131147541
516724021#2,3,CONGESTION_GT_10,BUFFER,secondary,IMPUTED,LOCAL_SAME_CLASS,50.004000000000005,4.635000000000001,4.880000000000001,10.788349514563109,10.24672131147541
516724021#3,3,CONGESTION_GT_10,BUFFER,secondary,IMPUTED,LOCAL_SAME_CLASS,50.004000000000005,4.635000000000001,4.880000000000001,10.788349514563109,10.24672131147541
516724021#4,3,CONGESTION_GT_10,BUFFER,secondary,IMPUTED,LOCAL_SAME_CLASS,50.004000000000005,4.635,4.880000000000001,10.788349514563109,10.24672131147541
516724021#5,3,CONGESTION_GT_10,BUFFER,secondary,IMPUTED,LOCAL_SAME_CLASS,50.004000000000005,4.635000000000001,4.880000000000001,10.788349514563109,10.24672131147541
516724021#6,3,CONGESTION_GT_10,BUFFER,secondary,IMPUTED,LOCAL_SAME_CLASS,50.004000000000005,4.635,4.880000000000001,10.788349514563109,10.24672131147541
516724021#7,3,CONGESTION_GT_10,BUFFER,secondary,IMPUTED,LOCAL_SAME_CLASS,50.004000000000005,4.635000000000001,4.880000000000001,10.788349514563109,10.24672131147541
516724021#8,3,CONGESTION_GT_10,BUFFER,secondary,IMPUTED,LOCAL_SAME_CLASS,50.004000000000005,4.635,4.880000000000001,10.788349514563109,10.24672131147541
516724021#9,3,CONGESTION_GT_10,BUFFER,secondary,IMPUTED,LOCAL_SAME_CLASS,50.004000000000005,4.635,4.880000000000001,10.788349514563109,10.24672131147541
801008456#0,3,CONGESTION_GT_10,BUFFER,secondary,IMPUTED,LOCAL_SAME_CLASS,100.008,9.27,9.760000000000002,10.788349514563109,10.246721311475408
801008456#1,3,CONGESTION_GT_10,BUFFER,secondary,IMPUTED,LOCAL_SAME_CLASS,100.008,9.27,9.760000000000002,10.788349514563109,10.246721311475408
801008456#2,3,CONGESTION_GT_10,BUFFER,secondary,IMPUTED,LOCAL_SAME_CLASS,100.008,9.27,9.760000000000002,10.788349514563109,10.246721311475408
-183272444#19,3,CONGESTION_GT_10,BUFFER,secondary,IMPUTED,LOCAL_SAME_CLASS,29.988,2.779665226781858,2.926594672426206,10.788349514563103,10.24672131147541
-183272444#21,3,CONGESTION_GT_10,BUFFER,secondary,IMPUTED,LOCAL_SAME_CLASS,29.988,2.779665226781858,2.926594672426206,10.788349514563103,10.24672131147541
-183272444#23,3,CONGESTION_GT_10,BUFFER,secondary,IMPUTED,LOCAL_SAME_CLASS,29.988,2.779665226781858,2.9265946724262064,10.788349514563103,10.246721311475408
-183272444#24,3,CONGESTION_GT_10,BUFFER,secondary,IMPUTED,LOCAL_SAME_CLASS,29.988,2.779665226781858,2.9265946724262064,10.788349514563103,10.246721311475408
-183272444#25,3,CONGESTION_GT_10,BUFFER,secondary,IMPUTED,LOCAL_SAME_CLASS,29.988,2.779665226781858,2.926594672426206,10.788349514563103,10.24672131147541
-183272444#26,3,CONGESTION_GT_10,BUFFER,secondary,IMPUTED,LOCAL_SAME_CLASS,29.988,2.779665226781858,2.926594672426206,10.788349514563103,10.24672131147541
-183272444#27,3,CONGESTION_GT_10,BUFFER,secondary,IMPUTED,LOCAL_SAME_CLASS,29.988,2.779665226781858,2.9265946724262064,10.788349514563103,10.246721311475408
-183272444#30,3,CONGESTION_GT_10,BUFFER,secondary,IMPUTED,LOCAL_SAME_CLASS,29.988,2.779665226781858,2.926594672426206,10.788349514563103,10.24672131147541
-183272444#31,3,CONGESTION_GT_10,BUFFER,secondary,IMPUTED,LOCAL_SAME_CLASS,29.988,2.779665226781858,2.9265946724262064,10.788349514563103,10.246721311475408
183272444#19,3,CONGESTION_GT_10,BUFFER,secondary,IMPUTED,LOCAL_SAME_CLASS,29.988,2.779665226781858,2.926594672426206,10.788349514563103,10.24672131147541
183272444#21,3,CONGESTION_GT_10,BUFFER,secondary,IMPUTED,LOCAL_SAME_CLASS,29.988,2.779665226781858,2.926594672426206,10.788349514563103,10.24672131147541
183272444#23,3,CONGESTION_GT_10,BUFFER,secondary,IMPUTED,LOCAL_SAME_CLASS,29.988,2.779665226781858,2.9265946724262064,10.788349514563103,10.246721311475408
183272444#25,3,CONGESTION_GT_10,BUFFER,secondary,IMPUTED,LOCAL_SAME_CLASS,29.988,2.779665226781858,2.926594672426206,10.788349514563103,10.24672131147541
183272444#26,3,CONGESTION_GT_10,BUFFER,secondary,IMPUTED,LOCAL_SAME_CLASS,29.988,2.779665226781858,2.926594672426206,10.788349514563103,10.24672131147541
183272444#27,3,CONGESTION_GT_10,BUFFER,secondary,IMPUTED,LOCAL_SAME_CLASS,29.988,2.779665226781858,2.9265946724262064,10.788349514563103,10.246721311475408
183272444#30,3,CONGESTION_GT_10,BUFFER,secondary,IMPUTED,LOCAL_SAME_CLASS,29.988,2.779665226781858,2.926594672426206,10.788349514563103,10.24672131147541
183272444#31,3,CONGESTION_GT_10,BUFFER,secondary,IMPUTED,LOCAL_SAME_CLASS,29.988,2.779665226781858,2.9265946724262064,10.788349514563103,10.246721311475408
183272444#32,3,CONGESTION_GT_10,BUFFER,secondary,IMPUTED,LOCAL_SAME_CLASS,29.988,2.779665226781858,2.926594672426206,10.788349514563103,10.24672131147541
183272444#33,3,CONGESTION_GT_10,BUFFER,secondary,IMPUTED,LOCAL_SAME_CLASS,29.988,2.779665226781858,2.926594672426206,10.788349514563103,10.24672131147541
-833433717,3,VERY_LOW_SPEED,BUFFER,living_street,IMPUTED,LOCAL_ANY_CLASS,10.008,1.4657921810699583,1.919115226337449,6.827707317073172,5.214903129657227
833433717,3,VERY_LOW_SPEED,BUFFER,living_street,IMPUTED,LOCAL_ANY_CLASS,10.008,1.4657921810699583,1.919115226337449,6.827707317073172,5.214903129657227
-158309806#0,3,VERY_LOW_SPEED,BUFFER,living_street,IMPUTED,LOCAL_ANY_CLASS,10.008,1.6912167026637868,1.9343162099466025,5.917633136094675,5.173921382934735
-158309806#1,3,VERY_LOW_SPEED,BUFFER,living_street,IMPUTED,LOCAL_ANY_CLASS,10.008,1.6912167026637868,1.9343162099466025,5.917633136094675,5.173921382934735
-158309806#2,3,VERY_LOW_SPEED,BUFFER,living_street,IMPUTED,LOCAL_ANY_CLASS,10.008,1.6912167026637868,1.9343162099466025,5.917633136094675,5.173921382934735
-158309806#3,3,VERY_LOW_SPEED,BUFFER,living_street,IMPUTED,LOCAL_ANY_CLASS,10.008,1.6912167026637868,1.9343162099466025,5.917633136094675,5.173921382934735
-158309806#4,3,VERY_LOW_SPEED,BUFFER,living_street,IMPUTED,LOCAL_ANY_CLASS,10.008,1.6912167026637868,1.9343162099466025,5.917633136094675,5.173921382934735
158309806#1,3,VERY_LOW_SPEED,BUFFER,living_street,IMPUTED,LOCAL_ANY_CLASS,10.008,1.6912167026637868,1.9343162099466025,5.917633136094675,5.173921382934735
158309806#3,3,VERY_LOW_SPEED,BUFFER,living_street,IMPUTED,LOCAL_ANY_CLASS,10.008,1.6912167026637868,1.9343162099466025,5.917633136094675,5.173921382934735
158309806#4,3,VERY_LOW_SPEED,BUFFER,living_street,IMPUTED,LOCAL_ANY_CLASS,10.008,1.6912167026637868,1.9343162099466025,5.917633136094675,5.173921382934735
-615175726#1,3,VERY_LOW_SPEED,BUFFER,living_street,IMPUTED,LOCAL_ANY_CLASS,10.008,1.691216702663787,1.9343162099466025,5.917633136094674,5.173921382934735
158309806#0,3,VERY_LOW_SPEED,BUFFER,living_street,IMPUTED,LOCAL_ANY_CLASS,10.008,1.691216702663787,1.9343162099466025,5.917633136094674,5.173921382934735
158309806#2,3,VERY_LOW_SPEED,BUFFER,living_street,IMPUTED,LOCAL_ANY_CLASS,10.008,1.691216702663787,1.9343162099466025,5.917633136094674,5.173921382934735
615175726#1,3,VERY_LOW_SPEED,BUFFER,living_street,IMPUTED,LOCAL_ANY_CLASS,10.008,1.691216702663787,1.9343162099466025,5.917633136094674,5.173921382934735
-379781998#0,3,VERY_LOW_SPEED,BUFFER,living_street,IMPUTED,LOCAL_ANY_CLASS,10.008,1.8770559999999992,1.9682399999999995,5.331753554502372,5.084745762711865
379781998#0,3,VERY_LOW_SPEED,BUFFER,living_street,IMPUTED,LOCAL_ANY_CLASS,10.008,1.8770559999999992,1.9682399999999995,5.331753554502372,5.084745762711865
-379781935,3,VERY_LOW_SPEED,BUFFER,living_street,IMPUTED,LOCAL_ANY_CLASS,10.008,1.877056,1.9682399999999995,5.331753554502369,5.084745762711865
-379781998#1,3,VERY_LOW_SPEED,BUFFER,living_street,IMPUTED,LOCAL_ANY_CLASS,10.008,1.877056,1.96824,5.331753554502369,5.084745762711864
-379782002#5,3,VERY_LOW_SPEED,BUFFER,living_street,IMPUTED,LOCAL_ANY_CLASS,10.008,1.877056,1.96824,5.331753554502369,5.084745762711864
-379782006#1,3,VERY_LOW_SPEED,BUFFER,living_street,IMPUTED,LOCAL_ANY_CLASS,10.008,1.877056,1.9682399999999995,5.331753554502369,5.084745762711865
379781935,3,VERY_LOW_SPEED,BUFFER,living_street,IMPUTED,LOCAL_ANY_CLASS,10.008,1.877056,1.9682399999999995,5.331753554502369,5.084745762711865
379781998#1,3,VERY_LOW_SPEED,BUFFER,living_street,IMPUTED,LOCAL_ANY_CLASS,10.008,1.877056,1.96824,5.331753554502369,5.084745762711864
379782002#5,3,VERY_LOW_SPEED,BUFFER,living_street,IMPUTED,LOCAL_ANY_CLASS,10.008,1.877056,1.96824,5.331753554502369,5.084745762711864
379782006#1,3,VERY_LOW_SPEED,BUFFER,living_street,IMPUTED,LOCAL_ANY_CLASS,10.008,1.877056,1.96824,5.331753554502369,5.084745762711864
-183521169,2,CONGESTION_GT_10,CORE,tertiary,OBSERVED,LOCAL_SAME_CLASS,79.992,6.469999999999999,7.469999999999999,12.36352395672334,10.708433734939762
536149445#0,2,CONGESTION_GT_10,CORE,tertiary,OBSERVED,LOCAL_SAME_CLASS,79.992,6.47,7.469999999999999,12.36352395672334,10.708433734939762
536149445#1,2,CONGESTION_GT_10,CORE,tertiary,OBSERVED,LOCAL_SAME_CLASS,79.992,6.47,7.469999999999999,12.36352395672334,10.708433734939762
536149447#1,2,CONGESTION_GT_10,CORE,tertiary,OBSERVED,LOCAL_SAME_CLASS,79.992,6.469999999999999,7.469999999999999,12.36352395672334,10.708433734939762
536149447#2,2,CONGESTION_GT_10,CORE,tertiary,PARTIAL_OBSERVED_PLUS_IMPUTED,LOCAL_SAME_CLASS,79.992,6.491069018749065,7.491459184768219,12.323393846059547,10.677759569543047
37400114#5,2,CONGESTION_GT_10,BUFFER,primary,IMPUTED,LOCAL_SAME_CLASS,100.008,8.350000000000001,9.810000000000004,11.977005988023947,10.194495412844033
-1069458460,2,CONGESTION_GT_10,CORE,secondary,OBSERVED,LOCAL_SAME_CLASS,100.008,9.23,9.910000000000007,10.835102925243769,10.091624621594342
-158309806#5,2,VERY_LOW_SPEED,BUFFER,living_street,IMPUTED,LOCAL_ANY_CLASS,10.008,1.6912167026637868,1.9343162099466025,5.917633136094675,5.173921382934735
158309806#5,2,VERY_LOW_SPEED,BUFFER,living_street,IMPUTED,LOCAL_ANY_CLASS,10.008,1.691216702663787,1.9343162099466025,5.917633136094674,5.173921382934735
-615175726#5,2,VERY_LOW_SPEED,BUFFER,living_street,IMPUTED,LOCAL_ANY_CLASS,10.008,1.9343162099466025,1.9472243264205151,5.173921382934735,5.139623547327597
615175726#5,2,VERY_LOW_SPEED,BUFFER,living_street,IMPUTED,LOCAL_ANY_CLASS,10.008,1.9343162099466025,1.9472243264205151,5.173921382934735,5.139623547327597
-379923370,2,ABOVE_1P5_FREEFLOW,BUFFER,residential,IMPUTED,LOCAL_ANY_CLASS,50.004000000000005,77.9438848920864,81.66620503597127,0.6415384615384611,0.612297338635668
-519066100#0,2,ABOVE_1P5_FREEFLOW,BUFFER,residential,IMPUTED,LOCAL_ANY_CLASS,50.004000000000005,77.94388489208642,81.66620503597129,0.641538461538461,0.6122973386356679
379923370,2,ABOVE_1P5_FREEFLOW,BUFFER,residential,IMPUTED,LOCAL_ANY_CLASS,50.004000000000005,77.94388489208642,81.66620503597127,0.641538461538461,0.612297338635668
519066100#0,2,ABOVE_1P5_FREEFLOW,BUFFER,residential,IMPUTED,LOCAL_ANY_CLASS,50.004000000000005,77.94388489208642,81.66620503597129,0.641538461538461,0.6122973386356679
519447650#8,2,ABOVE_1P5_FREEFLOW,BUFFER,secondary,IMPUTED,LOCAL_ANY_CLASS,100.008,155.8877697841728,163.33241007194255,0.641538461538461,0.612297338635668
-519447650#8,2,ABOVE_1P5_FREEFLOW,BUFFER,secondary,IMPUTED,LOCAL_ANY_CLASS,100.008,155.88776978417283,163.33241007194255,0.6415384615384608,0.612297338635668
37402230#0,1,CONGESTION_GT_10,CORE,primary,OBSERVED,LOCAL_SAME_CLASS,100.008,4.499999999999999,4.499999999999999,22.224000000000004,22.224000000000004
37402230#10,1,CONGESTION_GT_10,CORE,primary,OBSERVED,LOCAL_SAME_CLASS,100.008,4.499999999999999,4.499999999999999,22.224000000000004,22.224000000000004
37402230#4,1,CONGESTION_GT_10,CORE,primary,OBSERVED,LOCAL_SAME_CLASS,100.008,4.499999999999999,4.499999999999999,22.224000000000004,22.224000000000004
1028953203,1,CONGESTION_GT_10,CORE,primary,OBSERVED,LOCAL_SAME_CLASS,100.008,4.5,4.5,22.224,22.224
37402230#1,1,CONGESTION_GT_10,CORE,primary,OBSERVED,LOCAL_SAME_CLASS,100.008,4.5,4.5,22.224,22.224
37402230#11,1,CONGESTION_GT_10,CORE,primary,OBSERVED,LOCAL_SAME_CLASS,100.008,4.5,4.5,22.224,22.224
37402230#2,1,CONGESTION_GT_10,CORE,primary,OBSERVED,LOCAL_SAME_CLASS,100.008,4.5,4.5,22.224,22.224
37402230#3,1,CONGESTION_GT_10,CORE,primary,OBSERVED,LOCAL_SAME_CLASS,100.008,4.5,4.5,22.224,22.224
37402230#5,1,CONGESTION_GT_10,CORE,primary,OBSERVED,LOCAL_SAME_CLASS,100.008,4.5,4.5,22.224,22.224
37402230#6,1,CONGESTION_GT_10,CORE,primary,OBSERVED,LOCAL_SAME_CLASS,100.008,4.5,4.5,22.224,22.224
37402230#7,1,CONGESTION_GT_10,CORE,primary,OBSERVED,LOCAL_SAME_CLASS,100.008,4.5,4.5,22.224,22.224
37402230#8,1,CONGESTION_GT_10,CORE,primary,OBSERVED,LOCAL_SAME_CLASS,100.008,4.5,4.5,22.224,22.224
37402230#9,1,CONGESTION_GT_10,CORE,primary,OBSERVED,LOCAL_SAME_CLASS,100.008,4.5,4.5,22.224,22.224
535722776,1,CONGESTION_GT_10,CORE,primary,PARTIAL_OBSERVED_PLUS_IMPUTED,LOCAL_SAME_CLASS,100.008,5.203161979384942,5.203161979384942,19.220620152944345,19.220620152944345
537813376,1,CONGESTION_GT_10,CORE,primary,PARTIAL_OBSERVED_PLUS_IMPUTED,LOCAL_SAME_CLASS,100.008,8.832088451167394,8.832088451167394,11.32325616448976,11.32325616448976
183895353#1,1,CONGESTION_GT_10,CORE,secondary,OBSERVED,LOCAL_SAME_CLASS,100.008,9.24,9.24,10.823376623376625,10.823376623376625
1455185840#0,1,CONGESTION_GT_10,BUFFER,secondary,IMPUTED,LOCAL_SAME_CLASS,100.008,9.317350249339109,9.317350249339109,10.733523729785052,10.733523729785052
1455185840#1,1,CONGESTION_GT_10,BUFFER,secondary,IMPUTED,LOCAL_SAME_CLASS,100.008,9.317350249339109,9.317350249339109,10.733523729785052,10.733523729785052
1455185840#4,1,CONGESTION_GT_10,BUFFER,secondary,IMPUTED,LOCAL_SAME_CLASS,100.008,9.317350249339109,9.317350249339109,10.733523729785052,10.733523729785052
1455210367#1,1,CONGESTION_GT_10,BUFFER,secondary,IMPUTED,LOCAL_SAME_CLASS,100.008,9.317350249339109,9.317350249339109,10.733523729785052,10.733523729785052
1455240796,1,CONGESTION_GT_10,BUFFER,secondary,IMPUTED,LOCAL_SAME_CLASS,100.008,9.317350249339109,9.317350249339109,10.733523729785052,10.733523729785052
183895353#2,1,CONGESTION_GT_10,CORE,secondary,OBSERVED,LOCAL_SAME_CLASS,100.008,9.317350249339109,9.317350249339109,10.733523729785052,10.733523729785052
425631256,1,CONGESTION_GT_10,BUFFER,secondary,IMPUTED,LOCAL_SAME_CLASS,100.008,9.317350249339109,9.317350249339109,10.733523729785052,10.733523729785052
1455185840#2,1,CONGESTION_GT_10,BUFFER,secondary,IMPUTED,LOCAL_SAME_CLASS,100.008,9.31735024933911,9.31735024933911,10.73352372978505,10.73352372978505
1455210365#0,1,CONGESTION_GT_10,BUFFER,secondary,IMPUTED,LOCAL_SAME_CLASS,100.008,9.31735024933911,9.31735024933911,10.73352372978505,10.73352372978505
1455210365#2,1,CONGESTION_GT_10,BUFFER,secondary,IMPUTED,LOCAL_SAME_CLASS,100.008,9.31735024933911,9.31735024933911,10.73352372978505,10.73352372978505
1455210368#0,1,CONGESTION_GT_10,BUFFER,secondary,IMPUTED,LOCAL_SAME_CLASS,100.008,9.31735024933911,9.31735024933911,10.73352372978505,10.73352372978505
219054273#1,1,CONGESTION_GT_10,CORE,secondary,OBSERVED,LOCAL_SAME_CLASS,100.008,9.619999999999996,9.619999999999996,10.395841995842,10.395841995842
1528761962#0,1,CONGESTION_GT_10,CORE,secondary,OBSERVED,LOCAL_SAME_CLASS,100.008,9.62,9.62,10.395841995841996,10.395841995841996
1528761965#0,1,CONGESTION_GT_10,CORE,secondary,IMPUTED,LOCAL_SAME_CLASS,100.008,9.62,9.62,10.395841995841996,10.395841995841996
1528761966#0,1,CONGESTION_GT_10,CORE,secondary,OBSERVED,LOCAL_SAME_CLASS,100.008,9.62,9.62,10.395841995841996,10.395841995841996
1528761966#1,1,CONGESTION_GT_10,CORE,secondary,OBSERVED,LOCAL_SAME_CLASS,100.008,9.62,9.62,10.395841995841996,10.395841995841996
1528761966#2,1,CONGESTION_GT_10,CORE,secondary,OBSERVED,LOCAL_SAME_CLASS,100.008,9.62,9.62,10.395841995841996,10.395841995841996
219054273#0,1,CONGESTION_GT_10,CORE,secondary,OBSERVED,LOCAL_SAME_CLASS,100.008,9.62,9.62,10.395841995841996,10.395841995841996
219054273#2,1,CONGESTION_GT_10,CORE,secondary,OBSERVED,LOCAL_SAME_CLASS,100.008,9.62,9.62,10.395841995841996,10.395841995841996
219054273#3,1,CONGESTION_GT_10,CORE,secondary,OBSERVED,LOCAL_SAME_CLASS,100.008,9.62,9.62,10.395841995841996,10.395841995841996
219054273#4,1,CONGESTION_GT_10,CORE,secondary,OBSERVED,LOCAL_SAME_CLASS,100.008,9.62,9.62,10.395841995841996,10.395841995841996
518780124#0,1,CONGESTION_GT_10,CORE,primary,OBSERVED,LOCAL_SAME_CLASS,100.008,9.620000000000006,9.620000000000006,10.39584199584199,10.39584199584199
-518807040#10,1,CONGESTION_GT_10,CORE,secondary,OBSERVED,LOCAL_SAME_CLASS,100.008,9.63,9.63,10.38504672897196,10.38504672897196
-518807040#11,1,CONGESTION_GT_10,CORE,secondary,OBSERVED,LOCAL_SAME_CLASS,100.008,9.63,9.63,10.38504672897196,10.38504672897196
-518807040#12,1,CONGESTION_GT_10,CORE,secondary,OBSERVED,LOCAL_SAME_CLASS,100.008,9.63,9.63,10.38504672897196,10.38504672897196
-518807040#13,1,CONGESTION_GT_10,CORE,secondary,OBSERVED,LOCAL_SAME_CLASS,100.008,9.63,9.63,10.38504672897196,10.38504672897196
-518807040#14,1,CONGESTION_GT_10,CORE,secondary,OBSERVED,LOCAL_SAME_CLASS,100.008,9.63,9.63,10.38504672897196,10.38504672897196
-518807040#7,1,CONGESTION_GT_10,CORE,secondary,OBSERVED,LOCAL_SAME_CLASS,100.008,9.63,9.63,10.38504672897196,10.38504672897196
-518807040#8,1,CONGESTION_GT_10,CORE,secondary,OBSERVED,LOCAL_SAME_CLASS,100.008,9.63,9.63,10.38504672897196,10.38504672897196
-518807040#9,1,CONGESTION_GT_10,CORE,secondary,OBSERVED,LOCAL_SAME_CLASS,100.008,9.63,9.63,10.38504672897196,10.38504672897196
-519943894#2,1,CONGESTION_GT_10,CORE,secondary,IMPUTED,LOCAL_SAME_CLASS,100.008,9.63,9.63,10.38504672897196,10.38504672897196
183521163#1,1,CONGESTION_GT_10,CORE,secondary,OBSERVED,LOCAL_SAME_CLASS,100.008,9.939999999999998,9.939999999999998,10.061167002012075,10.061167002012075
183521170#1,1,CONGESTION_GT_10,BUFFER,secondary,IMPUTED,LOCAL_SAME_CLASS,100.008,9.939999999999998,9.939999999999998,10.061167002012075,10.061167002012075
37401797#1,1,CONGESTION_GT_10,BUFFER,secondary,IMPUTED,LOCAL_SAME_CLASS,100.008,9.939999999999998,9.939999999999998,10.061167002012075,10.061167002012075
37401797#2,1,CONGESTION_GT_10,BUFFER,secondary,IMPUTED,LOCAL_SAME_CLASS,100.008,9.939999999999998,9.939999999999998,10.061167002012075,10.061167002012075
37401797#3,1,CONGESTION_GT_10,BUFFER,secondary,IMPUTED,LOCAL_SAME_CLASS,100.008,9.939999999999998,9.939999999999998,10.061167002012075,10.061167002012075
634224224,1,CONGESTION_GT_10,CORE,secondary,OBSERVED,LOCAL_SAME_CLASS,100.008,9.939999999999998,9.939999999999998,10.061167002012075,10.061167002012075
183521163#0,1,CONGESTION_GT_10,CORE,secondary,OBSERVED,LOCAL_SAME_CLASS,100.008,9.94,9.94,10.061167002012072,10.061167002012072
183521170#0,1,CONGESTION_GT_10,BUFFER,secondary,IMPUTED,LOCAL_SAME_CLASS,100.008,9.94,9.94,10.061167002012072,10.061167002012072
183521170#2,1,CONGESTION_GT_10,CORE,secondary,IMPUTED,LOCAL_SAME_CLASS,100.008,9.94,9.94,10.061167002012072,10.061167002012072
183521163#2,1,CONGESTION_GT_10,CORE,secondary,OBSERVED,LOCAL_SAME_CLASS,100.008,9.940000000000008,9.940000000000008,10.061167002012064,10.061167002012064
-468250278#0,1,VERY_LOW_SPEED,BUFFER,residential,IMPUTED,LOCAL_SAME_CLASS,10.008,1.9273866090712743,1.9273866090712743,5.1925233644859805,5.1925233644859805
-468250278#1,1,VERY_LOW_SPEED,BUFFER,residential,IMPUTED,LOCAL_SAME_CLASS,10.008,1.9273866090712743,1.9273866090712743,5.1925233644859805,5.1925233644859805
-468250278#2,1,VERY_LOW_SPEED,BUFFER,residential,IMPUTED,LOCAL_SAME_CLASS,10.008,1.9273866090712743,1.9273866090712743,5.1925233644859805,5.1925233644859805
-468250279#0,1,VERY_LOW_SPEED,BUFFER,residential,IMPUTED,LOCAL_SAME_CLASS,10.008,1.9273866090712743,1.9273866090712743,5.1925233644859805,5.1925233644859805
-468250279#1,1,VERY_LOW_SPEED,BUFFER,residential,IMPUTED,LOCAL_SAME_CLASS,10.008,1.9273866090712743,1.9273866090712743,5.1925233644859805,5.1925233644859805
468250278#0,1,VERY_LOW_SPEED,BUFFER,residential,IMPUTED,LOCAL_SAME_CLASS,10.008,1.9273866090712743,1.9273866090712743,5.1925233644859805,5.1925233644859805
468250278#1,1,VERY_LOW_SPEED,BUFFER,residential,IMPUTED,LOCAL_SAME_CLASS,10.008,1.9273866090712743,1.9273866090712743,5.1925233644859805,5.1925233644859805
468250278#2,1,VERY_LOW_SPEED,BUFFER,residential,IMPUTED,LOCAL_SAME_CLASS,10.008,1.9273866090712743,1.9273866090712743,5.1925233644859805,5.1925233644859805
468250279#0,1,VERY_LOW_SPEED,BUFFER,residential,IMPUTED,LOCAL_SAME_CLASS,10.008,1.9273866090712743,1.9273866090712743,5.1925233644859805,5.1925233644859805
468250279#1,1,VERY_LOW_SPEED,BUFFER,residential,IMPUTED,LOCAL_SAME_CLASS,10.008,1.9273866090712743,1.9273866090712743,5.1925233644859805,5.1925233644859805
-771403153#1,1,VERY_LOW_SPEED,BUFFER,living_street,IMPUTED,LOCAL_ANY_CLASS,10.008,1.947224326420515,1.947224326420515,5.139623547327598,5.139623547327598
-771403153#0,1,VERY_LOW_SPEED,BUFFER,living_street,IMPUTED,LOCAL_ANY_CLASS,10.008,1.9472243264205151,1.9472243264205151,5.139623547327597,5.139623547327597
771403153#0,1,VERY_LOW_SPEED,BUFFER,living_street,IMPUTED,LOCAL_ANY_CLASS,10.008,1.9472243264205151,1.9472243264205151,5.139623547327597,5.139623547327597
771403153#1,1,VERY_LOW_SPEED,BUFFER,living_street,IMPUTED,LOCAL_ANY_CLASS,10.008,1.9472243264205151,1.9472243264205151,5.139623547327597,5.139623547327597
