idx,node_id,lon,lat,SUMO_EDGE_ID,SNAP_DISTANCE_M,OUTBOUND_REACHABLE,RETURN_REACHABLE,ROUND_TRIP_FEASIBLE,SYNTHETIC,SOURCE
0,5177735574.0,127.0258265,37.6030284,219095464#3,4.1828211807349085,True,True,True,False,measured_smart_bin
1,1936511929.0,127.0332205,37.6032212,1211909480#15,2.5657772003248067,True,True,True,False,measured_smart_bin
2,3828637008.0,127.02433,37.6018498,219095464#1,6.6636779559770005,True,True,True,False,measured_smart_bin
3,3836498780.0,127.0271818,37.603908,-416461519#1,7.060987607680415,True,True,True,False,measured_smart_bin
4,4172034616.0,127.0298226,37.6036772,-379553585#1,8.268983056885048,True,True,True,False,measured_smart_bin
5,414686133.0,127.0304232,37.6090843,617286974,9.54997545055637,True,True,True,False,measured_smart_bin
6,436866548.0,127.032837,37.6103489,219054273#1,6.175068224548368,True,True,True,False,measured_smart_bin
7,13348481104.0,127.0250086,37.6042788,1069458450,7.417019752025238,True,True,True,False,measured_smart_bin
8,4553252209.0,127.0214658,37.5967971,1492450445#2,5.374231673458656,True,True,True,False,measured_smart_bin
9,436863423.0,127.0375927,37.603916,914604025#1,6.141640234979488,True,True,True,False,measured_smart_bin
10,2655442277.0,127.0392985,37.6042826,518796193,7.386784353425353,True,True,True,False,measured_smart_bin
11,3835922959.0,127.0360322,37.6121054,-415103953,1.051081903739958,True,True,True,False,measured_smart_bin
12,3836301797.0,127.043509,37.6047517,-392872584#4,7.273834068092405,True,True,True,False,measured_smart_bin
13,287725181.0,127.0173308,37.5929893,1459747340#2,4.573197654557881,True,True,True,False,measured_smart_bin
14,436837682.0,127.02037,37.59529,416461506#4,4.225626262302155,True,True,True,False,measured_smart_bin
15,5209070013.0,127.0188684,37.6023916,1389567234#12,7.770717094903443,True,True,True,False,measured_smart_bin
16,3836537827.0,127.0174643,37.6031291,616217916#0,4.485498516413441,True,True,True,False,measured_smart_bin
17,3828636306.0,127.0190412,37.5943861,540235870#4,6.796316647271501,True,True,True,False,measured_smart_bin
18,3836538650.0,127.0185856,37.6107831,392871301#4,8.840078998843412,True,True,True,False,measured_smart_bin
19,12866020498.0,127.0264126,37.6103321,-415376030#1,7.192081208833857,True,True,True,False,measured_smart_bin
20,3836538641.0,127.0170487,37.6103416,-415666718#3,5.795582983532012,True,True,True,False,measured_smart_bin
21,6615871591.0,127.0358529,37.6028147,1455063481,4.726083458242253,True,True,True,False,measured_smart_bin
22,3836302746.0,127.0431475,37.6139206,-380285359#0,7.221150690058974,True,True,True,False,measured_smart_bin
23,4459432946.0,127.0325217,37.5972208,-518962603,5.6917499867960775,True,True,True,False,measured_smart_bin
24,5218111553.0,127.0521212,37.6082012,535711085#7,6.2087867284755145,True,True,True,False,measured_smart_bin
25,1936512035.0,127.0539426,37.6091617,535711085#10,1.5982586902122091,True,True,True,False,measured_smart_bin
26,3828636543.0,127.0392262,37.5974226,-37402230#4,10.9493438209926,True,True,True,False,measured_smart_bin
27,3828636433.0,127.0386111,37.5962061,37402230#2,6.945371513538831,True,True,True,False,measured_smart_bin
28,3836538607.0,127.0193205,37.6085483,-380312349#1,7.163636862350128,True,True,True,False,measured_smart_bin
29,5209074448.0,127.0124881,37.6038011,976312216#1,0.0093900061020497,True,True,True,False,measured_smart_bin
30,436852012.0,127.0226627,37.6099403,-37401109#7,7.797197136959754,True,True,True,False,measured_smart_bin
31,414686147.0,127.04906,37.61356,37402533#6,7.884755177744198,True,True,True,False,measured_smart_bin
32,287758984.0,127.0197876,37.5905509,518705242#2,7.34318302144299,True,True,True,False,measured_smart_bin
33,3521360380.0,127.0116556,37.6024739,518705504#2,5.682386007532063,True,True,True,False,measured_smart_bin
34,3836344343.0,127.0448527,37.6139033,218647396#7,7.3487202546055,True,True,True,False,measured_smart_bin
35,436860298.0,127.0169073,37.5904106,518705250#13,6.87362448048835,True,True,True,False,measured_smart_bin
36,282723804.0,127.0253159,37.5865641,-26269734#1,1.6011180454580214,True,True,True,False,measured_smart_bin
37,3836538795.0,127.0170448,37.6129283,392871301#0,4.98232799949566,True,True,True,False,measured_smart_bin
38,5209074443.0,127.0115795,37.6049163,617286516#1,5.362151335826828,True,True,True,False,measured_smart_bin
39,3841733112.0,127.0096067,37.6014591,-345476691#4,5.859054343488356,True,True,True,False,measured_smart_bin
40,3836346829.0,127.0425031,37.6169169,-380291624#2,7.411707280635865,True,True,True,False,measured_smart_bin
41,3830874285.0,127.0592623,37.6086882,218799087#5,7.399776371390295,True,True,True,False,measured_smart_bin
42,3836346995.0,127.0441185,37.617782,380291624#5,7.335543918447872,True,True,True,False,measured_smart_bin
43,1943132014.0,127.0288328,37.5862914,-1463443081#2,7.294730537800444,True,True,True,False,measured_smart_bin
44,3830773342.0,127.0593473,37.6102648,-183272335#0,6.2767001842500765,True,True,True,False,measured_smart_bin
45,3830897061.0,127.0442253,37.6035025,-379761178#1,5.019532348582206,True,True,True,False,measured_smart_bin
46,1936512086.0,127.0570663,37.6108045,183521097#1,6.2354635960406375,True,True,True,False,measured_smart_bin
47,414687713.0,127.0534,37.61427,37402533#0,8.173405382165438,True,True,True,False,measured_smart_bin
48,3830773377.0,127.0609307,37.6106376,-183272335#7,7.137943853473792,True,True,True,False,measured_smart_bin
49,3809204427.0,127.0111815,37.590898,536149415#0,2.761659332802393,True,True,True,False,measured_smart_bin
50,3829360844.0,127.0192454,37.5844138,-379598591,3.528442016840989,True,True,True,False,measured_smart_bin
51,3809204393.0,127.0094719,37.5900522,536149382,7.340737730853516,True,True,True,False,measured_smart_bin
52,3828659358.0,127.0227173,37.584164,-416453503#0,7.169250672081984,True,True,True,False,measured_smart_bin
53,3841732870.0,127.0117644,37.5921369,-380873923#2,6.156048386784847,True,True,True,False,measured_smart_bin
54,3828659364.0,127.0288965,37.5843225,702362022#1,3.534058282936913,True,True,True,False,measured_smart_bin
55,3835970692.0,127.0515334,37.6181925,-218779910#2,7.474646640966567,True,True,True,False,measured_smart_bin
56,414686124.0,127.0673209,37.6072196,801008456#3,7.354606046715197,True,True,True,False,measured_smart_bin
57,3841557216.0,127.0086868,37.6112671,-518709822#0,7.761835714740528,True,True,True,False,measured_smart_bin
58,3836121918.0,127.0512485,37.6168194,380269068#4,7.215845738659403,True,True,True,False,measured_smart_bin
59,3836121924.0,127.0537493,37.6167641,380269109#8,7.187424403568567,True,True,True,False,measured_smart_bin
60,3841557210.0,127.0112752,37.611213,-380851157#2,7.740158548134908,True,True,True,False,measured_smart_bin
61,436839376.0,127.0671331,37.6107222,801008455#0,2.676876275965396,True,True,True,False,measured_smart_bin
62,287298430.0,127.0670893,37.614152,-183521263,8.323245876235676,True,True,True,False,measured_smart_bin
63,2282620152.0,127.0508068,37.6229922,219055002#3,6.524034916225734,True,True,True,False,measured_smart_bin
64,3841557729.0,127.0109567,37.6161757,1426525827,6.314545602039622,True,True,True,False,measured_smart_bin
65,3841557735.0,127.0088498,37.6162321,-481779209#2,7.162882640630652,True,True,True,False,measured_smart_bin
66,3809238046.0,127.0023514,37.5924328,377543964#2,5.912281958641567,True,True,True,False,measured_smart_bin
67,298310629.0,127.0009998,37.5932361,-913601420,3.4150482959445907,True,True,True,False,measured_smart_bin
68,307937275.0,127.0037702,37.5997164,-183521057#3,7.081308427629843,True,True,True,False,measured_smart_bin
69,5209314071.0,127.00175,37.60796,37402584#9,3.4515956067300038,True,True,True,False,measured_smart_bin
70,4166632838.0,127.0035253,37.6079067,-380843952#0,7.268181805479698,True,True,True,False,measured_smart_bin
71,4168324392.0,127.0040285,37.5904359,-377543937#1,6.534193269390321,True,True,True,False,measured_smart_bin
72,4166632835.0,127.0028367,37.6101288,-415669359#1,6.070156275092384,True,True,True,False,measured_smart_bin
73,3809237942.0,127.0037699,37.5889472,-415895475#2,13.712714782282488,True,True,True,False,measured_smart_bin
74,3841490810.0,127.003372,37.6159949,380844009#0,5.957077747334245,True,True,True,False,measured_smart_bin
75,3841490908.0,127.0011331,37.6175656,-824655022#0,6.702676263311329,True,True,True,False,measured_smart_bin
76,3841491313.0,127.0076787,37.6238682,824655026#2,6.404848476751967,True,True,True,False,measured_smart_bin
77,3843314108.0,126.9958422,37.5938947,518702965#0,6.413382311965437,True,True,True,False,measured_smart_bin
78,2724792086.0,126.9955914,37.6012174,-518702431#3,6.669925947311814,True,True,True,False,measured_smart_bin
79,436844851.0,126.99232,37.59967,518702432,6.333822112513374,True,True,True,False,measured_smart_bin
80,5937708490.0,126.9942181,37.6108961,628897988,2.275091512243335,True,True,True,False,measured_smart_bin
81,3841701785.0,126.9948606,37.6092603,380869713#1,7.336006833696257,True,True,True,False,measured_smart_bin
82,3844428601.0,126.9877392,37.5977473,415860912#3,7.218938785729281,True,True,True,False,measured_smart_bin
83,3844428522.0,126.9862722,37.5963357,-261995707#3,7.349281899471045,True,True,True,False,measured_smart_bin
84,4170245913,,,416204685,0.0,True,True,True,True,seeded_operational_road_node
85,3835922959,,,-218647394#1,0.0,True,True,True,True,seeded_operational_road_node
86,3830874173,,,379757690#5,0.0,True,True,True,True,seeded_operational_road_node
87,436874013,,,517641034#3,0.0,True,True,True,True,seeded_operational_road_node
88,3797092652,,,-372722729#1,0.0,True,True,True,True,seeded_operational_road_node
89,3836121358,,,37400153#5,0.0,True,True,True,True,seeded_operational_road_node
90,3829451456,,,379603828#1,0.0,True,True,True,True,seeded_operational_road_node
91,3840882409,,,-380780255#2,0.0,True,True,True,True,seeded_operational_road_node
92,3830873684,,,-379757654#2,0.0,True,True,True,True,seeded_operational_road_node
93,5321154171,,,380873933#14,0.0,True,True,True,True,seeded_operational_road_node
94,3748161144,,,372722728#0,0.0,True,True,True,True,seeded_operational_road_node
95,436794160,,,-37397712#5,0.0,True,True,True,True,seeded_operational_road_node
96,436849202,,,-243251328,0.0,True,True,True,True,seeded_operational_road_node
97,4161765673,,,380291714,0.0,True,True,True,True,seeded_operational_road_node
98,3836346991,,,380291663,0.0,True,True,True,True,seeded_operational_road_node
99,3838818799,,,-380561579#6,0.0,True,True,True,True,seeded_operational_road_node
100,8497617697,,,1116924462#1,0.0,True,True,True,True,seeded_operational_road_node
101,3835923557,,,218748689#12,0.0,True,True,True,True,seeded_operational_road_node
102,3830773450,,,216881807#5,0.0,True,True,True,True,seeded_operational_road_node
103,13550993929,,,1477342128#3,0.0,True,True,True,True,seeded_operational_road_node
104,3828636294,,,-26329558#0,0.0,True,True,True,True,seeded_operational_road_node
105,4161784659,,,-415103954,0.0,True,True,True,True,seeded_operational_road_node
106,cluster_436847226_8489854403_8489867534,,,1454595849,0.0,True,True,True,True,seeded_operational_road_node
107,3835839257,,,380240658#3,0.0,True,True,True,True,seeded_operational_road_node
108,436880374,,,-218799086,0.0,True,True,True,True,seeded_operational_road_node
109,3841342863,,,519304012#4,0.0,True,True,True,True,seeded_operational_road_node
110,4163871194,,,-380240661#0,0.0,True,True,True,True,seeded_operational_road_node
111,4168666900,,,-381218112#1,0.0,True,True,True,True,seeded_operational_road_node
112,3838817805,,,415376024#1,0.0,True,True,True,True,seeded_operational_road_node
113,2304467785,,,-221423273,0.0,True,True,True,True,seeded_operational_road_node
114,3836302599,,,-380285426#3,0.0,True,True,True,True,seeded_operational_road_node
115,cluster_4173042499_4173042500,,,-416556415,0.0,True,True,True,True,seeded_operational_road_node
116,3843312711,,,381081152#0,0.0,True,True,True,True,seeded_operational_road_node
117,3831105394,,,379777408#1,0.0,True,True,True,True,seeded_operational_road_node
118,10603737092,,,-1137552049,0.0,True,True,True,True,seeded_operational_road_node
119,3838817620,,,-1150330227#0,0.0,True,True,True,True,seeded_operational_road_node
120,7577424869,,,810440299,0.0,True,True,True,True,seeded_operational_road_node
121,cluster_13172369892_13172379003_3831106926_436867948,,,-37402363#3,0.0,True,True,True,True,seeded_operational_road_node
122,8721774551,,,379766305#1,0.0,True,True,True,True,seeded_operational_road_node
123,3836139275,,,380270721#0,0.0,True,True,True,True,seeded_operational_road_node
124,3836121891,,,-380269193#1,0.0,True,True,True,True,seeded_operational_road_node
125,3829357934,,,310911140#1,0.0,True,True,True,True,seeded_operational_road_node
126,3841557115,,,380851197#1,0.0,True,True,True,True,seeded_operational_road_node
127,3835883399,,,-380245033#1,0.0,True,True,True,True,seeded_operational_road_node
128,3748161337,,,371238094#2,0.0,True,True,True,True,seeded_operational_road_node
129,cluster_3817459254_8149310998,,,378331060#4,0.0,True,True,True,True,seeded_operational_road_node
130,3365345946,,,941814958#0,0.0,True,True,True,True,seeded_operational_road_node
131,cluster_287699221_3829451478,,,183521087#4,0.0,True,True,True,True,seeded_operational_road_node
132,4309976420,,,-779795113,0.0,True,True,True,True,seeded_operational_road_node
133,3840741869,,,-380764478#1,0.0,True,True,True,True,seeded_operational_road_node
134,7068765380,,,-183521150#3,0.0,True,True,True,True,seeded_operational_road_node
135,cluster_3841316588_3841316590,,,380822910,0.0,True,True,True,True,seeded_operational_road_node
136,6586208290,,,-701286556,0.0,True,True,True,True,seeded_operational_road_node
137,3836121791,,,-380269068#0,0.0,True,True,True,True,seeded_operational_road_node
138,3748161176,,,372722731#3,0.0,True,True,True,True,seeded_operational_road_node
139,3836445021,,,-380301124#1,0.0,True,True,True,True,seeded_operational_road_node
140,3830519718,,,-40484068#4,0.0,True,True,True,True,seeded_operational_road_node
141,3841342860,,,519304012#7,0.0,True,True,True,True,seeded_operational_road_node
142,cluster_436852121_8486506139_8486506146_8486506147,,,180368916#1,0.0,True,True,True,True,seeded_operational_road_node
143,3840882405,,,-791662069,0.0,True,True,True,True,seeded_operational_road_node
144,3830519386,,,-379724119,0.0,True,True,True,True,seeded_operational_road_node
145,cluster_1936512120_5323116140_5323116141,,,551180408#7,0.0,True,True,True,True,seeded_operational_road_node
146,3834717131,,,-380123660,0.0,True,True,True,True,seeded_operational_road_node
147,3844548689,,,-381218096,0.0,True,True,True,True,seeded_operational_road_node
148,cluster_3829120889_3829120894,,,1053786968#0,0.0,True,True,True,True,seeded_operational_road_node
149,3830773377,,,-379747493,0.0,True,True,True,True,seeded_operational_road_node
150,cluster_1936511653_4452346229,,,-183272534#5,0.0,True,True,True,True,seeded_operational_road_node
151,3828636268,,,379553654,0.0,True,True,True,True,seeded_operational_road_node
152,3830680223,,,794606932#1,0.0,True,True,True,True,seeded_operational_road_node
153,12180164368,,,1315917487,0.0,True,True,True,True,seeded_operational_road_node
154,cluster_4167795032_436849176,,,183521105,0.0,True,True,True,True,seeded_operational_road_node
155,3841316314,,,-380822921#1,0.0,True,True,True,True,seeded_operational_road_node
156,3841316189,,,-380822849#2,0.0,True,True,True,True,seeded_operational_road_node
157,3841490299,,,380843996#6,0.0,True,True,True,True,seeded_operational_road_node
158,7888676096,,,751454828#3,0.0,True,True,True,True,seeded_operational_road_node
159,3836379255,,,-380294873#0,0.0,True,True,True,True,seeded_operational_road_node
160,3829174145,,,-379584827#1,0.0,True,True,True,True,seeded_operational_road_node
161,3841490772,,,-380844009#0,0.0,True,True,True,True,seeded_operational_road_node
162,cluster_10694691498_3836301625,,,1149429793,0.0,True,True,True,True,seeded_operational_road_node
163,3840741904,,,380764546#1,0.0,True,True,True,True,seeded_operational_road_node
164,4163787262,,,415336565#0,0.0,True,True,True,True,seeded_operational_road_node
165,3829083171,,,-794254760,0.0,True,True,True,True,seeded_operational_road_node
166,3831105907,,,379777363,0.0,True,True,True,True,seeded_operational_road_node
167,3835883450,,,-380245048,0.0,True,True,True,True,seeded_operational_road_node
168,4156738890,,,414540563,0.0,True,True,True,True,seeded_operational_road_node
169,3809238178,,,668991972#0,0.0,True,True,True,True,seeded_operational_road_node
170,13573019462,,,-380123764#0,0.0,True,True,True,True,seeded_operational_road_node
171,cluster_3834716782_3834716785,,,-380123658,0.0,True,True,True,True,seeded_operational_road_node
172,3830520107,,,-379724234#0,0.0,True,True,True,True,seeded_operational_road_node
173,cluster_3841343917_4166516397,,,-380825648#3,0.0,True,True,True,True,seeded_operational_road_node
174,4173040368,,,204782690#4,0.0,True,True,True,True,seeded_operational_road_node
175,3840741833,,,380764480,0.0,True,True,True,True,seeded_operational_road_node
176,3843312686,,,-381081235#1,0.0,True,True,True,True,seeded_operational_road_node
177,3835923684,,,415103703#2,0.0,True,True,True,True,seeded_operational_road_node
178,4163787258,,,-415336564,0.0,True,True,True,True,seeded_operational_road_node
179,3836346853,,,415101264#3,0.0,True,True,True,True,seeded_operational_road_node
180,3739973202,,,370287165#0,0.0,True,True,True,True,seeded_operational_road_node
181,cluster_3835839270_3835839282,,,380240546#3,0.0,True,True,True,True,seeded_operational_road_node
182,10017702231,,,-379568743#3,0.0,True,True,True,True,seeded_operational_road_node
183,3841490677,,,-380844003#0,0.0,True,True,True,True,seeded_operational_road_node
184,3830520269,,,794535617#0,0.0,True,True,True,True,seeded_operational_road_node
185,3840741967,,,-380764540#0,0.0,True,True,True,True,seeded_operational_road_node
186,3830873920,,,379757669#1,0.0,True,True,True,True,seeded_operational_road_node
187,3843313121,,,381081110,0.0,True,True,True,True,seeded_operational_road_node
188,3840882435,,,380780267#2,0.0,True,True,True,True,seeded_operational_road_node
189,3836495236,,,-26252133#5,0.0,True,True,True,True,seeded_operational_road_node
190,3830945687,,,379766314#2,0.0,True,True,True,True,seeded_operational_road_node
191,4170245906,,,416204687,0.0,True,True,True,True,seeded_operational_road_node
192,3832952906,,,-379951733#0,0.0,True,True,True,True,seeded_operational_road_node
193,3840742116,,,380764568#2,0.0,True,True,True,True,seeded_operational_road_node
194,3748161197,,,-371238072#6,0.0,True,True,True,True,seeded_operational_road_node
195,4170211315,,,-416195478#1,0.0,True,True,True,True,seeded_operational_road_node
196,3834716796,,,380123651#2,0.0,True,True,True,True,seeded_operational_road_node
197,3828636696,,,-379553606#2,0.0,True,True,True,True,seeded_operational_road_node
198,4172034429,,,377540976,0.0,True,True,True,True,seeded_operational_road_node
199,3830874282,,,379757684#2,0.0,True,True,True,True,seeded_operational_road_node
200,3836213596,,,-380277633#1,0.0,True,True,True,True,seeded_operational_road_node
201,3809204350,,,-377540974#0,0.0,True,True,True,True,seeded_operational_road_node
202,3809204172,,,37399130#6,0.0,True,True,True,True,seeded_operational_road_node
203,3830873696,,,-379757563#0,0.0,True,True,True,True,seeded_operational_road_node
204,cluster_3252770312_3829262418,,,-379589796#0,0.0,True,True,True,True,seeded_operational_road_node
205,3831326905,,,-793089347#1,0.0,True,True,True,True,seeded_operational_road_node
206,3836381336,,,380294866#1,0.0,True,True,True,True,seeded_operational_road_node
207,13011064287,,,-168228144#1,0.0,True,True,True,True,seeded_operational_road_node
208,3830591788,,,-379730384#0,0.0,True,True,True,True,seeded_operational_road_node
209,3838818331,,,380561626,0.0,True,True,True,True,seeded_operational_road_node
210,3835923586,,,380249062#3,0.0,True,True,True,True,seeded_operational_road_node
211,4163787288,,,380285446#1,0.0,True,True,True,True,seeded_operational_road_node
212,3835923602,,,-380249073#3,0.0,True,True,True,True,seeded_operational_road_node
213,4156715908,,,-414536654#1,0.0,True,True,True,True,seeded_operational_road_node
214,4663019376,,,472063637,0.0,True,True,True,True,seeded_operational_road_node
215,5275128135,,,-37400305#7,0.0,True,True,True,True,seeded_operational_road_node
216,3831105857,,,-379777352#2,0.0,True,True,True,True,seeded_operational_road_node
217,4166037557,,,-415555507,0.0,True,True,True,True,seeded_operational_road_node
218,3831326960,,,915058268,0.0,True,True,True,True,seeded_operational_road_node
219,3087871810,,,517581253#5,0.0,True,True,True,True,seeded_operational_road_node
220,3843313797,,,-381081138,0.0,True,True,True,True,seeded_operational_road_node
221,3836381366,,,-380294894#0,0.0,True,True,True,True,seeded_operational_road_node
222,4159879490,,,-380277684#2,0.0,True,True,True,True,seeded_operational_road_node
223,4166300871,,,415615135#1,0.0,True,True,True,True,seeded_operational_road_node
224,3834717132,,,414741015#7,0.0,True,True,True,True,seeded_operational_road_node
225,cluster_4170245923_8488445779,,,-416179265#4,0.0,True,True,True,True,seeded_operational_road_node
226,cluster_3834241943_4162229005,,,-415158418,0.0,True,True,True,True,seeded_operational_road_node
227,4170209782,,,-416178720#3,0.0,True,True,True,True,seeded_operational_road_node
228,4370586892,,,964947798#1,0.0,True,True,True,True,seeded_operational_road_node
229,2523186231,,,-245063570#2,0.0,True,True,True,True,seeded_operational_road_node
230,3817459518,,,378331068#1,0.0,True,True,True,True,seeded_operational_road_node
231,5100714236,,,86165631#0,0.0,True,True,True,True,seeded_operational_road_node
232,5787074669,,,611179005#1,0.0,True,True,True,True,seeded_operational_road_node
233,3748161188,,,-371238084#2,0.0,True,True,True,True,seeded_operational_road_node
234,3088023794,,,232594200#5,0.0,True,True,True,True,seeded_operational_road_node
235,3839369251,,,380618472#2,0.0,True,True,True,True,seeded_operational_road_node
236,4163787592,,,380294932#4,0.0,True,True,True,True,seeded_operational_road_node
237,4040483293,,,401637585,0.0,True,True,True,True,seeded_operational_road_node
238,436848924,,,1175046337#4,0.0,True,True,True,True,seeded_operational_road_node
239,3831327023,,,379795829#1,0.0,True,True,True,True,seeded_operational_road_node
240,3843154693,,,-381034885#12,0.0,True,True,True,True,seeded_operational_road_node
241,3829015273,,,489813617#8,0.0,True,True,True,True,seeded_operational_road_node
242,cluster_3748159957_4111366493,,,-371238005#5,0.0,True,True,True,True,seeded_operational_road_node
243,3748161374,,,-239301240#3,0.0,True,True,True,True,seeded_operational_road_node
244,3836379199,,,-380294937#1,0.0,True,True,True,True,seeded_operational_road_node
245,3365345955,,,329614908#8,0.0,True,True,True,True,seeded_operational_road_node
246,3836495898,,,183272447,0.0,True,True,True,True,seeded_operational_road_node
247,3831106820,,,1382527576,0.0,True,True,True,True,seeded_operational_road_node
248,2320943349,,,800202252#4,0.0,True,True,True,True,seeded_operational_road_node
249,3834717172,,,380123669,0.0,True,True,True,True,seeded_operational_road_node
250,3841315970,,,380822872,0.0,True,True,True,True,seeded_operational_road_node
251,3252764057,,,-318882334,0.0,True,True,True,True,seeded_operational_road_node
252,436871173,,,1389567236#4,0.0,True,True,True,True,seeded_operational_road_node
253,2655472908,,,-260064624#1,0.0,True,True,True,True,seeded_operational_road_node
254,cluster_3841491017_3841491025,,,380843958#0,0.0,True,True,True,True,seeded_operational_road_node
255,3365345943,,,329991285#1,0.0,True,True,True,True,seeded_operational_road_node
256,3809238055,,,-377543939,0.0,True,True,True,True,seeded_operational_road_node
257,12393170044,,,379795834#13,0.0,True,True,True,True,seeded_operational_road_node
258,442884863,,,86165607,0.0,True,True,True,True,seeded_operational_road_node
259,cluster_3836379187_7579710595,,,1211909480#9,0.0,True,True,True,True,seeded_operational_road_node
260,3841491242,,,-380844014,0.0,True,True,True,True,seeded_operational_road_node
261,7579687429,,,183272554#0,0.0,True,True,True,True,seeded_operational_road_node
262,3835883145,,,469711969#3,0.0,True,True,True,True,seeded_operational_road_node
263,436858793,,,516724020#13,0.0,True,True,True,True,seeded_operational_road_node
264,3369302124,,,329970398#3,0.0,True,True,True,True,seeded_operational_road_node
265,cluster_3226402260_4661856093,,,-517638484#3,0.0,True,True,True,True,seeded_operational_road_node
266,3836121489,,,380269088,0.0,True,True,True,True,seeded_operational_road_node
267,3843314095,,,-381081010,0.0,True,True,True,True,seeded_operational_road_node
268,436819602,,,-183272377#4,0.0,True,True,True,True,seeded_operational_road_node
269,cluster_3843313266_3843313276,,,381080920#1,0.0,True,True,True,True,seeded_operational_road_node
270,3841316195,,,218681391#27,0.0,True,True,True,True,seeded_operational_road_node
271,4656391913,,,471482457#1,0.0,True,True,True,True,seeded_operational_road_node
272,3834717259,,,380123792#1,0.0,True,True,True,True,seeded_operational_road_node
273,3836302345,,,380285394#0,0.0,True,True,True,True,seeded_operational_road_node
274,4163929204,,,380245070,0.0,True,True,True,True,seeded_operational_road_node
275,13543227862,,,379923328#5,0.0,True,True,True,True,seeded_operational_road_node
276,3829360436,,,-379598605#1,0.0,True,True,True,True,seeded_operational_road_node
277,cluster_5194568309_5973683983_5973683984_9816197132_#1more,,,1455536608#1,0.0,True,True,True,True,seeded_operational_road_node
278,13550993969,,,-1477342128#2,0.0,True,True,True,True,seeded_operational_road_node
279,287710021,,,-1339878025,0.0,True,True,True,True,seeded_operational_road_node
280,cluster_3838818575_5198597932,,,-780139431,0.0,True,True,True,True,seeded_operational_road_node
281,2125873077,,,-1069117506#0,0.0,True,True,True,True,seeded_operational_road_node
282,2376668199,,,229028014#6,0.0,True,True,True,True,seeded_operational_road_node
283,2408358799,,,-232490921#0,0.0,True,True,True,True,seeded_operational_road_node
284,cluster_10138603147_3740141552,,,468219629#7,0.0,True,True,True,True,seeded_operational_road_node
285,3838818859,,,-380561544#5,0.0,True,True,True,True,seeded_operational_road_node
286,13587539907,,,-380301052#1,0.0,True,True,True,True,seeded_operational_road_node
287,3841490943,,,380844015#1,0.0,True,True,True,True,seeded_operational_road_node
288,3828480848,,,635356834#3,0.0,True,True,True,True,seeded_operational_road_node
289,3830591967,,,379730383#2,0.0,True,True,True,True,seeded_operational_road_node
290,3830894192,,,-379761176#5,0.0,True,True,True,True,seeded_operational_road_node
291,3369129911,,,-329961800#2,0.0,True,True,True,True,seeded_operational_road_node
292,3828659392,,,-379556014#2,0.0,True,True,True,True,seeded_operational_road_node
293,3840882462,,,415145617#0,0.0,True,True,True,True,seeded_operational_road_node
294,3835923618,,,-380249128#1,0.0,True,True,True,True,seeded_operational_road_node
295,3828636815,,,-416461517#0,0.0,True,True,True,True,seeded_operational_road_node
296,2523186729,,,-220705405#2,0.0,True,True,True,True,seeded_operational_road_node
297,436854530,,,520021677#15,0.0,True,True,True,True,seeded_operational_road_node
298,cluster_436818224_7617572274,,,379724205#1,0.0,True,True,True,True,seeded_operational_road_node
299,436867490,,,219047674,0.0,True,True,True,True,seeded_operational_road_node
300,8495970253,,,914584852,0.0,True,True,True,True,seeded_operational_road_node
301,3809204189,,,37399130#5,0.0,True,True,True,True,seeded_operational_road_node
302,3841315904,,,380822851#1,0.0,True,True,True,True,seeded_operational_road_node
303,3748161411,,,371238128#1,0.0,True,True,True,True,seeded_operational_road_node
304,cluster_10694353300_10694353306_3748161389_436848430,,,239301800#13,0.0,True,True,True,True,seeded_operational_road_node
305,4159879498,,,-414850512,0.0,True,True,True,True,seeded_operational_road_node
306,3830773099,,,-232490918#4,0.0,True,True,True,True,seeded_operational_road_node
307,4163787282,,,-380294926#1,0.0,True,True,True,True,seeded_operational_road_node
308,4166159464,,,-415590671#0,0.0,True,True,True,True,seeded_operational_road_node
309,2636143273,,,258223842,0.0,True,True,True,True,seeded_operational_road_node
310,2135148748,,,-656122999,0.0,True,True,True,True,seeded_operational_road_node
311,13357273182,,,-1456459314,0.0,True,True,True,True,seeded_operational_road_node
312,3843313776,,,-381080999#1,0.0,True,True,True,True,seeded_operational_road_node
313,cluster_10692802806_3748161423_9701574063,,,-1115254735#0,0.0,True,True,True,True,seeded_operational_road_node
314,3840741900,,,-380764542#1,0.0,True,True,True,True,seeded_operational_road_node
315,5316943800,,,-380843987#8,0.0,True,True,True,True,seeded_operational_road_node
316,7611697864,,,-516724021#4,0.0,True,True,True,True,seeded_operational_road_node
317,3335658977,,,329616719#9,0.0,True,True,True,True,seeded_operational_road_node
318,436856577,,,-380312333,0.0,True,True,True,True,seeded_operational_road_node
319,3828715695,,,379558009,0.0,True,True,True,True,seeded_operational_road_node
320,3828636264,,,26329558#0,0.0,True,True,True,True,seeded_operational_road_node
321,cluster_3762715206_3797092969,,,-372722756#4,0.0,True,True,True,True,seeded_operational_road_node
322,10073520767,,,401637586#0,0.0,True,True,True,True,seeded_operational_road_node
323,1936511655,,,-521919709#4,0.0,True,True,True,True,seeded_operational_road_node
324,3440246694,,,-336936070#1,0.0,True,True,True,True,seeded_operational_road_node
325,cluster_7106108447_7576438228_7576438245_9816125914_#2more,,,-380240585#1,0.0,True,True,True,True,seeded_operational_road_node
326,13814706009,,,1511505183#2,0.0,True,True,True,True,seeded_operational_road_node
327,cluster_3828480896_3828480898,,,415829225,0.0,True,True,True,True,seeded_operational_road_node
328,3836213777,,,380277633#7,0.0,True,True,True,True,seeded_operational_road_node
329,3840742132,,,-519282936#4,0.0,True,True,True,True,seeded_operational_road_node
330,13503905006,,,538081751,0.0,True,True,True,True,seeded_operational_road_node
331,3831106084,,,-379777343#0,0.0,True,True,True,True,seeded_operational_road_node
332,13204084914,,,229028026#9,0.0,True,True,True,True,seeded_operational_road_node
333,3844428363,,,-381204501#1,0.0,True,True,True,True,seeded_operational_road_node
334,cluster_436860043_436883213,,,-37401788#0,0.0,True,True,True,True,seeded_operational_road_node
335,3829357871,,,379598633,0.0,True,True,True,True,seeded_operational_road_node
336,3829007976,,,-379567155#0,0.0,True,True,True,True,seeded_operational_road_node
337,3836538434,,,-380312407#0,0.0,True,True,True,True,seeded_operational_road_node
338,4655048521,,,-471342707#1,0.0,True,True,True,True,seeded_operational_road_node
339,cluster_3831105386_436860056_9848667573_9848667628,,,-37403488#4,0.0,True,True,True,True,seeded_operational_road_node
340,7174750350,,,1305791485#0,0.0,True,True,True,True,seeded_operational_road_node
341,3839369179,,,380618544#1,0.0,True,True,True,True,seeded_operational_road_node
342,4161759832,,,-380291626#2,0.0,True,True,True,True,seeded_operational_road_node
343,2470981951,,,814882401#1,0.0,True,True,True,True,seeded_operational_road_node
344,3834288255,,,380080708#1,0.0,True,True,True,True,seeded_operational_road_node
345,4198108261,,,419812286#1,0.0,True,True,True,True,seeded_operational_road_node
346,3836498823,,,380308698#2,0.0,True,True,True,True,seeded_operational_road_node
347,3839369401,,,415609828#2,0.0,True,True,True,True,seeded_operational_road_node
348,3831326934,,,-379795828#0,0.0,True,True,True,True,seeded_operational_road_node
349,4456895047,,,1496591684#3,0.0,True,True,True,True,seeded_operational_road_node
350,439215097,,,245063593,0.0,True,True,True,True,seeded_operational_road_node
351,13202101921,,,318883567#3,0.0,True,True,True,True,seeded_operational_road_node
352,1936512244,,,183272552,0.0,True,True,True,True,seeded_operational_road_node
353,3830519445,,,379724067#3,0.0,True,True,True,True,seeded_operational_road_node
354,8606197123,,,-229028018#2,0.0,True,True,True,True,seeded_operational_road_node
355,13398087809,,,-183521101#0,0.0,True,True,True,True,seeded_operational_road_node
356,cluster_3839369224_3839369226,,,380618524#5,0.0,True,True,True,True,seeded_operational_road_node
357,3843314469,,,-415856640#2,0.0,True,True,True,True,seeded_operational_road_node
358,3831105433,,,379777295#6,0.0,True,True,True,True,seeded_operational_road_node
359,3841639103,,,-380843987#7,0.0,True,True,True,True,seeded_operational_road_node
360,3831326895,,,-793089345,0.0,True,True,True,True,seeded_operational_road_node
361,cluster_10215050190_3830519820,,,379724173#1,0.0,True,True,True,True,seeded_operational_road_node
362,10221971701,,,-1117645677#2,0.0,True,True,True,True,seeded_operational_road_node
363,12393170086,,,-1346118790,0.0,True,True,True,True,seeded_operational_road_node
364,3834288261,,,-380080688,0.0,True,True,True,True,seeded_operational_road_node
365,3739270905,,,370202145#2,0.0,True,True,True,True,seeded_operational_road_node
366,2649773696,,,-259549956#0,0.0,True,True,True,True,seeded_operational_road_node
367,cluster_12241031057_12390427109,,,1109214327,0.0,True,True,True,True,seeded_operational_road_node
368,3844428511,,,381204518#1,0.0,True,True,True,True,seeded_operational_road_node
369,cluster_12393112767_3830680286,,,-516636553#1,0.0,True,True,True,True,seeded_operational_road_node
370,cluster_3829132980_3829262430,,,-379581078#2,0.0,True,True,True,True,seeded_operational_road_node
371,3839369131,,,-380618581#7,0.0,True,True,True,True,seeded_operational_road_node
372,3369129956,,,-329961800#4,0.0,True,True,True,True,seeded_operational_road_node
373,282723942,,,518705243#2,0.0,True,True,True,True,seeded_operational_road_node
374,9730662066,,,-371237994#1,0.0,True,True,True,True,seeded_operational_road_node
375,3829008045,,,379567143,0.0,True,True,True,True,seeded_operational_road_node
376,13566411117,,,1478788844#5,0.0,True,True,True,True,seeded_operational_road_node
377,3252764868,,,26965300#3,0.0,True,True,True,True,seeded_operational_road_node
378,12393112772,,,218975373#0,0.0,True,True,True,True,seeded_operational_road_node
379,3832677141,,,379923346,0.0,True,True,True,True,seeded_operational_road_node
380,4641631225,,,-37401470#1,0.0,True,True,True,True,seeded_operational_road_node
381,3844428519,,,-1377665813,0.0,True,True,True,True,seeded_operational_road_node
382,3739976354,,,369784145#15,0.0,True,True,True,True,seeded_operational_road_node
383,cluster_3835883485_3835883489,,,-380244970#5,0.0,True,True,True,True,seeded_operational_road_node
384,3830519516,,,379724160#5,0.0,True,True,True,True,seeded_operational_road_node
385,3841490285,,,-380843952#3,0.0,True,True,True,True,seeded_operational_road_node
386,3831106422,,,793763794,0.0,True,True,True,True,seeded_operational_road_node
387,3164145561,,,788674856,0.0,True,True,True,True,seeded_operational_road_node
388,4160435670,,,380285392#1,0.0,True,True,True,True,seeded_operational_road_node
389,5005456236,,,329614907#4,0.0,True,True,True,True,seeded_operational_road_node
390,10795149268,,,-380910701#1,0.0,True,True,True,True,seeded_operational_road_node
391,3832677279,,,379923328#1,0.0,True,True,True,True,seeded_operational_road_node
392,cluster_3740141644_3740141654,,,370202121#3,0.0,True,True,True,True,seeded_operational_road_node
393,2376668131,,,229028014#1,0.0,True,True,True,True,seeded_operational_road_node
394,3836213782,,,-380277644,0.0,True,True,True,True,seeded_operational_road_node
395,3839369288,,,380618530,0.0,True,True,True,True,seeded_operational_road_node
396,3829360587,,,183895308#6,0.0,True,True,True,True,seeded_operational_road_node
397,3836381424,,,-380294938#5,0.0,True,True,True,True,seeded_operational_road_node
398,7577451203,,,381025735#3,0.0,True,True,True,True,seeded_operational_road_node
399,4170211310,,,-416195477#1,0.0,True,True,True,True,seeded_operational_road_node
400,9903152129,,,378574904#0,0.0,True,True,True,True,seeded_operational_road_node
401,7892852099,,,845987224#0,0.0,True,True,True,True,seeded_operational_road_node
402,8491745294,,,380561679#2,0.0,True,True,True,True,seeded_operational_road_node
403,cluster_3841343466_3841343469,,,380825658#1,0.0,True,True,True,True,seeded_operational_road_node
404,3740141678,,,-370202133#2,0.0,True,True,True,True,seeded_operational_road_node
405,3841557191,,,-380851191#2,0.0,True,True,True,True,seeded_operational_road_node
406,cluster_4166563677_4166563681,,,415642060#2,0.0,True,True,True,True,seeded_operational_road_node
407,5321180885,,,900620146#6,0.0,True,True,True,True,seeded_operational_road_node
408,4778060986,,,-485048598#1,0.0,True,True,True,True,seeded_operational_road_node
409,7579710650,,,371238094#1,0.0,True,True,True,True,seeded_operational_road_node
410,3809203832,,,-379598583#4,0.0,True,True,True,True,seeded_operational_road_node
411,3830519893,,,-416570726#2,0.0,True,True,True,True,seeded_operational_road_node
412,7428599396,,,-794254759#6,0.0,True,True,True,True,seeded_operational_road_node
413,cluster_3831194038_3831194050,,,-379781939#2,0.0,True,True,True,True,seeded_operational_road_node
414,3748161185,,,-371238083#0,0.0,True,True,True,True,seeded_operational_road_node
415,3835883351,,,469711969#18,0.0,True,True,True,True,seeded_operational_road_node
416,3828715752,,,-379557990#1,0.0,True,True,True,True,seeded_operational_road_node
417,cluster_3841342924_3841342937,,,380825593,0.0,True,True,True,True,seeded_operational_road_node
418,3830675949,,,379739042#0,0.0,True,True,True,True,seeded_operational_road_node
419,3841342858,,,380825626#1,0.0,True,True,True,True,seeded_operational_road_node
420,1943131791,,,37399642#0,0.0,True,True,True,True,seeded_operational_road_node
421,436856565,,,380312360,0.0,True,True,True,True,seeded_operational_road_node
422,3830520282,,,-416504291#3,0.0,True,True,True,True,seeded_operational_road_node
423,8493796125,,,689266490#6,0.0,True,True,True,True,seeded_operational_road_node
424,3835883472,,,-415352007#4,0.0,True,True,True,True,seeded_operational_road_node
425,4172034435,,,-37400215#1,0.0,True,True,True,True,seeded_operational_road_node
426,cluster_3830773650_5427331641,,,-379747476#1,0.0,True,True,True,True,seeded_operational_road_node
427,10628475544,,,-1140705591,0.0,True,True,True,True,seeded_operational_road_node
428,3830773420,,,379747382,0.0,True,True,True,True,seeded_operational_road_node
429,3834288202,,,380080635#0,0.0,True,True,True,True,seeded_operational_road_node
430,3762714881,,,-372722648#4,0.0,True,True,True,True,seeded_operational_road_node
431,436870448,,,218647396#17,0.0,True,True,True,True,seeded_operational_road_node
432,4163787237,,,380294867#0,0.0,True,True,True,True,seeded_operational_road_node
433,3835923676,,,-380249167#2,0.0,True,True,True,True,seeded_operational_road_node
434,cluster_436875645_6146661436_8482825440_8482825441_#4more,,,183521246#5,0.0,True,True,True,True,seeded_operational_road_node
435,3843312700,,,-415935822#1,0.0,True,True,True,True,seeded_operational_road_node
436,13737405423,,,1479671356#0,0.0,True,True,True,True,seeded_operational_road_node
437,3817102436,,,-232594130#5,0.0,True,True,True,True,seeded_operational_road_node
438,3829084838,,,416504762#2,0.0,True,True,True,True,seeded_operational_road_node
439,3829007983,,,-379567160#1,0.0,True,True,True,True,seeded_operational_road_node
440,cluster_3087861306_3817106913,,,-232594200#8,0.0,True,True,True,True,seeded_operational_road_node
441,cluster_3830519934_3830519941,,,379724198#4,0.0,True,True,True,True,seeded_operational_road_node
442,7576453487,,,-379553691#1,0.0,True,True,True,True,seeded_operational_road_node
443,2304465964,,,-221423145#2,0.0,True,True,True,True,seeded_operational_road_node
444,3844548463,,,381218090#2,0.0,True,True,True,True,seeded_operational_road_node
445,cluster_3829360584_4635442437,,,469144897#2,0.0,True,True,True,True,seeded_operational_road_node
446,4164130560,,,-380308693#1,0.0,True,True,True,True,seeded_operational_road_node
447,3830680341,,,379739046#1,0.0,True,True,True,True,seeded_operational_road_node
448,3836445094,,,-380301087,0.0,True,True,True,True,seeded_operational_road_node
449,436761324,,,218655246,0.0,True,True,True,True,seeded_operational_road_node
450,3843312538,,,-381080929#3,0.0,True,True,True,True,seeded_operational_road_node
451,cluster_10694337596_436848431,,,-516724021#22,0.0,True,True,True,True,seeded_operational_road_node
452,3836538403,,,380312346#0,0.0,True,True,True,True,seeded_operational_road_node
453,cluster_3442142893_4456975006,,,337111078#2,0.0,True,True,True,True,seeded_operational_road_node
454,13076816830,,,-1422938521,0.0,True,True,True,True,seeded_operational_road_node
455,3844428121,,,304253674#6,0.0,True,True,True,True,seeded_operational_road_node
456,3844427748,,,680918030#0,0.0,True,True,True,True,seeded_operational_road_node
457,2376668189,,,-229028019#7,0.0,True,True,True,True,seeded_operational_road_node
458,3835883329,,,-380245000,0.0,True,True,True,True,seeded_operational_road_node
459,4634639582,,,-469051030#1,0.0,True,True,True,True,seeded_operational_road_node
460,cluster_3762714894_3842209693,,,516724020#4,0.0,True,True,True,True,seeded_operational_road_node
461,3844428080,,,-223166206#3,0.0,True,True,True,True,seeded_operational_road_node
462,3843314084,,,-381080978#0,0.0,True,True,True,True,seeded_operational_road_node
463,8488439006,,,-913788384#1,0.0,True,True,True,True,seeded_operational_road_node
464,4160400699,,,380285393#2,0.0,True,True,True,True,seeded_operational_road_node
465,3828715896,,,379558013,0.0,True,True,True,True,seeded_operational_road_node
466,6541841096,,,696611323,0.0,True,True,True,True,seeded_operational_road_node
467,4167831981,,,379537198#0,0.0,True,True,True,True,seeded_operational_road_node
468,3838816984,,,-380561605#4,0.0,True,True,True,True,seeded_operational_road_node
469,8749605883,,,318883567#2,0.0,True,True,True,True,seeded_operational_road_node
470,4173040366,,,416556409#3,0.0,True,True,True,True,seeded_operational_road_node
471,3831326546,,,379795862,0.0,True,True,True,True,seeded_operational_road_node
472,3829107200,,,-379574243#0,0.0,True,True,True,True,seeded_operational_road_node
473,3828659338,,,183521170#0,0.0,True,True,True,True,seeded_operational_road_node
474,3828659057,,,379578141,0.0,True,True,True,True,seeded_operational_road_node
475,3087871798,,,517581253#2,0.0,True,True,True,True,seeded_operational_road_node
476,7489078833,,,-709031347,0.0,True,True,True,True,seeded_operational_road_node
477,3828636779,,,-379553617,0.0,True,True,True,True,seeded_operational_road_node
478,cluster_10138441793_10138441816,,,1108036994#1,0.0,True,True,True,True,seeded_operational_road_node
479,7153105593,,,-765892054#3,0.0,True,True,True,True,seeded_operational_road_node
480,3838818786,,,380561604#8,0.0,True,True,True,True,seeded_operational_road_node
481,5247465905,,,542790323#14,0.0,True,True,True,True,seeded_operational_road_node
482,10931240181,,,1176532866#0,0.0,True,True,True,True,seeded_operational_road_node
483,3843313348,,,381081066#2,0.0,True,True,True,True,seeded_operational_road_node
484,436873167,,,310911141,0.0,True,True,True,True,seeded_operational_road_node
485,3843314133,,,381081269#0,0.0,True,True,True,True,seeded_operational_road_node
486,6001808046,,,1147603093,0.0,True,True,True,True,seeded_operational_road_node
487,5063943685,,,380312391#2,0.0,True,True,True,True,seeded_operational_road_node
488,3748161163,,,-371238078#5,0.0,True,True,True,True,seeded_operational_road_node
489,10301311852,,,-257943830#3,0.0,True,True,True,True,seeded_operational_road_node
490,436856612,,,1416455120#2,0.0,True,True,True,True,seeded_operational_road_node
491,13025794267,,,379747452#0,0.0,True,True,True,True,seeded_operational_road_node
492,3840882487,,,380780214,0.0,True,True,True,True,seeded_operational_road_node
493,1791305526,,,-1455536617#5,0.0,True,True,True,True,seeded_operational_road_node
494,3844428258,,,518702966#3,0.0,True,True,True,True,seeded_operational_road_node
495,3840741934,,,-380764482#1,0.0,True,True,True,True,seeded_operational_road_node
496,cluster_3830519449_3830519471_7617559808_7617559815,,,-1053786149,0.0,True,True,True,True,seeded_operational_road_node
497,2636140231,,,258026363#0,0.0,True,True,True,True,seeded_operational_road_node
498,cluster_3485006269_3839368731,,,-341295981#6,0.0,True,True,True,True,seeded_operational_road_node
499,3830874233,,,379757685#1,0.0,True,True,True,True,seeded_operational_road_node
