method,vehicles,hours,normalized_gap_mean_pct,normalized_gap_min_pct,normalized_gap_max_pct
aco,6,3,32.783142471524236,22.50898732283226,45.97201679594745
aco,7,3,38.21752365349644,22.322054764286946,68.35595561040665
aco,8,3,14.007274621429374,0.15239079110107578,31.620823079167227
aco,9,3,31.634529722649877,23.659423564184443,41.452860046954385
aco,10,3,23.000721190103224,5.831210671932441,33.024776416426825
aco,11,3,13.93192269106276,7.578183579802311,19.766763382282626
aco,12,3,23.130091504823568,1.7150555892540442,35.911463178961476
aco,13,3,15.181678634663347,2.505698498835507,34.74814177045731
aco,14,3,18.218813684803322,7.624908830618793,33.40442437661029
ga,6,3,44.97143959566343,25.848243208833743,78.78646454543927
ga,7,3,12.964790831226415,1.8105683924540372,29.87101189587429
ga,8,3,20.308481482253267,9.295992922635566,25.872754362298767
ga,9,3,11.30715479146179,3.178688858980272,21.568374016735213
ga,10,3,20.874201052020698,0.0,54.295981445918365
ga,11,3,16.705403710684113,13.629164877490773,21.294190795721345
ga,12,3,12.344927656370453,0.0,24.09839912041276
ga,13,3,11.816106880156227,8.325151510161088,18.439272757738422
ga,14,3,15.214677739610567,3.4202361788222335,28.49746109023443
nn,6,3,53.31979640470232,38.72903021564207,81.30812590674724
nn,7,3,29.468195968138676,20.749438409940858,44.69323553000852
nn,8,3,37.86101720113863,23.302818516174504,45.586997557232856
nn,9,3,22.075929295460835,20.28166630899655,23.302818516174504
nn,10,3,19.996321869043836,0.0,36.68614709095701
nn,11,3,19.996321869043836,0.0,36.68614709095701
nn,12,3,11.833727235466363,0.0,23.302818516174504
nn,13,3,11.833727235466363,0.0,23.302818516174504
nn,14,3,11.833727235466363,0.0,23.302818516174504
proposed,6,3,15.924146910319145,9.581459669739578,26.459477184573423
proposed,7,3,12.06288633731493,7.564217873110923,16.44267732055571
proposed,8,3,20.44714967594062,7.564217873110923,39.158577600882616
proposed,9,3,10.03931715121787,6.515957100770642,14.028055511542426
proposed,10,3,22.743875369437834,20.981583947613448,24.140384346139076
proposed,11,3,21.135940088880666,15.292880650094798,30.893961441293747
proposed,12,3,18.33134647247278,16.218974820615163,21.233578580047265
proposed,13,3,24.789169006589088,10.372639559716724,35.14277712157827
proposed,14,3,12.723893687437092,7.564217873110923,18.176262457992532
pso,6,3,53.22942093996397,38.598727239297006,81.16730248887727
pso,7,3,29.148595804863916,18.887377156707185,48.76323085558576
pso,8,3,24.926443090158603,13.170266369819949,38.82145646147346
pso,9,3,17.506955295469943,12.251207895305871,20.20872909585396
pso,10,3,17.19688772213146,5.7165152082825355,29.417266362059237
pso,11,3,13.097520875172345,6.351953982193215,21.837875652134997
pso,12,3,26.39306930696708,9.41473532498025,43.60596112283073
pso,13,3,12.391945253556173,2.3054745763390727,21.998399300973183
pso,14,3,13.542099860555567,2.3054745763390727,27.40481902658214
