구분,노선명,노드(건),링크(건),링크연장(km)
1,일반국도 1호선 충청남도 논산시 연산면(연산~방동),309,547,88.5
2,일반국도 36호선 충청북도 음성군 원남면(상당~검단),394,559,99.6
3,일반시군도 경상북도 안동시 상아동(졸음쉼터추가),3,4,0.7
4,일반국도 3호선 경상북도 문경시 마성면(신현리 일대),57,77,8.8
5,일반국도 3호선 경상남도 진주시 정촌면(사천IC 일대),279,435,53
6,일반국도 4호선 경상북도 칠곡군 왜관읍(삼청리 일대),115,171,18.5
7,일반국도 5호선 경상남도 창녕군 대지면(효정리 일대),131,187,25.7
8,일반국도 5호선 경상남도 남해군 창선면(진동리 일대),49,82,18.8
9,일반국도 14호선 포항시 남구 오천읍(세계리 일대),305,381,61.4
10,일반국도 14호선 울산광역시 울주군 범서읍(두산리 일대),67,85,9.7
11,일반국도 16호선 대구 군위군 소보면(봉황~도평),236,370,55.1
12,일반국도 20호선 경상북도 청도군 운문면(공암리 일대),18,26,8.1
13,일반국도 24호선 경상남도 합천군 합천읍(외곡리 일대),37,47,12.3
14,일반국도 28호선 경상북도 영주시 상망동(상망~적동), - ,91,14.9
15,일반국도 31호선 경상북도 포항시 남구(연일읍 일대),30,49,9
16,일반국도 35호선 경상북도 안동시 도산면(온혜리 일대),35,52,7.5
17,일반국도 58호선 경상남도 밀양시 삼량진읍(송지~미전),46,65,10.5
18,일반국도 85호선 경상북도 의성군 안평면(덕곡~예천),371,540,105.4
