method,vehicles,observations,demand_seeds,hours,energy_mean_kwh,energy_std_kwh,makespan_mean_s,makespan_std_s,runtime_mean_s,feasible_rate
aco,6,60,20,3,124.92642974854978,38.51077454636184,3688.215416711602,483.279838503848,30.02319304833072,1.0
aco,7,60,20,3,116.60332749715967,34.69920631532559,3279.5628666609646,552.9554009689753,30.92625023002038,1.0
aco,8,60,20,3,117.20136546401706,35.198135506471225,3188.1217312084705,482.42449840434466,30.485271193333514,1.0
aco,9,30,10,3,117.82780957565842,35.661248171873744,3215.531911339842,499.00562111949966,31.71878036999066,1.0
aco,10,30,10,3,119.34218640449997,36.92295019454924,3094.3556430203203,453.73263641703807,32.52591361332452,1.0
aco,11,30,10,3,120.96947186164334,36.86727223840307,3156.93152516379,471.4317067321369,31.57331833333398,1.0
aco,12,30,10,3,122.67298547325466,37.22234533567053,3187.0146459974317,488.022581447366,31.279742099988894,1.0
aco,13,30,10,3,125.00391084525245,39.122840640827945,3176.9501306534016,541.9202064642178,30.656576909994087,1.0
aco,14,30,10,3,126.85474400553397,39.65916261507237,3153.1063288010023,620.9735476726794,30.184559509996326,1.0
ga,6,60,20,3,131.37583640548593,40.309586459615616,3718.0574814320003,507.1951452630466,20.112364838332482,1.0
ga,7,60,20,3,125.215548555388,38.9692574294511,3334.8413057707753,475.4875459748348,24.810948643323112,1.0
ga,8,60,20,3,125.47376653020322,37.7103329800837,3243.8772025197404,476.3501066350648,25.927927980005432,1.0
ga,9,30,10,3,125.20262069757477,38.768570439548505,3052.2275868610386,385.477699931131,29.264619549992496,1.0
ga,10,30,10,3,126.93466700830615,39.85674822930467,3043.692228341811,498.5284574236555,30.214823540005213,1.0
ga,11,30,10,3,128.20737966642815,40.011635067858805,3152.1159980044044,603.9754136044656,32.0982456233042,1.0
ga,12,30,10,3,127.65934741063884,39.6222060801438,3103.320832411548,509.86896284781915,32.46501417331553,1.0
ga,13,30,10,3,130.11759599119515,40.88552297183345,3073.4155850505645,445.89564160171597,30.952763390013327,1.0
ga,14,30,10,3,132.3368570418406,41.46090704263678,3057.274302963417,489.5678605054385,32.307785539988735,1.0
nn,6,60,20,3,146.97928413675982,46.19140820625794,4133.73330603455,641.7482788956328,0.1980734866558729,1.0
nn,7,60,20,3,143.07535900543377,43.195537630706475,3474.7533152446167,402.8269524935535,0.22896044501297483,1.0
nn,8,60,20,3,144.23791368371207,42.53797523991555,3500.618411681115,419.1556158655614,0.2658454483258538,1.0
nn,9,30,10,3,144.04487789536293,42.39137570221332,3225.434535146219,255.28375206772816,0.32007840332419923,1.0
nn,10,30,10,3,145.33228076273306,44.02402230765101,3142.9503802452687,320.02193902426666,0.3505409799710227,1.0
nn,11,30,10,3,146.38277138889708,41.98669182886804,3076.406193219921,238.6862519325814,0.36725529670560103,1.0
nn,12,30,10,3,147.16379036757695,42.45110137152943,3063.4759646762413,199.98037108637416,0.4112206500178824,1.0
nn,13,30,10,3,148.28435764078625,41.81974867448526,3038.7581557267104,220.8241924274298,0.4249623833379398,1.0
nn,14,30,10,3,151.03331086282995,42.651186694627235,3027.381185206198,233.60308062121723,0.44559047334672264,1.0
proposed,6,60,20,3,110.35049632840845,34.549159197004954,3326.958180095031,434.6824850020027,7795.066377695011,1.0
proposed,7,60,20,3,109.64854401148429,34.35905098093873,3181.3080939501606,370.09690959796427,4890.807645663336,1.0
proposed,8,60,20,3,110.3172622525342,34.63021249918987,3203.9335229601943,300.88402950139715,4586.139842688325,1.0
proposed,9,30,10,3,112.82248647189682,35.46306331278789,3073.6869866705797,292.81008629986627,4833.731630849989,1.0
proposed,10,30,10,3,115.01705933154525,36.414191536727365,3195.7294929106192,368.4770254251077,4502.27604646999,1.0
proposed,11,30,10,3,116.79428034323475,36.36657585898664,3249.3499932155487,356.5785864649172,4856.0338650333115,1.0
proposed,12,30,10,3,118.6282571588393,36.57886173831082,3169.052220711759,392.98190829218066,4186.251407633311,1.0
proposed,13,30,10,3,120.84925216238439,38.41240901719969,3176.7696718440216,404.60739463936136,4066.310852169983,1.0
proposed,14,30,10,3,122.15053360110655,39.24001694797831,3188.953955868672,484.0759412970131,4323.420050720001,1.0
pso,6,60,20,3,142.91560223056752,44.8067708700483,4049.3662101737914,642.3418583758472,11.398614873319941,1.0
pso,7,60,20,3,137.98417721078633,41.08988414995552,3466.4630132574316,455.7578937663345,16.19670803666619,1.0
pso,8,60,20,3,138.93064276028844,40.32634184027652,3323.846703359701,455.2055982359589,16.70254304165331,1.0
pso,9,30,10,3,137.8024624116087,40.61762471690573,3124.592023762019,324.41117950520095,18.29270798334619,1.0
pso,10,30,10,3,138.79938356398827,42.764767620477166,3093.6897414106597,301.916900032441,19.209205496679836,1.0
pso,11,30,10,3,140.4747249697509,41.368979798989365,3029.1778360179237,352.49376320218994,19.31982564666153,1.0
pso,12,30,10,3,140.306512637746,40.67949590710304,3090.6979505806285,367.7166118713141,20.800708966671177,1.0
pso,13,30,10,3,139.59850911207374,41.310356748891756,3033.6346238055016,287.78826655342766,20.42860497669317,1.0
pso,14,30,10,3,142.22696873118622,41.250673757553244,3033.556487558672,262.9698935079612,21.366355136665515,1.0
