method,vehicles,seeds,minimum_hours_per_seed,maximum_hours_per_seed,mean,ci_lower,ci_upper
aco,6,20,3,3,124.9264297485498,124.04103739435455,125.8646021988652
aco,7,20,3,3,116.6033274971597,116.26186795019885,116.94928847654347
aco,8,20,3,3,117.20136546401709,116.68241434309715,117.71954153709089
aco,9,10,3,3,117.82780957565842,116.95302307447544,118.72599621088472
aco,10,10,3,3,119.34218640449997,118.75035534363477,119.92391724299569
aco,11,10,3,3,120.96947186164337,120.34862861657308,121.78765081230402
aco,12,10,3,3,122.67298547325467,122.27102040618298,123.04652759635887
aco,13,10,3,3,125.00391084525245,123.99955026012309,125.96469519544823
aco,14,10,3,3,126.85474400553396,125.97302300803108,127.66982859334905
ga,6,20,3,3,131.37583640548593,129.49040968561235,133.6742296707762
ga,7,20,3,3,125.21554855538798,124.29820056040943,126.10951801135838
ga,8,20,3,3,125.47376653020322,124.84752416490738,126.13027953555411
ga,9,10,3,3,125.20262069757476,124.30299785519937,126.28442747448301
ga,10,10,3,3,126.93466700830615,125.90464115465988,128.05427154072532
ga,11,10,3,3,128.20737966642815,127.09159835608948,129.48689027916524
ga,12,10,3,3,127.65934741063884,126.87784117034869,128.59344258076624
ga,13,10,3,3,130.11759599119515,128.96172129361088,131.23597831695747
ga,14,10,3,3,132.3368570418406,131.58522179077858,133.09308946720563
nn,6,20,3,3,146.97928413675982,144.53493552158682,150.3100495702456
nn,7,20,3,3,143.07535900543377,141.97517905044532,144.11146646709545
nn,8,20,3,3,144.23791368371204,143.14386294886992,145.2190787874956
nn,9,10,3,3,144.04487789536296,142.61208948496508,145.64788126351812
nn,10,10,3,3,145.33228076273306,144.14349022709268,146.55822641210125
nn,11,10,3,3,146.38277138889708,145.2530384206064,147.65439172356173
nn,12,10,3,3,147.16379036757695,146.05801601761715,148.33343212850272
nn,13,10,3,3,148.28435764078625,147.42508584962127,149.09882241957342
nn,14,10,3,3,151.03331086282992,149.92227787331905,152.33436413905628
proposed,6,20,3,3,110.35049632840844,109.67971566881633,111.02695789275016
proposed,7,20,3,3,109.64854401148428,109.0485626801078,110.28768731993058
proposed,8,20,3,3,110.31726225253422,109.94935857925863,110.73367962681924
proposed,9,10,3,3,112.82248647189684,111.91855837310762,114.05822108554983
proposed,10,10,3,3,115.01705933154525,114.24320586141957,115.78225244179514
proposed,11,10,3,3,116.79428034323473,116.04158224057274,117.79956372496959
proposed,12,10,3,3,118.6282571588393,117.88714013245647,119.340571049343
proposed,13,10,3,3,120.84925216238442,120.36283842260497,121.41361919409647
proposed,14,10,3,3,122.15053360110653,121.52342688017602,122.75584171255211
pso,6,20,3,3,142.91560223056754,140.57868653894786,145.8723524817843
pso,7,20,3,3,137.9841772107863,136.85766627298668,139.0060274580054
pso,8,20,3,3,138.93064276028844,137.70218448098038,140.1046586755472
pso,9,10,3,3,137.80246241160873,136.25288372210528,139.77890738275914
pso,10,10,3,3,138.79938356398827,137.25220998339177,140.2253266249572
pso,11,10,3,3,140.47472496975092,139.11177666803889,141.7344694231518
pso,12,10,3,3,140.30651263774604,139.03831434118624,141.6463408218912
pso,13,10,3,3,139.59850911207374,138.3270244194404,140.73635514356883
pso,14,10,3,3,142.22696873118622,140.64236122291769,144.06483801948858
