method,policy,epoch,elapsed_s,elapsed_min,replan_epoch,traffic_state,traffic_change,center_bins,affected_edges,peak_tt_multiplier,speed_multiplier,recovery_progress,network_speed_kmh,sim_hour,remaining_bins_before,served_bins_epoch,remaining_bins_after,epoch_energy_kwh,epoch_energy_per_served_bin_kwh,cumulative_energy_kwh,epoch_operating_s,cumulative_operating_s,oracle_runtime_s,solver_runtime_s,planning_runtime_s,cumulative_planning_runtime_s,compute_wait_aux_energy_kwh,cumulative_compute_wait_aux_energy_kwh,latency_adjusted_energy_kwh,latency_adjusted_time_s,planned_remaining_energy_kwh,planned_remaining_makespan_s,incumbent_plan_energy_kwh,candidate_plan_energy_kwh,candidate_energy_improvement_kwh,replan_attempted,replan_accepted,acceptance_reason,candidate_next_choice_changes,candidate_reassigned_bins,next_choice_changes,reassigned_bins,traversed_edges,disrupted_edges_traversed,disrupted_edge_share,min_battery_kwh,max_payload_kg,returned_to_depot,converged,rounds,replanned,active_planning_vehicles,vehicles_still_requiring_first_service
proposed,adaptive,0,0.0,0.0,0,hourly_linear,interpolating,,0,1.0,1.0,0.0,34.328614365408676,8.0,84,0,84,12.771623939744519,12.771623939744519,12.771623939744519,60.0,60.0,9.484792000148445,663.0628376000095,672.547629600158,672.547629600158,0.0,0.0,12.771623939744519,60.0,120.78717545074815,2747.1273883302624,,,,False,False,initial_plan,0,0,0,0,288,0,0.0,177.87475206862902,0.0,False,,,True,10,10
proposed,adaptive,1,60.0,1.0,0,hourly_linear,interpolating,,0,1.0,1.0,0.016666666666666666,34.316619769404035,8.016666666666667,84,0,84,3.5599481259250325,3.5599481259250325,16.33157206566955,60.0,120.0,0.0,0.0,0.0,672.547629600158,0.0,0.0,16.33157206566955,120.0,107.394053411355,2681.659170359845,,,,False,False,not_attempted,0,0,0,0,51,0,0.0,177.49539423628485,0.0,False,,,False,8,10
proposed,adaptive,2,120.0,2.0,0,hourly_linear,interpolating,,0,1.0,1.0,0.03333333333333333,34.30463355241989,8.033333333333333,84,4,80,3.6111660791111,0.902791519777775,19.94273814478065,60.0,180.0,0.0,0.0,0.0,672.547629600158,0.0,0.0,19.94273814478065,180.0,103.82176888960916,2584.794412903521,,,,False,False,not_attempted,0,0,0,0,37,0,0.0,177.17026714097256,217.0,False,,,False,7,6
proposed,adaptive,3,180.0,3.0,0,hourly_linear,interpolating,,0,1.0,1.0,0.05,34.29265570567937,8.05,80,3,77,4.744914599627032,1.5816381998756774,24.687652744407686,60.0,240.0,0.0,0.0,0.0,672.547629600158,0.0,0.0,24.687652744407686,240.0,100.40339562435145,2538.1785328362607,,,,False,False,not_attempted,0,0,0,0,40,0,0.0,175.80890122147494,225.0,False,,,False,7,3
proposed,adaptive,4,240.0,4.0,0,hourly_linear,interpolating,,0,1.0,1.0,0.06666666666666667,34.280686220417834,8.066666666666666,77,2,75,3.841227960093805,1.9206139800469024,28.52888070450149,60.0,300.0,0.0,0.0,0.0,672.547629600158,0.0,0.0,28.52888070450149,300.0,95.98586183763632,2496.477665353058,,,,False,False,not_attempted,0,0,0,0,43,0,0.0,174.87175684199187,249.0,False,,,False,7,2
proposed,adaptive,5,300.0,5.0,1,hourly_linear,interpolating,,0,1.0,1.0,0.08333333333333333,34.268725087882885,8.083333333333334,75,1,74,3.248169837213615,3.248169837213615,31.777050541715106,60.0,360.0,9.393247699830681,158.62068529985845,168.01393299968913,840.5615625998471,0.0,0.0,31.777050541715106,360.0,92.25112455226663,2391.590755505129,92.25112455226663,97.00081611719183,-4.7496915649252,True,False,incumbent_not_worse,2,30,0,0,38,0,0.0,174.77842350865853,249.0,False,False,32.0,True,7,2
proposed,adaptive,6,360.0,6.0,1,hourly_linear,interpolating,,0,1.0,1.0,0.1,34.25677229933433,8.1,74,2,72,3.257386447531279,1.6286932237656395,35.03443698924639,60.0,420.0,0.0,0.0,0.0,840.5615625998471,0.0,0.0,35.03443698924639,420.0,89.47017640747488,2375.3306419094674,,,,False,False,not_attempted,0,0,0,0,21,0,0.0,173.03769106446012,349.0,False,,,False,7,1
proposed,adaptive,7,420.0,7.0,1,hourly_linear,interpolating,,0,1.0,1.0,0.11666666666666667,34.24482784604418,8.116666666666667,72,4,68,2.9334035473051756,0.7333508868262939,37.96784053655156,60.0,480.0,0.0,0.0,0.0,840.5615625998471,0.0,0.0,37.96784053655156,480.0,86.42613284681697,2328.748777814016,,,,False,False,not_attempted,0,0,0,0,23,0,0.0,172.86575762925585,444.0,False,,,False,7,0
proposed,adaptive,8,480.0,8.0,1,hourly_linear,interpolating,,0,1.0,1.0,0.13333333333333333,34.232891719296596,8.133333333333333,68,1,67,2.9256617506514067,2.9256617506514067,40.89350228720297,60.0,540.0,0.0,0.0,0.0,840.5615625998471,0.0,0.0,40.89350228720297,540.0,83.7986878201489,2243.4466080635966,,,,False,False,not_attempted,0,0,0,0,18,0,0.0,172.77242429592252,444.0,False,,,False,7,0
proposed,adaptive,9,540.0,9.0,1,hourly_linear,interpolating,,0,1.0,1.0,0.15,34.220963910387894,8.15,67,2,65,1.8622099547176467,0.9311049773588234,42.75571224192062,60.0,600.0,0.0,0.0,0.0,840.5615625998471,0.0,0.0,42.75571224192062,600.0,81.26663607733364,2201.8533450992177,,,,False,False,not_attempted,0,0,0,0,38,0,0.0,172.59083940518786,587.0,False,,,False,7,0
proposed,adaptive,10,600.0,10.0,2,hourly_linear,interpolating,,0,1.0,1.0,0.16666666666666666,34.20904441062652,8.166666666666666,65,3,62,3.1205814919037196,1.0401938306345733,45.87629373382434,60.0,660.0,9.825252400012687,152.84961119992658,162.67486359993927,1003.2364261997864,0.0,0.0,45.87629373382434,660.0,79.30796289151466,2045.2795505539025,79.30796289151466,86.5544845411141,-7.246521649599444,True,False,incumbent_not_worse,5,38,0,0,35,0,0.0,172.49750607185453,692.0,False,True,21.0,True,7,0
proposed,adaptive,11,660.0,11.0,2,hourly_linear,interpolating,,0,1.0,1.0,0.18333333333333332,34.19713321133303,8.183333333333334,62,2,60,3.5069826888680034,1.7534913444340017,49.38327642269235,60.0,720.0,0.0,0.0,0.0,1003.2364261997864,0.0,0.0,49.38327642269235,720.0,76.52421572496212,2043.7099586889935,,,,False,False,not_attempted,0,0,0,0,27,0,0.0,171.7770523813657,692.0,False,,,False,7,0
proposed,adaptive,12,720.0,12.0,2,hourly_linear,interpolating,,0,1.0,1.0,0.2,34.18523030384005,8.2,60,1,59,2.3110866512237815,2.3110866512237815,51.69436307391613,60.0,780.0,0.0,0.0,0.0,1003.2364261997864,0.0,0.0,51.69436307391613,780.0,72.90842902078995,2024.091400617278,,,,False,False,not_attempted,0,0,0,0,9,0,0.0,170.1344628050566,738.0,False,,,False,7,0
proposed,adaptive,13,780.0,13.0,2,hourly_linear,interpolating,,0,1.0,1.0,0.21666666666666667,34.173335679492276,8.216666666666667,59,3,56,2.044455185035405,0.6814850616784683,53.73881825895153,60.0,840.0,0.0,0.0,0.0,1003.2364261997864,0.0,0.0,53.73881825895153,840.0,71.12809761046663,1876.1704195493612,,,,False,False,not_attempted,0,0,0,0,17,0,0.0,170.04112947172325,936.0,False,,,False,7,0
proposed,adaptive,14,840.0,14.0,2,hourly_linear,interpolating,,0,1.0,1.0,0.23333333333333334,34.16144932964645,8.233333333333333,56,4,52,3.8391065173401078,0.9597766293350269,57.57792477629164,60.0,900.0,0.0,0.0,0.0,1003.2364261997864,0.0,0.0,57.57792477629164,900.0,69.4790182896848,1877.5426715232375,,,,False,False,not_attempted,0,0,0,0,27,0,0.0,169.9402117842496,936.0,False,,,False,7,0
proposed,adaptive,15,900.0,15.0,3,hourly_linear,interpolating,,0,1.0,1.0,0.25,34.14957124567132,8.25,52,0,52,2.1079744401470517,2.1079744401470517,59.68589921643869,60.0,960.0,9.934685399988666,132.84302559983917,142.77771099982783,1146.0141371996142,0.0,0.0,59.68589921643869,960.0,65.26395190580484,1763.7734275685689,65.26395190580484,73.5510914795237,-8.28713957371886,True,False,incumbent_not_worse,3,20,0,0,16,0,0.0,169.84687845091628,936.0,False,False,32.0,True,7,0
proposed,adaptive,16,960.0,16.0,3,hourly_linear,interpolating,,0,1.0,1.0,0.26666666666666666,34.13770141894766,8.266666666666667,52,3,49,2.195821947754192,0.7319406492513973,61.88172116419288,60.0,1020.0,0.0,0.0,0.0,1146.0141371996142,0.0,0.0,61.88172116419288,1020.0,63.97878828668817,1765.375974982874,,,,False,False,not_attempted,0,0,0,0,27,0,0.0,169.39838419603907,936.0,False,,,False,6,0
proposed,adaptive,17,1020.0,17.0,3,hourly_linear,interpolating,,0,1.0,1.0,0.2833333333333333,34.12583984086821,8.283333333333333,49,2,47,1.7549804282622732,0.8774902141311366,63.636701592455154,60.0,1080.0,0.0,0.0,0.0,1146.0141371996142,0.0,0.0,63.636701592455154,1080.0,61.98411185755161,1732.025649110485,,,,False,False,not_attempted,0,0,0,0,33,0,0.0,168.75241630513625,978.0,False,,,False,6,0
proposed,adaptive,18,1080.0,18.0,3,hourly_linear,interpolating,,0,1.0,1.0,0.3,34.11398650283766,8.3,47,2,45,2.3879520404507195,1.1939760202253598,66.02465363290587,60.0,1140.0,0.0,0.0,0.0,1146.0141371996142,0.0,0.0,66.02465363290587,1140.0,60.613001481124336,1654.8270500265708,,,,False,False,not_attempted,0,0,0,0,33,0,0.0,168.65908297180292,1089.0,False,,,False,6,0
proposed,adaptive,19,1140.0,19.0,3,hourly_linear,interpolating,,0,1.0,1.0,0.31666666666666665,34.102141396272636,8.316666666666666,45,2,43,1.0800326718166537,0.5400163359083269,67.10468630472252,60.0,1200.0,0.0,0.0,0.0,1146.0141371996142,0.0,0.0,67.10468630472252,1200.0,58.17398730595311,1600.304611115966,,,,False,False,not_attempted,0,0,0,0,9,0,0.0,168.51813147283923,1089.0,False,,,False,6,0
proposed,adaptive,20,1200.0,20.0,4,hourly_linear,interpolating,,0,1.0,1.0,0.3333333333333333,34.09030430517993,8.333333333333334,43,2,41,0.6583586950016465,0.3291793475008232,67.76304499972417,60.0,1260.0,10.312290199799463,101.44830440008081,111.76059459988028,1257.7747317994945,0.0,0.0,67.76304499972417,1260.0,57.4867146944579,1473.2979983087048,57.4867146944579,57.4867146944579,0.0,True,False,incumbent_not_worse,0,0,0,0,7,0,0.0,168.4247981395059,1211.0,False,True,29.0,True,6,0
proposed,adaptive,21,1260.0,21.0,4,hourly_linear,interpolating,,0,1.0,1.0,0.35,34.07847445659497,8.35,41,3,38,2.8103875023192995,0.9367958341064332,70.57343250204347,60.0,1320.0,0.0,0.0,0.0,1257.7747317994945,0.0,0.0,70.57343250204347,1320.0,57.18195978132553,1474.0340891571495,,,,False,False,not_attempted,0,0,0,0,23,0,0.0,168.3399214264239,1211.0,False,,,False,6,0
proposed,adaptive,22,1320.0,22.0,4,hourly_linear,interpolating,,0,1.0,1.0,0.36666666666666664,34.06665281543286,8.366666666666667,38,1,37,1.3399213324398342,1.3399213324398342,71.9133538344833,60.0,1380.0,0.0,0.0,0.0,1257.7747317994945,0.0,0.0,71.9133538344833,1380.0,54.42061310329201,1430.81922539373,,,,False,False,not_attempted,0,0,0,0,22,0,0.0,167.44788234796624,1211.0,False,,,False,6,0
proposed,adaptive,23,1380.0,23.0,4,hourly_linear,interpolating,,0,1.0,1.0,0.38333333333333336,34.054839373155225,8.383333333333333,37,4,33,4.126701516469618,1.0316753791174045,76.04005535095293,60.0,1440.0,0.0,0.0,0.0,1257.7747317994945,0.0,0.0,76.04005535095293,1440.0,53.52627684308447,1379.6839161805733,,,,False,False,not_attempted,0,0,0,0,34,0,0.0,166.7205366396774,1289.0,False,,,False,6,0
proposed,adaptive,24,1440.0,24.0,4,hourly_linear,interpolating,,0,1.0,1.0,0.4,34.04303412123554,8.4,33,1,32,4.059158675521163,4.059158675521163,80.09921402647409,60.0,1500.0,0.0,0.0,0.0,1257.7747317994945,0.0,0.0,80.09921402647409,1500.0,49.64473645304634,1303.5480003831171,,,,False,False,not_attempted,0,0,0,0,40,0,0.0,165.6587799967549,1289.0,False,,,False,6,0
proposed,adaptive,25,1500.0,25.0,5,hourly_linear,interpolating,,0,1.0,1.0,0.4166666666666667,34.03123705115909,8.416666666666666,32,1,31,2.4305675967600724,2.4305675967600724,82.52978162323416,60.0,1560.0,10.488775100093335,84.2550158998929,94.74379099998623,1352.5185227994807,0.0,0.0,82.52978162323416,1560.0,45.515832483253604,1240.9070120211086,45.5158324832536,45.515832483253604,-7.105427357601002e-15,True,False,incumbent_not_worse,0,0,0,0,45,0,0.0,165.28494449689896,1398.0,False,True,19.0,True,6,0
proposed,adaptive,26,1560.0,26.0,5,hourly_linear,interpolating,,0,1.0,1.0,0.43333333333333335,34.01944815442295,8.433333333333334,31,4,27,3.822702142954866,0.9556755357387166,86.35248376618902,60.0,1620.0,0.0,0.0,0.0,1352.5185227994807,0.0,0.0,86.35248376618902,1620.0,43.65667185092952,1203.1253350945835,,,,False,False,not_attempted,0,0,0,0,64,0,0.0,164.35864957903544,1430.0,False,,,False,6,0
proposed,adaptive,27,1620.0,27.0,5,hourly_linear,interpolating,,0,1.0,1.0,0.45,34.007667422535995,8.45,27,0,27,1.6463376563275827,1.6463376563275827,87.99882142251661,60.0,1680.0,0.0,0.0,0.0,1352.5185227994807,0.0,0.0,87.99882142251661,1680.0,39.543023408918245,1058.5619145405758,,,,False,False,not_attempted,0,0,0,0,6,0,0.0,164.1139785605705,1430.0,False,,,False,6,0
proposed,adaptive,28,1680.0,28.0,5,hourly_linear,interpolating,,0,1.0,1.0,0.4666666666666667,33.99589484701884,8.466666666666667,27,4,23,1.4712981675907884,0.3678245418976971,89.4701195901074,60.0,1740.0,0.0,0.0,0.0,1352.5185227994807,0.0,0.0,89.4701195901074,1740.0,38.24158840179976,1059.4728147462579,,,,False,False,not_attempted,0,0,0,0,16,0,0.0,163.48712428416482,1486.0,False,,,False,6,0
proposed,adaptive,29,1740.0,29.0,5,hourly_linear,interpolating,,0,1.0,1.0,0.48333333333333334,33.98413041940385,8.483333333333333,23,2,21,2.699358967794582,1.349679483897291,92.16947855790198,60.0,1800.0,0.0,0.0,0.0,1352.5185227994807,0.0,0.0,92.16947855790198,1800.0,37.229417356905266,1006.4076654015819,,,,False,False,not_attempted,0,0,0,0,43,0,0.0,163.0351229986983,1642.0,False,,,False,6,0
proposed,adaptive,30,1800.0,30.0,6,hourly_linear,interpolating,,0,1.0,1.0,0.5,33.972374131235085,8.5,21,1,20,0.7408473761325887,0.7408473761325887,92.91032593403457,60.0,1860.0,10.532125700032339,43.34284050017595,53.87496620020829,1406.393488999689,0.0,0.0,92.91032593403457,1860.0,34.30723238702924,921.471188351125,34.30723238702924,34.30723238702924,0.0,True,False,incumbent_not_worse,0,0,0,0,1,0,0.0,162.92015351152307,1642.0,False,True,20.0,True,6,0
proposed,adaptive,31,1860.0,31.0,6,hourly_linear,interpolating,,0,1.0,1.0,0.5166666666666667,33.960625974068336,8.516666666666667,20,4,16,1.3797642032487742,0.34494105081219356,94.29009013728334,60.0,1920.0,0.0,0.0,0.0,1406.393488999689,0.0,0.0,94.29009013728334,1920.0,33.87223173319806,886.3997715446918,,,,False,False,not_attempted,0,0,0,0,35,0,0.0,162.68727282859206,1760.0,False,,,False,6,0
proposed,adaptive,32,1920.0,32.0,6,hourly_linear,interpolating,,0,1.0,1.0,0.5333333333333333,33.94888593947103,8.533333333333333,16,1,15,2.92835556426978,2.92835556426978,97.21844570155312,60.0,1980.0,0.0,0.0,0.0,1406.393488999689,0.0,0.0,97.21844570155312,1980.0,32.77512972468252,754.4110731741764,,,,False,False,not_attempted,0,0,0,0,22,0,0.0,161.1185087152861,1760.0,False,,,False,6,0
proposed,adaptive,33,1980.0,33.0,6,hourly_linear,interpolating,,0,1.0,1.0,0.55,33.93715401902229,8.55,15,3,12,1.1960513881914328,0.39868379606381094,98.41449708974456,60.0,2040.0,0.0,0.0,0.0,1406.393488999689,0.0,0.0,98.41449708974456,2040.0,29.869047052361765,755.1947404940445,,,,False,False,not_attempted,0,0,0,0,18,0,0.0,161.02517538195278,1760.0,False,,,False,5,0
proposed,adaptive,34,2040.0,34.0,6,hourly_linear,interpolating,,0,1.0,1.0,0.5666666666666667,33.925430204312846,8.566666666666666,12,3,9,2.5983891034036315,0.8661297011345438,101.01288619314819,60.0,2100.0,0.0,0.0,0.0,1406.393488999689,0.0,0.0,101.01288619314819,2100.0,29.189855699210057,727.014002494505,,,,False,False,not_attempted,0,0,0,0,34,0,0.0,159.4794304889475,1993.0,False,,,False,5,0
proposed,adaptive,35,2100.0,35.0,7,hourly_linear,interpolating,,0,1.0,1.0,0.5833333333333334,33.91371448694506,8.583333333333334,9,0,9,0.5384400532184519,0.5384400532184519,101.55132624636664,60.0,2160.0,10.541078699985519,5.433091799961403,15.974170499946922,1422.367659499636,0.0,0.0,101.55132624636664,2160.0,26.617073627898684,607.709126420255,26.617073627898684,26.617073627898684,0.0,True,False,incumbent_not_worse,0,0,0,0,1,0,0.0,159.32794461730168,1993.0,False,True,21.0,True,4,0
proposed,adaptive,36,2160.0,36.0,7,hourly_linear,interpolating,,0,1.0,1.0,0.6,33.902006858532886,8.6,9,3,6,1.8516444762394249,0.6172148254131417,103.40297072260607,60.0,2220.0,0.0,0.0,0.0,1422.367659499636,0.0,0.0,103.40297072260607,2220.0,26.41531021516286,608.4042503460042,,,,False,False,not_attempted,0,0,0,0,22,0,0.0,159.23461128396835,1993.0,False,,,False,2,0
proposed,adaptive,37,2220.0,37.0,7,hourly_linear,interpolating,,0,1.0,1.0,0.6166666666666667,33.89030731070185,8.616666666666667,6,2,4,0.7530360840250874,0.3765180420125437,104.15600680663115,60.0,2280.0,0.0,0.0,0.0,1422.367659499636,0.0,0.0,104.15600680663115,2280.0,24.82743208306919,549.6337224765379,,,,False,False,not_attempted,0,0,0,0,35,0,0.0,159.23294750832656,1993.0,False,,,False,2,0
proposed,adaptive,38,2280.0,38.0,7,hourly_linear,interpolating,,0,1.0,1.0,0.6333333333333333,33.878615835089036,8.633333333333333,4,1,3,1.0181972513098314,1.0181972513098314,105.17420405794098,60.0,2340.0,0.0,0.0,0.0,1422.367659499636,0.0,0.0,105.17420405794098,2340.0,24.33677495503917,492.0518195055204,,,,False,False,not_attempted,0,0,0,0,41,0,0.0,159.23294750832656,1993.0,False,,,False,2,0
proposed,adaptive,39,2340.0,39.0,7,hourly_linear,interpolating,,0,1.0,1.0,0.65,33.86693242334307,8.65,3,0,3,1.0935714592569747,1.0935714592569747,106.26777551719796,60.0,2400.0,0.0,0.0,0.0,1422.367659499636,0.0,0.0,106.26777551719796,2400.0,23.5204924717133,432.0788843512047,,,,False,False,not_attempted,0,0,0,0,53,0,0.0,159.23294750832656,1993.0,False,,,False,2,0
proposed,adaptive,40,2400.0,40.0,8,hourly_linear,interpolating,,0,1.0,1.0,0.6666666666666666,33.855257067124086,8.666666666666666,3,0,3,0.9686059392564492,0.9686059392564492,107.23638145645441,60.0,2460.0,10.555819799890742,11.065050199860707,21.62086999975145,1443.9885294993874,0.0,0.0,107.23638145645441,2460.0,22.587991630888943,368.5936573906836,22.587991630888943,22.587991630888943,0.0,True,False,incumbent_not_worse,0,0,0,0,43,0,0.0,158.89562314584202,1993.0,False,True,20.0,True,2,0
proposed,adaptive,41,2460.0,41.0,8,hourly_linear,interpolating,,0,1.0,1.0,0.6833333333333333,33.84358975810372,8.683333333333334,3,0,3,0.7891057089040263,0.7891057089040263,108.02548716535844,60.0,2520.0,0.0,0.0,0.0,1443.9885294993874,0.0,0.0,108.02548716535844,2520.0,21.5824256596045,304.0508656516264,,,,False,False,not_attempted,0,0,0,0,14,0,0.0,158.19985077027135,1993.0,False,,,False,2,0
proposed,adaptive,42,2520.0,42.0,8,hourly_linear,interpolating,,0,1.0,1.0,0.7,33.83193048796509,8.7,3,1,2,0.2541800815751005,0.2541800815751005,108.27966724693354,60.0,2580.0,0.0,0.0,0.0,1443.9885294993874,0.0,0.0,108.27966724693354,2580.0,20.96163625309874,213.24153654009655,,,,False,False,not_attempted,0,0,0,0,1,0,0.0,158.10651743693802,1993.0,False,,,False,1,0
proposed,adaptive,43,2580.0,43.0,8,hourly_linear,interpolating,,0,1.0,1.0,0.7166666666666667,33.82027924840274,8.716666666666667,2,1,1,0.17978427800186395,0.17978427800186395,108.4594515249354,60.0,2640.0,0.0,0.0,0.0,1443.9885294993874,0.0,0.0,108.4594515249354,2640.0,20.85168341025965,139.00238592445055,,,,False,False,not_attempted,0,0,0,0,0,0,0.0,158.02006649226948,1993.0,False,,,False,0,0
proposed,adaptive,44,2640.0,44.0,8,hourly_linear,interpolating,,0,1.0,1.0,0.7333333333333333,33.8086360311227,8.733333333333333,1,1,0,21.257560313786126,21.257560313786126,129.71701183872153,190.40315465959816,2830.4031546595984,0.0,0.0,0.0,1443.9885294993874,0.0,0.0,129.71701183872153,2830.4031546595984,21.00411691037442,139.43007451551,,,,False,False,not_attempted,0,0,0,0,176,0,0.0,154.50614370813014,1993.0,True,,,False,0,0
nn,adaptive,0,0.0,0.0,0,hourly_linear,interpolating,,0,1.0,1.0,0.0,34.328614365408676,8.0,84,0,84,11.009879052221835,11.009879052221835,11.009879052221835,60.0,60.0,10.891560100018978,0.2224427000619471,11.114002800080925,11.114002800080925,0.0,0.0,11.009879052221835,60.0,159.85162660845708,2949.9020000637342,,,,False,False,initial_plan,0,0,0,0,315,0,0.0,178.73131902761438,0.0,False,,,True,10,10
nn,adaptive,1,60.0,1.0,0,hourly_linear,interpolating,,0,1.0,1.0,0.016666666666666666,34.316619769404035,8.016666666666667,84,0,84,3.7596822465185475,3.7596822465185475,14.769561298740383,60.0,120.0,0.0,0.0,0.0,11.114002800080925,0.0,0.0,14.769561298740383,120.0,148.3858602538453,2877.904714277214,,,,False,False,not_attempted,0,0,0,0,56,0,0.0,178.11117271669545,0.0,False,,,False,10,10
nn,adaptive,2,120.0,2.0,0,hourly_linear,interpolating,,0,1.0,1.0,0.03333333333333333,34.30463355241989,8.033333333333333,84,3,81,2.976155398907693,0.9920517996358976,17.745716697648078,60.0,180.0,0.0,0.0,0.0,11.114002800080925,0.0,0.0,17.745716697648078,180.0,144.63208836921882,2751.6474734595777,,,,False,False,not_attempted,0,0,0,0,26,0,0.0,177.7982102426729,217.0,False,,,False,10,7
nn,adaptive,3,180.0,3.0,0,hourly_linear,interpolating,,0,1.0,1.0,0.05,34.29265570567937,8.05,81,5,76,4.572936849782873,0.9145873699565745,22.31865354743095,60.0,240.0,0.0,0.0,0.0,11.114002800080925,0.0,0.0,22.31865354743095,240.0,142.029565463095,2753.3290496206246,,,,False,False,not_attempted,0,0,0,0,63,0,0.0,177.2392665708372,217.0,False,,,False,10,2
nn,adaptive,4,240.0,4.0,0,hourly_linear,interpolating,,0,1.0,1.0,0.06666666666666667,34.280686220417834,8.066666666666666,76,3,73,4.9856046475172935,1.6618682158390978,27.304258194948247,60.0,300.0,0.0,0.0,0.0,11.114002800080925,0.0,0.0,27.304258194948247,300.0,137.83390990338316,2701.38841882217,,,,False,False,not_attempted,0,0,0,0,115,0,0.0,176.3008522433981,249.0,False,,,False,9,0
nn,adaptive,5,300.0,5.0,1,hourly_linear,interpolating,,0,1.0,1.0,0.08333333333333333,34.268725087882885,8.083333333333334,73,1,72,2.5283196500911957,2.5283196500911957,29.83257784503944,60.0,360.0,10.812267599860206,0.17706630006432533,10.989333899924532,22.103336700005457,0.0,0.0,29.83257784503944,360.0,130.6765823526173,2977.813936579176,132.85960743331574,130.6765823526173,2.1830250806984566,True,True,lower_residual_energy,4,46,4,46,47,0,0.0,175.9942307808099,442.0,False,,,True,8,0
nn,adaptive,6,360.0,6.0,1,hourly_linear,interpolating,,0,1.0,1.0,0.1,34.25677229933433,8.1,72,3,69,2.3850271944119807,0.7950090648039936,32.21760503945142,60.0,420.0,0.0,0.0,0.0,22.103336700005457,0.0,0.0,32.21760503945142,420.0,128.44358044374067,2817.711596431049,,,,False,False,not_attempted,0,0,0,0,61,0,0.0,175.90089744747655,442.0,False,,,False,8,0
nn,adaptive,7,420.0,7.0,1,hourly_linear,interpolating,,0,1.0,1.0,0.11666666666666667,34.24482784604418,8.116666666666667,69,4,65,2.115137365075073,0.5287843412687683,34.33274240452649,60.0,480.0,0.0,0.0,0.0,22.103336700005457,0.0,0.0,34.33274240452649,480.0,126.29480443439526,2826.007873871521,,,,False,False,not_attempted,0,0,0,0,50,0,0.0,175.62689634578385,442.0,False,,,False,8,0
nn,adaptive,8,480.0,8.0,1,hourly_linear,interpolating,,0,1.0,1.0,0.13333333333333333,34.232891719296596,8.133333333333333,65,3,62,1.559808304610001,0.519936101536667,35.89255070913649,60.0,540.0,0.0,0.0,0.0,22.103336700005457,0.0,0.0,35.89255070913649,540.0,124.29279459625704,2829.222741996168,,,,False,False,not_attempted,0,0,0,0,35,0,0.0,175.37874568904027,513.0,False,,,False,8,0
nn,adaptive,9,540.0,9.0,1,hourly_linear,interpolating,,0,1.0,1.0,0.15,34.220963910387894,8.15,62,4,58,2.2249909456831958,0.5562477364207989,38.11754165481969,60.0,600.0,0.0,0.0,0.0,22.103336700005457,0.0,0.0,38.11754165481969,600.0,123.14914770161566,2685.408029097668,,,,False,False,not_attempted,0,0,0,0,44,0,0.0,175.28541235570694,528.0,False,,,False,8,0
nn,adaptive,10,600.0,10.0,2,hourly_linear,interpolating,,0,1.0,1.0,0.16666666666666666,34.20904441062652,8.166666666666666,58,2,56,1.5774946353310249,0.7887473176655124,39.69503629015071,60.0,660.0,10.848154099890962,0.0983204001095146,10.946474500000477,33.049811200005934,0.0,0.0,39.69503629015071,660.0,120.09457106879634,2692.3035153437468,120.67140234772545,120.09457106879634,0.5768312789291059,True,True,lower_residual_energy,2,8,2,8,25,0,0.0,174.57885139686695,543.0,False,,,True,7,0
nn,adaptive,11,660.0,11.0,2,hourly_linear,interpolating,,0,1.0,1.0,0.18333333333333332,34.19713321133303,8.183333333333334,56,4,52,2.4275152433422598,0.6068788108355649,42.12255153349297,60.0,720.0,0.0,0.0,0.0,33.049811200005934,0.0,0.0,42.12255153349297,720.0,119.0697809338117,2562.855832406748,,,,False,False,not_attempted,0,0,0,0,21,0,0.0,174.21789705505472,740.0,False,,,False,7,0
nn,adaptive,12,720.0,12.0,2,hourly_linear,interpolating,,0,1.0,1.0,0.2,34.18523030384005,8.2,52,3,49,2.634077934266996,0.8780259780889987,44.756629467759964,60.0,780.0,0.0,0.0,0.0,33.049811200005934,0.0,0.0,44.756629467759964,780.0,117.07021262317257,2571.11828088752,,,,False,False,not_attempted,0,0,0,0,29,0,0.0,174.1245637217214,740.0,False,,,False,7,0
nn,adaptive,13,780.0,13.0,2,hourly_linear,interpolating,,0,1.0,1.0,0.21666666666666667,34.173335679492276,8.216666666666667,49,2,47,2.323223885918556,1.161611942959278,47.07985335367852,60.0,840.0,0.0,0.0,0.0,33.049811200005934,0.0,0.0,47.07985335367852,840.0,114.66445663065164,2569.5007748113903,,,,False,False,not_attempted,0,0,0,0,37,0,0.0,173.2282307292629,846.0,False,,,False,7,0
nn,adaptive,14,840.0,14.0,2,hourly_linear,interpolating,,0,1.0,1.0,0.23333333333333334,34.16144932964645,8.233333333333333,47,2,45,2.6711164348151564,1.3355582174075782,49.75096978849368,60.0,900.0,0.0,0.0,0.0,33.049811200005934,0.0,0.0,49.75096978849368,900.0,112.89834611694494,2520.103816502351,,,,False,False,not_attempted,0,0,0,0,54,0,0.0,172.02159939339495,846.0,False,,,False,7,0
nn,adaptive,15,900.0,15.0,3,hourly_linear,interpolating,,0,1.0,1.0,0.25,34.14957124567132,8.25,45,2,43,4.082097049034525,2.0410485245172625,53.8330668375282,60.0,960.0,10.784023500047624,0.0619123000651598,10.845935800112784,43.89574700011872,0.0,0.0,53.8330668375282,960.0,110.52489096721297,2421.4385587095258,110.52489096721295,116.95980544275515,-6.4349144755422,True,False,incumbent_not_worse,2,11,0,0,45,0,0.0,170.84940121742267,870.0,False,,,True,7,0
nn,adaptive,16,960.0,16.0,3,hourly_linear,interpolating,,0,1.0,1.0,0.26666666666666666,34.13770141894766,8.266666666666667,43,2,41,3.0384626313159386,1.5192313156579693,56.87152946884414,60.0,1020.0,0.0,0.0,0.0,43.89574700011872,0.0,0.0,56.87152946884414,1020.0,106.66833536181815,2429.4816385637787,,,,False,False,not_attempted,0,0,0,0,49,0,0.0,169.79681037708633,978.0,False,,,False,7,0
nn,adaptive,17,1020.0,17.0,3,hourly_linear,interpolating,,0,1.0,1.0,0.2833333333333333,34.12583984086821,8.283333333333333,41,3,38,4.7457563071305815,1.5819187690435272,61.61728577597472,60.0,1080.0,0.0,0.0,0.0,43.89574700011872,0.0,0.0,61.61728577597472,1080.0,103.84727868921537,2277.9325559436315,,,,False,False,not_attempted,0,0,0,0,54,0,0.0,168.14425632612338,1066.0,False,,,False,7,0
nn,adaptive,18,1080.0,18.0,3,hourly_linear,interpolating,,0,1.0,1.0,0.3,34.11398650283766,8.3,38,2,36,3.3550781948922705,1.6775390974461353,64.972363970867,60.0,1140.0,0.0,0.0,0.0,43.89574700011872,0.0,0.0,64.972363970867,1140.0,99.21148525630214,2285.926774711367,,,,False,False,not_attempted,0,0,0,0,55,0,0.0,167.87197889898823,1066.0,False,,,False,7,0
nn,adaptive,19,1140.0,19.0,3,hourly_linear,interpolating,,0,1.0,1.0,0.31666666666666665,34.102141396272636,8.316666666666666,36,2,34,2.420800548430507,1.2104002742152535,67.3931645192975,60.0,1200.0,0.0,0.0,0.0,43.89574700011872,0.0,0.0,67.3931645192975,1200.0,96.140051240444,2254.4563362801946,,,,False,False,not_attempted,0,0,0,0,29,0,0.0,167.7786455656549,1314.0,False,,,False,7,0
nn,adaptive,20,1200.0,20.0,4,hourly_linear,interpolating,,0,1.0,1.0,0.3333333333333333,34.09030430517993,8.333333333333334,34,1,33,2.9760948040622104,2.9760948040622104,70.36925932335971,60.0,1260.0,10.780765200033784,0.03388480003923178,10.814650000073016,54.71039700019173,0.0,0.0,70.36925932335971,1260.0,94.16825355138762,2142.6020433046992,94.16825355138762,99.27506117020408,-5.106807618816461,True,False,incumbent_not_worse,3,9,0,0,37,0,0.0,167.5976797976651,1314.0,False,,,True,7,0
nn,adaptive,21,1260.0,21.0,4,hourly_linear,interpolating,,0,1.0,1.0,0.35,34.07847445659497,8.35,33,3,30,4.217842619478168,1.4059475398260561,74.58710194283788,60.0,1320.0,0.0,0.0,0.0,54.71039700019173,0.0,0.0,74.58710194283788,1320.0,91.51435694203788,2150.7525935280414,,,,False,False,not_attempted,0,0,0,0,52,0,0.0,167.00420571694377,1314.0,False,,,False,7,0
nn,adaptive,22,1320.0,22.0,4,hourly_linear,interpolating,,0,1.0,1.0,0.36666666666666664,34.06665281543286,8.366666666666667,30,1,29,5.452076224854102,5.452076224854102,80.03917816769197,60.0,1380.0,0.0,0.0,0.0,54.71039700019173,0.0,0.0,80.03917816769197,1380.0,87.4076495049715,2106.1040965145676,,,,False,False,not_attempted,0,0,0,0,63,0,0.0,165.2332348746804,1314.0,False,,,False,6,0
nn,adaptive,23,1380.0,23.0,4,hourly_linear,interpolating,,0,1.0,1.0,0.38333333333333336,34.054839373155225,8.383333333333333,29,3,26,4.85321302692302,1.6177376756410065,84.89239119461499,60.0,1440.0,0.0,0.0,0.0,54.71039700019173,0.0,0.0,84.89239119461499,1440.0,82.02681211654314,2053.48736132617,,,,False,False,not_attempted,0,0,0,0,54,0,0.0,164.01190252906903,1558.0,False,,,False,6,0
nn,adaptive,24,1440.0,24.0,4,hourly_linear,interpolating,,0,1.0,1.0,0.4,34.04303412123554,8.4,26,0,26,1.833755100231895,1.833755100231895,86.72614629484688,60.0,1500.0,0.0,0.0,0.0,54.71039700019173,0.0,0.0,86.72614629484688,1500.0,77.55279371541926,1925.6474378902421,,,,False,False,not_attempted,0,0,0,0,15,0,0.0,163.0529314812302,1558.0,False,,,False,6,0
nn,adaptive,25,1500.0,25.0,5,hourly_linear,interpolating,,0,1.0,1.0,0.4166666666666667,34.03123705115909,8.416666666666666,26,3,23,3.543887989151329,1.1812959963837764,90.27003428399821,60.0,1560.0,10.774617300136015,0.016501300036907196,10.791118600172922,65.50151560036466,0.0,0.0,90.27003428399821,1560.0,74.23229676668825,2104.781921374689,76.01543522741684,74.23229676668825,1.783138460728594,True,True,lower_residual_energy,0,3,0,3,19,0,0.0,162.95779836496112,1558.0,False,,,True,6,0
nn,adaptive,26,1560.0,26.0,5,hourly_linear,interpolating,,0,1.0,1.0,0.43333333333333335,34.01944815442295,8.433333333333334,23,2,21,2.1379023946135334,1.0689511973067667,92.40793667861175,60.0,1620.0,0.0,0.0,0.0,65.50151560036466,0.0,0.0,92.40793667861175,1620.0,70.64673051078123,1991.6921727239223,,,,False,False,not_attempted,0,0,0,0,24,0,0.0,162.1305142036168,1741.0,False,,,False,5,0
nn,adaptive,27,1620.0,27.0,5,hourly_linear,interpolating,,0,1.0,1.0,0.45,34.007667422535995,8.45,21,3,18,2.3961394404772824,0.7987131468257608,94.80407611908903,60.0,1680.0,0.0,0.0,0.0,65.50151560036466,0.0,0.0,94.80407611908903,1680.0,68.66672327410639,1998.6024240731558,,,,False,False,not_attempted,0,0,0,0,16,0,0.0,160.46941291428317,1741.0,False,,,False,5,0
nn,adaptive,28,1680.0,28.0,5,hourly_linear,interpolating,,0,1.0,1.0,0.4666666666666667,33.99589484701884,8.466666666666667,18,2,16,1.8966239434138916,0.9483119717069458,96.70070006250292,60.0,1740.0,0.0,0.0,0.0,65.50151560036466,0.0,0.0,96.70070006250292,1740.0,66.70295958580382,1871.8876281692565,,,,False,False,not_attempted,0,0,0,0,13,0,0.0,160.21438462032037,1822.0,False,,,False,5,0
nn,adaptive,29,1740.0,29.0,5,hourly_linear,interpolating,,0,1.0,1.0,0.48333333333333334,33.98413041940385,8.483333333333333,16,1,15,2.603736697529942,2.603736697529942,99.30443676003286,60.0,1800.0,0.0,0.0,0.0,65.50151560036466,0.0,0.0,99.30443676003286,1800.0,64.82355877414756,1878.755449884669,,,,False,False,not_attempted,0,0,0,0,30,0,0.0,160.12105128698704,1822.0,False,,,False,5,0
nn,adaptive,30,1800.0,30.0,6,hourly_linear,interpolating,,0,1.0,1.0,0.5,33.972374131235085,8.5,15,3,12,3.298808594489855,1.0996028648299516,102.60324535452271,60.0,1860.0,10.775269399862736,0.0050651999190449715,10.780334599781781,76.28185020014644,0.0,0.0,102.60324535452271,1860.0,62.48455521506306,1839.3346297854246,62.48455521506306,70.63585564153584,-8.15130042647278,True,False,incumbent_not_worse,1,3,0,0,34,0,0.0,159.78735245120717,1822.0,False,,,True,5,0
nn,adaptive,31,1860.0,31.0,6,hourly_linear,interpolating,,0,1.0,1.0,0.5166666666666667,33.960625974068336,8.516666666666667,12,1,11,1.6145038956373057,1.6145038956373057,104.21774925016001,60.0,1920.0,0.0,0.0,0.0,76.28185020014644,0.0,0.0,104.21774925016001,1920.0,59.01982381315651,1677.405481197839,,,,False,False,not_attempted,0,0,0,0,13,0,0.0,159.69401911787384,1910.0,False,,,False,4,0
nn,adaptive,32,1920.0,32.0,6,hourly_linear,interpolating,,0,1.0,1.0,0.5333333333333333,33.94888593947103,8.533333333333333,11,3,8,1.9344199040296182,0.6448066346765394,106.15216915418964,60.0,1980.0,0.0,0.0,0.0,76.28185020014644,0.0,0.0,106.15216915418964,1980.0,57.88406809084309,1684.2629349101844,,,,False,False,not_attempted,0,0,0,0,20,0,0.0,158.68786304078805,1910.0,False,,,False,4,0
nn,adaptive,33,1980.0,33.0,6,hourly_linear,interpolating,,0,1.0,1.0,0.55,33.93715401902229,8.55,8,0,8,3.7643608174651693,3.7643608174651693,109.91652997165481,60.0,2040.0,0.0,0.0,0.0,76.28185020014644,0.0,0.0,109.91652997165481,2040.0,55.96274752032828,1679.8249255210255,,,,False,False,not_attempted,0,0,0,0,14,0,0.0,155.60857378561803,1910.0,False,,,False,2,0
nn,adaptive,34,2040.0,34.0,6,hourly_linear,interpolating,,0,1.0,1.0,0.5666666666666667,33.925430204312846,8.566666666666666,8,2,6,0.21233284609227346,0.10616642304613673,110.12886281774708,60.0,2100.0,0.0,0.0,0.0,76.28185020014644,0.0,0.0,110.12886281774708,2100.0,52.361420271483155,1541.5474829148136,,,,False,False,not_attempted,0,0,0,0,0,0,0.0,155.5152404522847,1979.0,False,,,False,2,0
nn,adaptive,35,2100.0,35.0,7,hourly_linear,interpolating,,0,1.0,1.0,0.5833333333333334,33.91371448694506,8.583333333333334,6,2,4,1.646380245713003,0.8231901228565015,111.77524306346008,60.0,2160.0,10.73194169998169,0.0010938998311758041,10.733035599812865,87.0148857999593,0.0,0.0,111.77524306346008,2160.0,51.42892627605238,1142.4883325187486,52.48010718887345,51.42892627605238,1.0511809128210672,True,True,lower_residual_energy,2,1,2,1,33,0,0.0,154.89116706398738,1979.0,False,,,True,2,0
nn,adaptive,36,2160.0,36.0,7,hourly_linear,interpolating,,0,1.0,1.0,0.6,33.902006858532886,8.6,4,0,4,2.054649753242847,2.054649753242847,113.82989281670292,60.0,2220.0,0.0,0.0,0.0,87.0148857999593,0.0,0.0,113.82989281670292,2220.0,49.858745648076855,1082.7346334644217,,,,False,False,not_attempted,0,0,0,0,8,0,0.0,154.73515289926942,1979.0,False,,,False,2,0
nn,adaptive,37,2220.0,37.0,7,hourly_linear,interpolating,,0,1.0,1.0,0.6166666666666667,33.89030731070185,8.616666666666667,4,0,4,0.49852529809189144,0.49852529809189144,114.32841811479481,60.0,2280.0,0.0,0.0,0.0,87.0148857999593,0.0,0.0,114.32841811479481,2280.0,47.80687705225528,1015.9909010268491,,,,False,False,not_attempted,0,0,0,0,2,0,0.0,154.6418195659361,1979.0,False,,,False,2,0
nn,adaptive,38,2280.0,38.0,7,hourly_linear,interpolating,,0,1.0,1.0,0.6333333333333333,33.878615835089036,8.633333333333333,4,1,3,0.9748493413050962,0.9748493413050962,115.30326745609992,60.0,2340.0,0.0,0.0,0.0,87.0148857999593,0.0,0.0,115.30326745609992,2340.0,47.075134475853915,786.7376844973741,,,,False,False,not_attempted,0,0,0,0,3,0,0.0,153.8193720005009,1979.0,False,,,False,2,0
nn,adaptive,39,2340.0,39.0,7,hourly_linear,interpolating,,0,1.0,1.0,0.65,33.86693242334307,8.65,3,0,3,0.24572174782167414,0.24572174782167414,115.5489892039216,60.0,2400.0,0.0,0.0,0.0,87.0148857999593,0.0,0.0,115.5489892039216,2400.0,46.17036422022691,787.7222826786781,,,,False,False,not_attempted,0,0,0,0,0,0,0.0,153.72603866716756,1979.0,False,,,False,2,0
nn,adaptive,40,2400.0,40.0,8,hourly_linear,interpolating,,0,1.0,1.0,0.6666666666666666,33.855257067124086,8.666666666666666,3,1,2,1.0121021779903576,1.0121021779903576,116.56109138191195,60.0,2460.0,10.77370289992541,0.0005004999693483114,10.774203399894759,97.78908919985406,0.0,0.0,116.56109138191195,2460.0,46.23103179815736,786.97033282189,46.23103179815736,46.23103179815736,0.0,True,False,incumbent_not_worse,0,0,0,0,4,0,0.0,152.8663129208386,1979.0,False,,,True,2,0
nn,adaptive,41,2460.0,41.0,8,hourly_linear,interpolating,,0,1.0,1.0,0.6833333333333333,33.84358975810372,8.683333333333334,2,0,2,2.0065405189153998,2.0065405189153998,118.56763190082735,60.0,2520.0,0.0,0.0,0.0,97.78908919985406,0.0,0.0,118.56763190082735,2520.0,45.30189758143564,787.9489932504702,,,,False,False,not_attempted,0,0,0,0,8,0,0.0,150.95569053145795,1979.0,False,,,False,2,0
nn,adaptive,42,2520.0,42.0,8,hourly_linear,interpolating,,0,1.0,1.0,0.7,33.83193048796509,8.7,2,0,2,1.5184337033311754,1.5184337033311754,120.08606560415852,60.0,2580.0,0.0,0.0,0.0,97.78908919985406,0.0,0.0,120.08606560415852,2580.0,43.16661150552959,668.9276536790493,,,,False,False,not_attempted,0,0,0,0,6,0,0.0,149.53059016146008,1979.0,False,,,False,1,0
nn,adaptive,43,2580.0,43.0,8,hourly_linear,interpolating,,0,1.0,1.0,0.7166666666666667,33.82027924840274,8.716666666666667,2,1,1,0.09742002851960076,0.09742002851960076,120.18348563267813,60.0,2640.0,0.0,0.0,0.0,97.78908919985406,0.0,0.0,120.18348563267813,2640.0,41.91000801058972,669.9063141076297,,,,False,False,not_attempted,0,0,0,0,0,0,0.0,149.43725682812675,1979.0,False,,,False,0,0
nn,adaptive,44,2640.0,44.0,8,hourly_linear,interpolating,,0,1.0,1.0,0.7333333333333333,33.8086360311227,8.733333333333333,1,1,0,42.48183744513816,42.48183744513816,162.6653230778163,721.4465856862292,3361.446585686229,0.0,0.0,0.0,97.78908919985406,0.0,0.0,162.6653230778163,3361.446585686229,41.973233046742614,670.8849745362093,,,,False,False,not_attempted,0,0,0,0,715,0,0.0,144.5056827063427,1979.0,True,,,False,0,0
aco,adaptive,0,0.0,0.0,0,hourly_linear,interpolating,,0,1.0,1.0,0.0,34.328614365408676,8.0,84,0,84,14.4101457803825,14.4101457803825,14.4101457803825,60.0,60.0,10.943804899929091,19.817515100119635,30.761320000048727,30.761320000048727,0.0,0.0,14.4101457803825,60.0,127.07613743780747,3095.0050426485313,,,,False,False,initial_plan,0,0,0,0,222,0,0.0,177.5795474289257,0.0,False,,,True,10,10
aco,adaptive,1,60.0,1.0,0,hourly_linear,interpolating,,0,1.0,1.0,0.016666666666666666,34.316619769404035,8.016666666666667,84,0,84,4.451868757921138,4.451868757921138,18.862014538303637,60.0,120.0,0.0,0.0,0.0,30.761320000048727,0.0,0.0,18.862014538303637,120.0,112.17630991374718,3029.400968496092,,,,False,False,not_attempted,0,0,0,0,51,0,0.0,177.1336540944976,0.0,False,,,False,10,10
aco,adaptive,2,120.0,2.0,0,hourly_linear,interpolating,,0,1.0,1.0,0.03333333333333333,34.30463355241989,8.033333333333333,84,3,81,5.073310122263607,1.691103374087869,23.935324660567243,60.0,180.0,0.0,0.0,0.0,30.761320000048727,0.0,0.0,23.935324660567243,180.0,107.44924950325776,2982.5259106266612,,,,False,False,not_attempted,0,0,0,0,43,0,0.0,176.30657369138564,230.0,False,,,False,10,7
aco,adaptive,3,180.0,3.0,0,hourly_linear,interpolating,,0,1.0,1.0,0.05,34.29265570567937,8.05,81,4,77,3.400025071900498,0.8500062679751245,27.33534973246774,60.0,240.0,0.0,0.0,0.0,30.761320000048727,0.0,0.0,27.33534973246774,240.0,102.22752563398619,2904.4255380079694,,,,False,False,not_attempted,0,0,0,0,32,0,0.0,175.80890122147494,230.0,False,,,False,8,3
aco,adaptive,4,240.0,4.0,0,hourly_linear,interpolating,,0,1.0,1.0,0.06666666666666667,34.280686220417834,8.066666666666666,77,3,74,2.7190889021579574,0.9063629673859858,30.054438634625697,60.0,300.0,0.0,0.0,0.0,30.761320000048727,0.0,0.0,30.054438634625697,300.0,99.11172565173165,2709.9244588359643,,,,False,False,not_attempted,0,0,0,0,34,0,0.0,174.87175684199187,396.0,False,,,False,8,3
aco,adaptive,5,300.0,5.0,1,hourly_linear,interpolating,,0,1.0,1.0,0.08333333333333333,34.268725087882885,8.083333333333334,74,2,72,2.3519027354223034,1.1759513677111517,32.406341370048,60.0,360.0,10.806050600018352,200.59653980005533,211.40259040007368,242.1639104001224,0.0,0.0,32.406341370048,360.0,96.99325601234047,2711.9932245782575,96.99325601234047,110.35582283896812,-13.362566826627656,True,False,incumbent_not_worse,8,33,0,0,41,0,0.0,174.77842350865853,396.0,False,,,True,8,3
aco,adaptive,6,360.0,6.0,1,hourly_linear,interpolating,,0,1.0,1.0,0.1,34.25677229933433,8.1,72,3,69,3.545978617280189,1.1819928724267297,35.95231998732819,60.0,420.0,0.0,0.0,0.0,242.1639104001224,0.0,0.0,35.95231998732819,420.0,95.0221786041945,2712.8112780229526,,,,False,False,not_attempted,0,0,0,0,38,0,0.0,173.03769106446012,396.0,False,,,False,8,2
aco,adaptive,7,420.0,7.0,1,hourly_linear,interpolating,,0,1.0,1.0,0.11666666666666667,34.24482784604418,8.116666666666667,69,2,67,3.5225257316406524,1.7612628658203262,39.474845718968844,60.0,480.0,0.0,0.0,0.0,242.1639104001224,0.0,0.0,39.474845718968844,480.0,91.7312935388437,2593.6293314676477,,,,False,False,not_attempted,0,0,0,0,60,0,0.0,172.86575762925585,519.0,False,,,False,8,2
aco,adaptive,8,480.0,8.0,1,hourly_linear,interpolating,,0,1.0,1.0,0.13333333333333333,34.232891719296596,8.133333333333333,67,2,65,2.6716711928946477,1.3358355964473239,42.14651691186349,60.0,540.0,0.0,0.0,0.0,242.1639104001224,0.0,0.0,42.14651691186349,540.0,87.98266005371474,2594.4473849123433,,,,False,False,not_attempted,0,0,0,0,53,0,0.0,172.77242429592252,519.0,False,,,False,8,1
aco,adaptive,9,540.0,9.0,1,hourly_linear,interpolating,,0,1.0,1.0,0.15,34.220963910387894,8.15,65,4,61,2.8647815128792304,0.7161953782198076,45.011298424742726,60.0,600.0,0.0,0.0,0.0,242.1639104001224,0.0,0.0,45.011298424742726,600.0,85.30918272736766,2483.920696855062,,,,False,False,not_attempted,0,0,0,0,39,0,0.0,172.59083940518786,574.0,False,,,False,8,1
aco,adaptive,10,600.0,10.0,2,hourly_linear,interpolating,,0,1.0,1.0,0.16666666666666666,34.20904441062652,8.166666666666666,61,2,59,3.7444028874434716,1.8722014437217358,48.7557013121862,60.0,660.0,10.92657219991088,151.18004620005377,162.10661839996465,404.27052880008705,0.0,0.0,48.7557013121862,660.0,82.73872217558393,2484.386021446002,82.73872217558393,88.58470070179781,-5.845978526213884,True,False,incumbent_not_worse,5,29,0,0,44,0,0.0,172.49750607185453,767.0,False,,,True,7,1
aco,adaptive,11,660.0,11.0,2,hourly_linear,interpolating,,0,1.0,1.0,0.18333333333333332,34.19713321133303,8.183333333333334,59,3,56,3.497539693978034,1.1658465646593446,52.25324100616423,60.0,720.0,0.0,0.0,0.0,404.27052880008705,0.0,0.0,52.25324100616423,720.0,79.3058859693478,2432.374787117706,,,,False,False,not_attempted,0,0,0,0,85,0,0.0,172.0525072479805,767.0,False,,,False,7,0
aco,adaptive,12,720.0,12.0,2,hourly_linear,interpolating,,0,1.0,1.0,0.2,34.18523030384005,8.2,56,1,55,2.8055469297840787,2.8055469297840787,55.05878793594831,60.0,780.0,0.0,0.0,0.0,404.27052880008705,0.0,0.0,55.05878793594831,780.0,75.93686264902756,2374.086229732044,,,,False,False,not_attempted,0,0,0,0,39,0,0.0,171.20731436262008,791.0,False,,,False,7,0
aco,adaptive,13,780.0,13.0,2,hourly_linear,interpolating,,0,1.0,1.0,0.21666666666666667,34.173335679492276,8.216666666666667,55,3,52,1.8397023633382992,0.6132341211127664,56.89849029928661,60.0,840.0,0.0,0.0,0.0,404.27052880008705,0.0,0.0,56.89849029928661,840.0,73.3936447022235,2315.7210861348212,,,,False,False,not_attempted,0,0,0,0,42,0,0.0,171.11398102928675,1011.0,False,,,False,7,0
aco,adaptive,14,840.0,14.0,2,hourly_linear,interpolating,,0,1.0,1.0,0.23333333333333334,34.16144932964645,8.233333333333333,52,2,50,1.3432552693057895,0.6716276346528948,58.2417455685924,60.0,900.0,0.0,0.0,0.0,404.27052880008705,0.0,0.0,58.2417455685924,900.0,71.79790520540544,2190.6797184904813,,,,False,False,not_attempted,0,0,0,0,23,0,0.0,171.0324630743801,1011.0,False,,,False,7,0
aco,adaptive,15,900.0,15.0,3,hourly_linear,interpolating,,0,1.0,1.0,0.25,34.14957124567132,8.25,50,2,48,1.316765580566845,0.6583827902834225,59.558511149159244,60.0,960.0,10.858718400122598,89.06922349985689,99.92794189997949,504.19847070006654,0.0,0.0,59.558511149159244,960.0,70.2628573493583,2190.3507344234067,70.2628573493583,75.74190450925731,-5.479047159899011,True,False,incumbent_not_worse,6,12,0,0,14,0,0.0,170.91603640370465,1011.0,False,,,True,7,0
aco,adaptive,16,960.0,16.0,3,hourly_linear,interpolating,,0,1.0,1.0,0.26666666666666666,34.13770141894766,8.266666666666667,48,4,44,0.9875846601213494,0.24689616503033734,60.546095809280594,60.0,1020.0,0.0,0.0,0.0,504.19847070006654,0.0,0.0,60.546095809280594,1020.0,69.05573725935245,2039.3349363572356,,,,False,False,not_attempted,0,0,0,0,30,0,0.0,170.82270307037132,1194.0,False,,,False,6,0
aco,adaptive,17,1020.0,17.0,3,hourly_linear,interpolating,,0,1.0,1.0,0.2833333333333333,34.12583984086821,8.283333333333333,44,3,41,2.590659820118445,0.8635532733728151,63.13675562939904,60.0,1080.0,0.0,0.0,0.0,504.19847070006654,0.0,0.0,63.13675562939904,1080.0,68.25223712688894,2038.8889754786699,,,,False,False,not_attempted,0,0,0,0,53,0,0.0,169.84246875850567,1194.0,False,,,False,6,0
aco,adaptive,18,1080.0,18.0,3,hourly_linear,interpolating,,0,1.0,1.0,0.3,34.11398650283766,8.3,41,1,40,1.0355849093000087,1.0355849093000087,64.17234053869905,60.0,1140.0,0.0,0.0,0.0,504.19847070006654,0.0,0.0,64.17234053869905,1140.0,65.91505654703427,2011.3047017436415,,,,False,False,not_attempted,0,0,0,0,47,0,0.0,169.7120145450864,1194.0,False,,,False,6,0
aco,adaptive,19,1140.0,19.0,3,hourly_linear,interpolating,,0,1.0,1.0,0.31666666666666665,34.102141396272636,8.316666666666666,40,2,38,2.1975978776334886,1.0987989388167443,66.36993841633253,60.0,1200.0,0.0,0.0,0.0,504.19847070006654,0.0,0.0,66.36993841633253,1200.0,64.81707582732037,1950.5740540016423,,,,False,False,not_attempted,0,0,0,0,15,0,0.0,169.61868121175306,1275.0,False,,,False,6,0
aco,adaptive,20,1200.0,20.0,4,hourly_linear,interpolating,,0,1.0,1.0,0.3333333333333333,34.09030430517993,8.333333333333334,38,3,35,1.445514318702916,0.48183810623430534,67.81545273503545,60.0,1260.0,10.736605999991298,7.159996400121599,17.896602400112897,522.0950731001794,0.0,0.0,67.81545273503545,1260.0,62.63144512198935,1815.8739454681827,62.63144512198935,65.86263846573013,-3.2311933437407774,True,False,incumbent_not_worse,4,8,0,0,16,0,0.0,169.00813257166678,1275.0,False,,,True,6,0
aco,adaptive,21,1260.0,21.0,4,hourly_linear,interpolating,,0,1.0,1.0,0.35,34.07847445659497,8.35,35,2,33,2.2265059628607493,1.1132529814303747,70.0419586978962,60.0,1320.0,0.0,0.0,0.0,522.0950731001794,0.0,0.0,70.0419586978962,1320.0,61.20521800953068,1815.2683540575847,,,,False,False,not_attempted,0,0,0,0,57,0,0.0,168.91479923833344,1275.0,False,,,False,6,0
aco,adaptive,22,1320.0,22.0,4,hourly_linear,interpolating,,0,1.0,1.0,0.36666666666666664,34.06665281543286,8.366666666666667,33,3,30,5.847644551858094,1.9492148506193647,75.8896032497543,60.0,1380.0,0.0,0.0,0.0,522.0950731001794,0.0,0.0,75.8896032497543,1380.0,59.18626051752891,1770.6320776822636,,,,False,False,not_attempted,0,0,0,0,40,0,0.0,166.6476463274082,1501.0,False,,,False,5,0
aco,adaptive,23,1380.0,23.0,4,hourly_linear,interpolating,,0,1.0,1.0,0.38333333333333336,34.054839373155225,8.383333333333333,30,1,29,2.1752403157670606,2.1752403157670606,78.06484356552136,60.0,1440.0,0.0,0.0,0.0,522.0950731001794,0.0,0.0,78.06484356552136,1440.0,53.14343906592928,1627.680687984144,,,,False,False,not_attempted,0,0,0,0,12,0,0.0,166.04313701228267,1501.0,False,,,False,4,0
aco,adaptive,24,1440.0,24.0,4,hourly_linear,interpolating,,0,1.0,1.0,0.4,34.04303412123554,8.4,29,3,26,1.7752275746409234,0.5917425248803078,79.84007114016228,60.0,1500.0,0.0,0.0,0.0,522.0950731001794,0.0,0.0,79.84007114016228,1500.0,51.20090924166552,1627.0339127461807,,,,False,False,not_attempted,0,0,0,0,17,0,0.0,165.79685553459106,1744.0,False,,,False,4,0
aco,adaptive,25,1500.0,25.0,5,hourly_linear,interpolating,,0,1.0,1.0,0.4166666666666667,34.03123705115909,8.416666666666666,26,1,25,1.2333898267261612,1.2333898267261612,81.07346096688845,60.0,1560.0,10.771840800065547,22.888468499993905,33.66030930005945,555.7553824002389,0.0,0.0,81.07346096688845,1560.0,49.348590994543464,1470.0678322919841,49.348590994543464,52.26254468719114,-2.9139536926476737,True,False,incumbent_not_worse,4,7,0,0,21,0,0.0,165.70352220125773,1744.0,False,,,True,4,0
aco,adaptive,26,1560.0,26.0,5,hourly_linear,interpolating,,0,1.0,1.0,0.43333333333333335,34.01944815442295,8.433333333333334,25,2,23,0.8403792234104481,0.42018961170522406,81.9138401902989,60.0,1620.0,0.0,0.0,0.0,555.7553824002389,0.0,0.0,81.9138401902989,1620.0,48.31070962775564,1469.4689076947109,,,,False,False,not_attempted,0,0,0,0,8,0,0.0,165.48056640713585,1744.0,False,,,False,4,0
aco,adaptive,27,1620.0,27.0,5,hourly_linear,interpolating,,0,1.0,1.0,0.45,34.007667422535995,8.45,23,1,22,1.7397968312677665,1.7397968312677665,83.65363702156667,60.0,1680.0,0.0,0.0,0.0,555.7553824002389,0.0,0.0,83.65363702156667,1680.0,47.23910997694525,1453.9506092259658,,,,False,False,not_attempted,0,0,0,0,23,0,0.0,164.97867171819868,1744.0,False,,,False,4,0
aco,adaptive,28,1680.0,28.0,5,hourly_linear,interpolating,,0,1.0,1.0,0.4666666666666667,33.99589484701884,8.466666666666667,22,1,21,1.3067465068786492,1.3067465068786492,84.96038352844532,60.0,1740.0,0.0,0.0,0.0,555.7553824002389,0.0,0.0,84.96038352844532,1740.0,45.64682914181412,1307.3731196039398,,,,False,False,not_attempted,0,0,0,0,4,0,0.0,164.88533838486535,1744.0,False,,,False,4,0
aco,adaptive,29,1740.0,29.0,5,hourly_linear,interpolating,,0,1.0,1.0,0.48333333333333334,33.98413041940385,8.483333333333333,21,3,18,2.055028825049207,0.6850096083497356,87.01541235349453,60.0,1800.0,0.0,0.0,0.0,555.7553824002389,0.0,0.0,87.01541235349453,1800.0,44.5177732656404,1306.8648663420095,,,,False,False,not_attempted,0,0,0,0,12,0,0.0,164.46179742229296,1744.0,False,,,False,4,0
aco,adaptive,30,1800.0,30.0,6,hourly_linear,interpolating,,0,1.0,1.0,0.5,33.972374131235085,8.5,18,0,18,2.5874413249115045,2.5874413249115045,89.60285367840603,60.0,1860.0,10.76435560011305,13.231316999997944,23.995672600110993,579.7510550003499,0.0,0.0,89.60285367840603,1860.0,42.6290916418986,1286.9610207618086,42.6290916418986,43.210137123521626,-0.581045481623029,True,False,incumbent_not_worse,3,3,0,0,11,0,0.0,162.18030027950132,1744.0,False,,,True,3,0
aco,adaptive,31,1860.0,31.0,6,hourly_linear,interpolating,,0,1.0,1.0,0.5166666666666667,33.960625974068336,8.516666666666667,18,1,17,0.4659611796343168,0.4659611796343168,90.06881485804035,60.0,1920.0,0.0,0.0,0.0,579.7510550003499,0.0,0.0,90.06881485804035,1920.0,40.03897558555284,1166.5070930643117,,,,False,False,not_attempted,0,0,0,0,3,0,0.0,161.94912041510608,1744.0,False,,,False,3,0
aco,adaptive,32,1920.0,32.0,6,hourly_linear,interpolating,,0,1.0,1.0,0.5333333333333333,33.94888593947103,8.533333333333333,17,2,15,0.6573508364873781,0.32867541824368907,90.72616569452774,60.0,1980.0,0.0,0.0,0.0,579.7510550003499,0.0,0.0,90.72616569452774,1980.0,39.84014245760888,1166.0531653668147,,,,False,False,not_attempted,0,0,0,0,15,0,0.0,161.85578708177275,1744.0,False,,,False,3,0
aco,adaptive,33,1980.0,33.0,6,hourly_linear,interpolating,,0,1.0,1.0,0.55,33.93715401902229,8.55,15,1,14,2.8365837239073843,2.8365837239073843,93.56274941843512,60.0,2040.0,0.0,0.0,0.0,579.7510550003499,0.0,0.0,93.56274941843512,2040.0,39.20082602482719,1022.6068128120817,,,,False,False,not_attempted,0,0,0,0,13,0,0.0,159.5393270701874,1744.0,False,,,False,3,0
aco,adaptive,34,2040.0,34.0,6,hourly_linear,interpolating,,0,1.0,1.0,0.5666666666666667,33.925430204312846,8.566666666666666,14,1,13,0.4701616865275003,0.4701616865275003,94.03291110496262,60.0,2100.0,0.0,0.0,0.0,579.7510550003499,0.0,0.0,94.03291110496262,2100.0,36.258676072903015,1022.2172410656091,,,,False,False,not_attempted,0,0,0,0,7,0,0.0,159.44599373685406,1744.0,False,,,False,3,0
aco,adaptive,35,2100.0,35.0,7,hourly_linear,interpolating,,0,1.0,1.0,0.5833333333333334,33.91371448694506,8.583333333333334,13,2,11,3.8609889984425307,1.9304944992212654,97.89390010340516,60.0,2160.0,10.775295399827883,5.713966100011021,16.489261499838904,596.2403165001888,0.0,0.0,97.89390010340516,2160.0,36.02752859641394,976.2136566867922,36.051890301989744,36.02752859641394,0.024361705575806525,True,True,lower_residual_energy,2,3,2,3,33,0,0.0,159.35235116351788,1744.0,False,,,True,5,0
aco,adaptive,36,2160.0,36.0,7,hourly_linear,interpolating,,0,1.0,1.0,0.6,33.902006858532886,8.6,11,0,11,1.1480727089180005,1.1480727089180005,99.04197281232315,60.0,2220.0,0.0,0.0,0.0,596.2403165001888,0.0,0.0,99.04197281232315,2220.0,31.751732116085655,825.4079319317979,,,,False,False,not_attempted,0,0,0,0,4,0,0.0,158.5776117879332,1744.0,False,,,False,4,0
aco,adaptive,37,2220.0,37.0,7,hourly_linear,interpolating,,0,1.0,1.0,0.6166666666666667,33.89030731070185,8.616666666666667,11,4,7,3.201917437552385,0.8004793593880962,102.24389024987553,60.0,2280.0,0.0,0.0,0.0,596.2403165001888,0.0,0.0,102.24389024987553,2280.0,31.004260800070497,825.3482164274164,,,,False,False,not_attempted,0,0,0,0,27,0,0.0,158.48427845459986,1822.0,False,,,False,3,0
aco,adaptive,38,2280.0,38.0,7,hourly_linear,interpolating,,0,1.0,1.0,0.6333333333333333,33.878615835089036,8.633333333333333,7,1,6,2.041976934852564,2.041976934852564,104.2858671847281,60.0,2340.0,0.0,0.0,0.0,596.2403165001888,0.0,0.0,104.2858671847281,2340.0,27.877018646084434,801.1096254409154,,,,False,False,not_attempted,0,0,0,0,32,0,0.0,158.4565994134232,1822.0,False,,,False,2,0
aco,adaptive,39,2340.0,39.0,7,hourly_linear,interpolating,,0,1.0,1.0,0.65,33.86693242334307,8.65,6,1,5,0.4910295615116441,0.4910295615116441,104.77689674623974,60.0,2400.0,0.0,0.0,0.0,596.2403165001888,0.0,0.0,104.77689674623974,2400.0,25.948475700398852,739.8445324234846,,,,False,False,not_attempted,0,0,0,0,1,0,0.0,158.4565994134232,1850.0,False,,,False,2,0
aco,adaptive,40,2400.0,40.0,8,hourly_linear,interpolating,,0,1.0,1.0,0.6666666666666666,33.855257067124086,8.666666666666666,5,0,5,0.18666666666666665,0.18666666666666665,104.96356341290641,60.0,2460.0,10.791297700023279,0.5960083999671042,11.387306099990383,607.6276226001792,0.0,0.0,104.96356341290641,2460.0,25.641580627456936,618.6477205780885,25.641580627456936,25.641580627456936,0.0,True,False,incumbent_not_worse,0,0,0,0,0,0,0.0,158.4565994134232,1850.0,False,,,True,1,0
aco,adaptive,41,2460.0,41.0,8,hourly_linear,interpolating,,0,1.0,1.0,0.6833333333333333,33.84358975810372,8.683333333333334,5,2,3,0.4335827829047835,0.21679139145239176,105.39714619581119,60.0,2520.0,0.0,0.0,0.0,607.6276226001792,0.0,0.0,105.39714619581119,2520.0,25.73682477093564,618.9292633075285,,,,False,False,not_attempted,0,0,0,0,11,0,0.0,158.4565994134232,1997.0,False,,,False,1,0
aco,adaptive,42,2520.0,42.0,8,hourly_linear,interpolating,,0,1.0,1.0,0.7,33.83193048796509,8.7,3,0,3,0.09333333333333332,0.09333333333333332,105.49047952914452,60.0,2580.0,0.0,0.0,0.0,607.6276226001792,0.0,0.0,105.49047952914452,2580.0,25.28136087909686,477.026305904133,,,,False,False,not_attempted,0,0,0,0,0,0,0.0,158.4565994134232,1997.0,False,,,False,1,0
aco,adaptive,43,2580.0,43.0,8,hourly_linear,interpolating,,0,1.0,1.0,0.7166666666666667,33.82027924840274,8.716666666666667,3,1,2,0.40950670660520244,0.40950670660520244,105.89998623574972,60.0,2640.0,0.0,0.0,0.0,607.6276226001792,0.0,0.0,105.89998623574972,2640.0,25.380430756114535,477.34096164839315,,,,False,False,not_attempted,0,0,0,0,11,0,0.0,158.4565994134232,1997.0,False,,,False,1,0
aco,adaptive,44,2640.0,44.0,8,hourly_linear,interpolating,,0,1.0,1.0,0.7333333333333333,33.8086360311227,8.733333333333333,2,0,2,0.09333333333333332,0.09333333333333332,105.99331956908306,60.0,2700.0,0.0,0.0,0.0,607.6276226001792,0.0,0.0,105.99331956908306,2700.0,24.942635921126683,449.5216393999829,,,,False,False,not_attempted,0,0,0,0,0,0,0.0,158.4565994134232,1997.0,False,,,False,1,0
aco,adaptive,45,2700.0,45.0,9,hourly_linear,interpolating,,0,1.0,1.0,0.75,33.797000827842375,8.75,2,1,1,0.15015224560907842,0.15015224560907842,106.14347181469213,60.0,2760.0,10.759467699797824,0.22164879995398223,10.981116499751806,618.608739099931,0.0,0.0,106.14347181469213,2760.0,25.048639608190644,450.14831235448787,25.04863960819064,25.048639608190644,-3.552713678800501e-15,True,False,incumbent_not_worse,0,0,0,0,3,0,0.0,158.4565994134232,1997.0,False,,,True,1,0
aco,adaptive,46,2760.0,46.0,9,hourly_linear,interpolating,,0,1.0,1.0,0.7666666666666667,33.7853736302906,8.766666666666667,1,0,1,0.08610537702905895,0.08610537702905895,106.22957719172119,60.0,2820.0,0.0,0.0,0.0,618.608739099931,0.0,0.0,106.22957719172119,2820.0,25.084104033162216,450.7749853089927,,,,False,False,not_attempted,0,0,0,0,1,0,0.0,158.4565994134232,1997.0,False,,,False,1,0
aco,adaptive,47,2820.0,47.0,9,hourly_linear,interpolating,,0,1.0,1.0,0.7833333333333333,33.77375443020757,8.783333333333333,1,0,1,0.09333333333333332,0.09333333333333332,106.32291052505452,60.0,2880.0,0.0,0.0,0.0,618.608739099931,0.0,0.0,106.32291052505452,2880.0,24.994117335911,451.40165826349755,,,,False,False,not_attempted,0,0,0,0,0,0,0.0,158.4565994134232,1997.0,False,,,False,0,0
aco,adaptive,48,2880.0,48.0,9,hourly_linear,interpolating,,0,1.0,1.0,0.8,33.76214321934483,8.8,1,1,0,25.310733346079218,25.310733346079218,131.63364387113376,459.01183559260676,3339.0118355926065,0.0,0.0,0.0,618.608739099931,0.0,0.0,131.63364387113376,3339.0118355926065,25.080218019159005,452.02833121800234,,,,False,False,not_attempted,0,0,0,0,293,0,0.0,153.48813148531698,1997.0,True,,,False,0,0
pso,adaptive,0,0.0,0.0,0,hourly_linear,interpolating,,0,1.0,1.0,0.0,34.328614365408676,8.0,84,0,84,15.25411302516289,15.25411302516289,15.25411302516289,60.0,60.0,10.906969200121239,10.020295500056818,20.927264700178057,20.927264700178057,0.0,0.0,15.25411302516289,60.0,151.12985437245618,3220.2234501665434,,,,False,False,initial_plan,0,0,0,0,265,0,0.0,177.3805416510433,0.0,False,,,True,10,10
pso,adaptive,1,60.0,1.0,0,hourly_linear,interpolating,,0,1.0,1.0,0.016666666666666666,34.316619769404035,8.016666666666667,84,0,84,6.560832700767702,6.560832700767702,21.814945725930592,60.0,120.0,0.0,0.0,0.0,20.927264700178057,0.0,0.0,21.814945725930592,120.0,135.2501740156076,3154.634485715908,,,,False,False,not_attempted,0,0,0,0,72,0,0.0,176.03506570733643,0.0,False,,,False,10,10
pso,adaptive,2,120.0,2.0,0,hourly_linear,interpolating,,0,1.0,1.0,0.03333333333333333,34.30463355241989,8.033333333333333,84,1,83,3.7355414687366983,3.7355414687366983,25.55048719466729,60.0,180.0,0.0,0.0,0.0,20.927264700178057,0.0,0.0,25.55048719466729,180.0,128.92021991180118,3031.542591782194,,,,False,False,not_attempted,0,0,0,0,23,0,0.0,174.75431167299126,95.0,False,,,False,10,9
pso,adaptive,3,180.0,3.0,0,hourly_linear,interpolating,,0,1.0,1.0,0.05,34.29265570567937,8.05,83,6,77,3.3267540333694607,0.5544590055615768,28.877241228036752,60.0,240.0,0.0,0.0,0.0,20.927264700178057,0.0,0.0,28.877241228036752,240.0,125.59885468979449,3029.012363707836,,,,False,False,not_attempted,0,0,0,0,51,0,0.0,174.05737337821495,225.0,False,,,False,10,3
pso,adaptive,4,240.0,4.0,0,hourly_linear,interpolating,,0,1.0,1.0,0.06666666666666667,34.280686220417834,8.066666666666666,77,3,74,6.5826796721479885,2.1942265573826627,35.45992090018474,60.0,300.0,0.0,0.0,0.0,20.927264700178057,0.0,0.0,35.45992090018474,300.0,122.93891161599615,2982.7464258703403,,,,False,False,not_attempted,0,0,0,0,115,0,0.0,173.46274091203847,249.0,False,,,False,10,1
pso,adaptive,5,300.0,5.0,1,hourly_linear,interpolating,,0,1.0,1.0,0.08333333333333333,34.268725087882885,8.083333333333334,74,0,74,2.4508387457611627,2.4508387457611627,37.9107596459459,60.0,360.0,10.840540899895132,910.9677089001052,921.8082498000003,942.7355145001784,0.0,0.0,37.9107596459459,360.0,111.20247653848948,2376.2001109376934,116.04334212300718,111.20247653848948,4.840865584517701,True,True,lower_residual_energy,8,37,8,37,60,0,0.0,172.9372213389011,249.0,False,,,True,10,1
pso,adaptive,6,360.0,6.0,1,hourly_linear,interpolating,,0,1.0,1.0,0.1,34.25677229933433,8.1,74,5,69,4.10093782848168,0.820187565696336,42.01169747442758,60.0,420.0,0.0,0.0,0.0,942.7355145001784,0.0,0.0,42.01169747442758,420.0,109.2413026178312,2386.6421056985705,,,,False,False,not_attempted,0,0,0,0,62,0,0.0,171.61274767567244,442.0,False,,,False,10,1
pso,adaptive,7,420.0,7.0,1,hourly_linear,interpolating,,0,1.0,1.0,0.11666666666666667,34.24482784604418,8.116666666666667,69,2,67,3.8824864509025403,1.9412432254512701,45.89418392533012,60.0,480.0,0.0,0.0,0.0,942.7355145001784,0.0,0.0,45.89418392533012,480.0,105.03092013430735,2360.3243257013637,,,,False,False,not_attempted,0,0,0,0,50,0,0.0,171.37465616492545,442.0,False,,,False,10,1
pso,adaptive,8,480.0,8.0,1,hourly_linear,interpolating,,0,1.0,1.0,0.13333333333333333,34.232891719296596,8.133333333333333,67,4,63,4.189840785212996,1.047460196303249,50.08402471054311,60.0,540.0,0.0,0.0,0.0,942.7355145001784,0.0,0.0,50.08402471054311,540.0,101.47310220029667,2287.7133958145923,,,,False,False,not_attempted,0,0,0,0,82,0,0.0,171.28132283159212,444.0,False,,,False,10,1
pso,adaptive,9,540.0,9.0,1,hourly_linear,interpolating,,0,1.0,1.0,0.15,34.220963910387894,8.15,63,3,60,4.2716757660280456,1.4238919220093484,54.35570047657116,60.0,600.0,0.0,0.0,0.0,942.7355145001784,0.0,0.0,54.35570047657116,600.0,97.68460090511292,2247.639622222461,,,,False,False,not_attempted,0,0,0,0,62,0,0.0,171.03138528018616,528.0,False,,,False,9,0
pso,adaptive,10,600.0,10.0,2,hourly_linear,interpolating,,0,1.0,1.0,0.16666666666666666,34.20904441062652,8.166666666666666,60,2,58,1.6138147040355317,0.8069073520177659,55.96951518060669,60.0,660.0,10.879847300006077,420.4984860001132,431.37833330011927,1374.1138478002977,0.0,0.0,55.96951518060669,660.0,92.88732875635523,2172.230487029309,92.88732875635523,99.07986091246384,-6.192532156108612,True,False,incumbent_not_worse,2,20,0,0,23,0,0.0,170.93805194685282,577.0,False,,,True,7,0
pso,adaptive,11,660.0,11.0,2,hourly_linear,interpolating,,0,1.0,1.0,0.18333333333333332,34.19713321133303,8.183333333333334,58,6,52,2.9172949172900893,0.4862158195483482,58.886810097896785,60.0,720.0,0.0,0.0,0.0,1374.1138478002977,0.0,0.0,58.886810097896785,720.0,91.83270211803263,1971.1343300217814,,,,False,False,not_attempted,0,0,0,0,44,0,0.0,170.6442618558829,740.0,False,,,False,7,0
pso,adaptive,12,720.0,12.0,2,hourly_linear,interpolating,,0,1.0,1.0,0.2,34.18523030384005,8.2,52,0,52,2.1716888026154617,2.1716888026154617,61.05849890051225,60.0,780.0,0.0,0.0,0.0,1374.1138478002977,0.0,0.0,61.05849890051225,780.0,89.07590987207246,1972.5327884205672,,,,False,False,not_attempted,0,0,0,0,41,0,0.0,169.61162681935693,740.0,False,,,False,7,0
pso,adaptive,13,780.0,13.0,2,hourly_linear,interpolating,,0,1.0,1.0,0.21666666666666667,34.173335679492276,8.216666666666667,52,3,49,2.8581421216393696,0.9527140405464566,63.916641022151616,60.0,840.0,0.0,0.0,0.0,1374.1138478002977,0.0,0.0,63.916641022151616,840.0,87.26813423921026,1971.7273088508002,,,,False,False,not_attempted,0,0,0,0,33,0,0.0,168.74067505478223,770.0,False,,,False,7,0
pso,adaptive,14,840.0,14.0,2,hourly_linear,interpolating,,0,1.0,1.0,0.23333333333333334,34.16144932964645,8.233333333333333,49,2,47,2.2819163726954983,1.1409581863477491,66.19855739484711,60.0,900.0,0.0,0.0,0.0,1374.1138478002977,0.0,0.0,66.19855739484711,900.0,84.66468515486301,1849.7887287841397,,,,False,False,not_attempted,0,0,0,0,40,0,0.0,168.6473417214489,774.0,False,,,False,7,0
pso,adaptive,15,900.0,15.0,3,hourly_linear,interpolating,,0,1.0,1.0,0.25,34.14957124567132,8.25,47,2,45,1.7595830477313834,0.8797915238656917,67.9581404425785,60.0,960.0,10.870881900191307,245.03124190005474,255.90212380024604,1630.0159716005437,0.0,0.0,67.9581404425785,960.0,82.52339763827443,1854.5874719211258,82.52339763827443,85.62374579529107,-3.10034815701664,True,False,incumbent_not_worse,4,26,0,0,8,0,0.0,168.00377337056977,774.0,False,,,True,7,0
pso,adaptive,16,960.0,16.0,3,hourly_linear,interpolating,,0,1.0,1.0,0.26666666666666666,34.13770141894766,8.266666666666667,45,3,42,2.2663366797599953,0.7554455599199984,70.2244771223385,60.0,1020.0,0.0,0.0,0.0,1630.0159716005437,0.0,0.0,70.2244771223385,1020.0,80.30531254066095,1744.707215046662,,,,False,False,not_attempted,0,0,0,0,29,0,0.0,167.91044003723644,1018.0,False,,,False,7,0
pso,adaptive,17,1020.0,17.0,3,hourly_linear,interpolating,,0,1.0,1.0,0.2833333333333333,34.12583984086821,8.283333333333333,42,3,39,4.035210656898854,1.3450702189662846,74.25968777923735,60.0,1080.0,0.0,0.0,0.0,1630.0159716005437,0.0,0.0,74.25968777923735,1080.0,78.89274537653486,1746.9163986289911,,,,False,False,not_attempted,0,0,0,0,55,0,0.0,167.586859558405,1018.0,False,,,False,7,0
pso,adaptive,18,1080.0,18.0,3,hourly_linear,interpolating,,0,1.0,1.0,0.3,34.11398650283766,8.3,39,0,39,1.6356819079519858,1.6356819079519858,75.89536968718934,60.0,1140.0,0.0,0.0,0.0,1630.0159716005437,0.0,0.0,75.89536968718934,1140.0,74.95060212331087,1719.6585740952823,,,,False,False,not_attempted,0,0,0,0,28,0,0.0,166.847140194757,1018.0,False,,,False,7,0
pso,adaptive,19,1140.0,19.0,3,hourly_linear,interpolating,,0,1.0,1.0,0.31666666666666665,34.102141396272636,8.316666666666666,39,3,36,3.830737596596809,1.2769125321989363,79.72610728378615,60.0,1200.0,0.0,0.0,0.0,1630.0159716005437,0.0,0.0,79.72610728378615,1200.0,73.77062311112705,1659.5224514816903,,,,False,False,not_attempted,0,0,0,0,73,0,0.0,164.97041075311122,1262.0,False,,,False,7,0
pso,adaptive,20,1200.0,20.0,4,hourly_linear,interpolating,,0,1.0,1.0,0.3333333333333333,34.09030430517993,8.333333333333334,36,1,35,3.414679748574846,3.414679748574846,83.14078703236099,60.0,1260.0,10.86030469997786,157.24276089994237,168.10306559992023,1798.119037200464,0.0,0.0,83.14078703236099,1260.0,69.876904618426,1597.588589411001,69.876904618426,70.97035018743837,-1.093445569012374,True,False,incumbent_not_worse,3,13,0,0,67,0,0.0,164.8770774197779,1262.0,False,,,True,6,0
pso,adaptive,21,1260.0,21.0,4,hourly_linear,interpolating,,0,1.0,1.0,0.35,34.07847445659497,8.35,35,2,33,0.856516987137367,0.4282584935686835,83.99730401949836,60.0,1320.0,0.0,0.0,0.0,1798.119037200464,0.0,0.0,83.99730401949836,1320.0,66.34963592041221,1447.8331497275537,,,,False,False,not_attempted,0,0,0,0,9,0,0.0,164.64737793139048,1262.0,False,,,False,6,0
pso,adaptive,22,1320.0,22.0,4,hourly_linear,interpolating,,0,1.0,1.0,0.36666666666666664,34.06665281543286,8.366666666666667,33,3,30,6.38049088487311,2.126830294957703,90.37779490437147,60.0,1380.0,0.0,0.0,0.0,1798.119037200464,0.0,0.0,90.37779490437147,1380.0,65.91785625615604,1443.560971827664,,,,False,False,not_attempted,0,0,0,0,54,0,0.0,162.28147841985577,1262.0,False,,,False,6,0
pso,adaptive,23,1380.0,23.0,4,hourly_linear,interpolating,,0,1.0,1.0,0.38333333333333336,34.054839373155225,8.383333333333333,30,1,29,4.302477014899107,4.302477014899107,94.68027191927058,60.0,1440.0,0.0,0.0,0.0,1798.119037200464,0.0,0.0,94.68027191927058,1440.0,59.11380774281076,1302.0303799422447,,,,False,False,not_attempted,0,0,0,0,46,0,0.0,161.41340542231424,1262.0,False,,,False,6,0
pso,adaptive,24,1440.0,24.0,4,hourly_linear,interpolating,,0,1.0,1.0,0.4,34.04303412123554,8.4,29,2,27,0.9424125641700208,0.4712062820850104,95.62268448344061,60.0,1500.0,0.0,0.0,0.0,1798.119037200464,0.0,0.0,95.62268448344061,1500.0,54.845186429541194,1302.697007205087,,,,False,False,not_attempted,0,0,0,0,6,0,0.0,161.3200720889809,1415.0,False,,,False,6,0
pso,adaptive,25,1500.0,25.0,5,hourly_linear,interpolating,,0,1.0,1.0,0.4166666666666667,34.03123705115909,8.416666666666666,27,4,23,2.4679980417096785,0.6169995104274196,98.09068252515029,60.0,1560.0,10.890302799874917,61.564927800092846,72.45523059996776,1870.5742678004317,0.0,0.0,98.09068252515029,1560.0,51.65930653083599,1244.3362014018685,54.362479365867586,51.65930653083599,2.7031728350315944,True,True,lower_residual_energy,3,4,3,4,30,0,0.0,161.19025935251184,1417.0,False,,,True,5,0
pso,adaptive,26,1560.0,26.0,5,hourly_linear,interpolating,,0,1.0,1.0,0.43333333333333335,34.01944815442295,8.433333333333334,23,0,23,2.608673754581126,2.608673754581126,100.6993562797314,60.0,1620.0,0.0,0.0,0.0,1870.5742678004317,0.0,0.0,100.6993562797314,1620.0,49.52520848461645,1231.5932597046171,,,,False,False,not_attempted,0,0,0,0,20,0,0.0,161.0820427034645,1417.0,False,,,False,5,0
pso,adaptive,27,1620.0,27.0,5,hourly_linear,interpolating,,0,1.0,1.0,0.45,34.007667422535995,8.45,23,1,22,2.4728440992658536,2.4728440992658536,103.17220037899726,60.0,1680.0,0.0,0.0,0.0,1870.5742678004317,0.0,0.0,103.17220037899726,1680.0,46.622228799385084,1112.3480763590337,,,,False,False,not_attempted,0,0,0,0,8,0,0.0,160.98870937013118,1472.0,False,,,False,5,0
pso,adaptive,28,1680.0,28.0,5,hourly_linear,interpolating,,0,1.0,1.0,0.4666666666666667,33.99589484701884,8.466666666666667,22,2,20,0.9834447114117311,0.49172235570586553,104.155645090409,60.0,1740.0,0.0,0.0,0.0,1870.5742678004317,0.0,0.0,104.155645090409,1740.0,44.320155457147905,1113.1028930134503,,,,False,False,not_attempted,0,0,0,0,22,0,0.0,160.45143119118472,1472.0,False,,,False,5,0
pso,adaptive,29,1740.0,29.0,5,hourly_linear,interpolating,,0,1.0,1.0,0.48333333333333334,33.98413041940385,8.483333333333333,20,3,17,2.4722220912499835,0.8240740304166612,106.62786718165898,60.0,1800.0,0.0,0.0,0.0,1870.5742678004317,0.0,0.0,106.62786718165898,1800.0,43.425979450725535,961.2482448755327,,,,False,False,not_attempted,0,0,0,0,16,0,0.0,160.3580978578514,1615.0,False,,,False,5,0
pso,adaptive,30,1800.0,30.0,6,hourly_linear,interpolating,,0,1.0,1.0,0.5,33.972374131235085,8.5,17,2,15,3.3658091840494757,1.6829045920247379,109.99367636570847,60.0,1860.0,10.84050039993599,11.915857800049707,22.756358199985698,1893.3306260004174,0.0,0.0,109.99367636570847,1860.0,39.81873315551958,1110.7051521480398,40.844057031330806,39.81873315551958,1.0253238758112246,True,True,lower_residual_energy,0,2,0,2,24,0,0.0,159.77067398496462,1625.0,False,,,True,4,0
pso,adaptive,31,1860.0,31.0,6,hourly_linear,interpolating,,0,1.0,1.0,0.5166666666666667,33.960625974068336,8.516666666666667,15,2,13,1.8453359247079415,0.9226679623539707,111.8390122904164,60.0,1920.0,0.0,0.0,0.0,1893.3306260004174,0.0,0.0,111.8390122904164,1920.0,36.59355841166981,1108.887265926463,,,,False,False,not_attempted,0,0,0,0,14,0,0.0,159.67734065163128,1628.0,False,,,False,4,0
pso,adaptive,32,1920.0,32.0,6,hourly_linear,interpolating,,0,1.0,1.0,0.5333333333333333,33.94888593947103,8.533333333333333,13,1,12,0.5493884171842978,0.5493884171842978,112.38840070760071,60.0,1980.0,0.0,0.0,0.0,1893.3306260004174,0.0,0.0,112.38840070760071,1980.0,34.950539738911985,976.0151851700489,,,,False,False,not_attempted,0,0,0,0,5,0,0.0,159.407952234447,1628.0,False,,,False,3,0
pso,adaptive,33,1980.0,33.0,6,hourly_linear,interpolating,,0,1.0,1.0,0.55,33.93715401902229,8.55,12,3,9,1.2552619164174417,0.41842063880581387,113.64366262401815,60.0,2040.0,0.0,0.0,0.0,1893.3306260004174,0.0,0.0,113.64366262401815,2040.0,34.843559887802755,976.0619617385005,,,,False,False,not_attempted,0,0,0,0,24,0,0.0,159.14944407359434,1726.0,False,,,False,3,0
pso,adaptive,34,2040.0,34.0,6,hourly_linear,interpolating,,0,1.0,1.0,0.5666666666666667,33.925430204312846,8.566666666666666,9,0,9,0.8743477280619071,0.8743477280619071,114.51801035208005,60.0,2100.0,0.0,0.0,0.0,1893.3306260004174,0.0,0.0,114.51801035208005,2100.0,33.526438445371376,968.0160819928263,,,,False,False,not_attempted,0,0,0,0,12,0,0.0,159.056110740261,1726.0,False,,,False,2,0
pso,adaptive,35,2100.0,35.0,7,hourly_linear,interpolating,,0,1.0,1.0,0.5833333333333334,33.91371448694506,8.583333333333334,9,2,7,0.977739399200737,0.4888696996003685,115.4957497512808,60.0,2160.0,10.719616000074893,0.19272659998387098,10.912342600058764,1904.2429686004762,0.0,0.0,115.4957497512808,2160.0,32.814406381882826,816.648294418552,32.814406381882826,32.814406381882826,0.0,True,False,incumbent_not_worse,0,0,0,0,2,0,0.0,158.20624344779915,1876.0,False,,,True,2,0
pso,adaptive,36,2160.0,36.0,7,hourly_linear,interpolating,,0,1.0,1.0,0.6,33.902006858532886,8.6,7,1,6,3.1784825123257643,3.1784825123257643,118.67423226360656,60.0,2220.0,0.0,0.0,0.0,1904.2429686004762,0.0,0.0,118.67423226360656,2220.0,32.074866436133895,816.7606294370615,,,,False,False,not_attempted,0,0,0,0,19,0,0.0,155.8049304238435,1876.0,False,,,False,2,0
pso,adaptive,37,2220.0,37.0,7,hourly_linear,interpolating,,0,1.0,1.0,0.6166666666666667,33.89030731070185,8.616666666666667,6,0,6,0.7230046807472683,0.7230046807472683,119.39723694435382,60.0,2280.0,0.0,0.0,0.0,1904.2429686004762,0.0,0.0,119.39723694435382,2280.0,28.898131280540685,783.7015123669503,,,,False,False,not_attempted,0,0,0,0,21,0,0.0,155.71159709051017,1876.0,False,,,False,2,0
pso,adaptive,38,2280.0,38.0,7,hourly_linear,interpolating,,0,1.0,1.0,0.6333333333333333,33.878615835089036,8.633333333333333,6,1,5,1.4092198400645464,1.4092198400645464,120.80645678441837,60.0,2340.0,0.0,0.0,0.0,1904.2429686004762,0.0,0.0,120.80645678441837,2340.0,28.269001599459955,618.0846351192084,,,,False,False,not_attempted,0,0,0,0,6,0,0.0,154.395710583779,1876.0,False,,,False,2,0
pso,adaptive,39,2340.0,39.0,7,hourly_linear,interpolating,,0,1.0,1.0,0.65,33.86693242334307,8.65,5,1,4,1.4424453501536643,1.4424453501536643,122.24890213457203,60.0,2400.0,0.0,0.0,0.0,1904.2429686004762,0.0,0.0,122.24890213457203,2400.0,27.12992191759725,618.3661778486485,,,,False,False,not_attempted,0,0,0,0,12,0,0.0,153.1927303392137,1876.0,False,,,False,2,0
pso,adaptive,40,2400.0,40.0,8,hourly_linear,interpolating,,0,1.0,1.0,0.6666666666666666,33.855257067124086,8.666666666666666,4,0,4,0.3789914249470341,0.3789914249470341,122.62789355951907,60.0,2460.0,10.87397910002619,0.17698079999536276,11.050959900021553,1915.2939285004977,0.0,0.0,122.62789355951907,2460.0,25.72437398776393,608.1159573297554,25.72437398776393,25.72437398776393,0.0,True,False,incumbent_not_worse,0,0,0,0,5,0,0.0,153.09939700588038,1876.0,False,,,True,1,0
pso,adaptive,41,2460.0,41.0,8,hourly_linear,interpolating,,0,1.0,1.0,0.6833333333333333,33.84358975810372,8.683333333333334,4,1,3,0.14300354070250654,0.14300354070250654,122.77089710022157,60.0,2520.0,0.0,0.0,0.0,1915.2939285004977,0.0,0.0,122.77089710022157,2520.0,25.448362061130112,476.7116501598729,,,,False,False,not_attempted,0,0,0,0,0,0,0.0,153.04972679851122,1876.0,False,,,False,1,0
pso,adaptive,42,2520.0,42.0,8,hourly_linear,interpolating,,0,1.0,1.0,0.7,33.83193048796509,8.7,3,1,2,0.41266296571340816,0.41266296571340816,123.18356006593498,60.0,2580.0,0.0,0.0,0.0,1915.2939285004977,0.0,0.0,123.18356006593498,2580.0,25.563845244404543,477.026305904133,,,,False,False,not_attempted,0,0,0,0,11,0,0.0,153.04972679851122,1876.0,False,,,False,1,0
pso,adaptive,43,2580.0,43.0,8,hourly_linear,interpolating,,0,1.0,1.0,0.7166666666666667,33.82027924840274,8.716666666666667,2,0,2,0.09333333333333332,0.09333333333333332,123.27689339926832,60.0,2640.0,0.0,0.0,0.0,1915.2939285004977,0.0,0.0,123.27689339926832,2640.0,25.141002222079244,333.13993958238234,,,,False,False,not_attempted,0,0,0,0,0,0,0.0,153.04972679851122,1876.0,False,,,False,1,0
pso,adaptive,44,2640.0,44.0,8,hourly_linear,interpolating,,0,1.0,1.0,0.7333333333333333,33.8086360311227,8.733333333333333,2,1,1,0.14344280782062246,0.14344280782062246,123.42033620708894,60.0,2700.0,0.0,0.0,0.0,1915.2939285004977,0.0,0.0,123.42033620708894,2700.0,25.261925278556184,333.4907722395401,,,,False,False,not_attempted,0,0,0,0,4,0,0.0,153.04972679851122,1876.0,False,,,False,1,0
pso,adaptive,45,2700.0,45.0,9,hourly_linear,interpolating,,0,1.0,1.0,0.75,33.797000827842375,8.75,1,0,1,0.09333333333333332,0.09333333333333332,123.51366954042227,60.0,2760.0,0.0,0.0,0.0,1915.2939285004977,0.0,0.0,123.51366954042227,2760.0,25.126397583130046,316.17929072178663,,,,False,False,not_attempted,0,0,0,0,0,0,0.0,153.04972679851122,1876.0,False,,,False,0,0
pso,adaptive,46,2760.0,46.0,9,hourly_linear,interpolating,,0,1.0,1.0,0.7666666666666667,33.7853736302906,8.766666666666667,1,1,0,25.57289699178356,25.57289699178356,149.08656653220584,369.60973263989035,3129.6097326398904,0.0,0.0,0.0,1915.2939285004977,0.0,0.0,149.08656653220584,3129.6097326398904,25.24965044490081,316.7333771367021,,,,False,False,not_attempted,0,0,0,0,266,0,0.0,149.83640901743294,1972.0,True,,,False,0,0
ga,adaptive,0,0.0,0.0,0,hourly_linear,interpolating,,0,1.0,1.0,0.0,34.328614365408676,8.0,84,0,84,14.232907988701323,14.232907988701323,14.232907988701323,60.0,60.0,10.923279899870977,17.308484099805355,28.231763999676332,28.231763999676332,0.0,0.0,14.232907988701323,60.0,135.3008012758511,3034.893023639599,,,,False,False,initial_plan,0,0,0,0,271,0,0.0,177.5795474289257,0.0,False,,,True,10,10
ga,adaptive,1,60.0,1.0,0,hourly_linear,interpolating,,0,1.0,1.0,0.016666666666666666,34.316619769404035,8.016666666666667,84,0,84,5.057819950919937,5.057819950919937,19.29072793962126,60.0,120.0,0.0,0.0,0.0,28.231763999676332,0.0,0.0,19.29072793962126,120.0,120.8693993268068,2981.0831333295805,,,,False,False,not_attempted,0,0,0,0,60,0,0.0,176.98972191827025,0.0,False,,,False,10,10
ga,adaptive,2,120.0,2.0,0,hourly_linear,interpolating,,0,1.0,1.0,0.03333333333333333,34.30463355241989,8.033333333333333,84,1,83,3.2724392060359944,3.2724392060359944,22.563167145657253,60.0,180.0,0.0,0.0,0.0,28.231763999676332,0.0,0.0,22.563167145657253,180.0,115.29384844252087,2927.7412905986735,,,,False,False,not_attempted,0,0,0,0,21,0,0.0,176.89638858493691,95.0,False,,,False,10,9
ga,adaptive,3,180.0,3.0,0,hourly_linear,interpolating,,0,1.0,1.0,0.05,34.29265570567937,8.05,83,6,77,7.418420717161107,1.2364034528601844,29.98158786281836,60.0,240.0,0.0,0.0,0.0,28.231763999676332,0.0,0.0,29.98158786281836,240.0,112.15711109814279,2784.355245474149,,,,False,False,not_attempted,0,0,0,0,62,0,0.0,175.42686149815697,250.0,False,,,False,10,3
ga,adaptive,4,240.0,4.0,0,hourly_linear,interpolating,,0,1.0,1.0,0.06666666666666667,34.280686220417834,8.066666666666666,77,3,74,6.047044475193938,2.015681491731313,36.028632338012294,60.0,300.0,0.0,0.0,0.0,28.231763999676332,0.0,0.0,36.028632338012294,300.0,105.18332984394894,2791.0375053636417,,,,False,False,not_attempted,0,0,0,0,89,0,0.0,174.48191023344532,250.0,False,,,False,10,1
ga,adaptive,5,300.0,5.0,1,hourly_linear,interpolating,,0,1.0,1.0,0.08333333333333333,34.268725087882885,8.083333333333334,74,0,74,3.5074046639307244,3.5074046639307244,39.536037001943015,60.0,360.0,10.856399199925363,956.7666120999493,967.6230112998746,995.854775299551,0.0,0.0,39.536037001943015,360.0,98.96921094362051,2731.940719881067,99.4371596552007,98.96921094362051,0.4679487115801919,True,True,lower_residual_energy,6,40,6,40,44,0,0.0,174.05882270736691,250.0,False,,,True,9,1
ga,adaptive,6,360.0,6.0,1,hourly_linear,interpolating,,0,1.0,1.0,0.1,34.25677229933433,8.1,74,5,69,3.5431115553167527,0.7086223110633505,43.07914855725977,60.0,420.0,0.0,0.0,0.0,995.854775299551,0.0,0.0,43.07914855725977,420.0,95.90356646169282,2677.023740953237,,,,False,False,not_attempted,0,0,0,0,46,0,0.0,173.03769106446012,442.0,False,,,False,9,0
ga,adaptive,7,420.0,7.0,1,hourly_linear,interpolating,,0,1.0,1.0,0.11666666666666667,34.24482784604418,8.116666666666667,69,3,66,3.0313018790441957,1.0104339596813985,46.110450436303964,60.0,480.0,0.0,0.0,0.0,995.854775299551,0.0,0.0,46.110450436303964,480.0,92.32359757380281,2540.345989179686,,,,False,False,not_attempted,0,0,0,0,39,0,0.0,172.86575762925585,494.0,False,,,False,9,0
ga,adaptive,8,480.0,8.0,1,hourly_linear,interpolating,,0,1.0,1.0,0.13333333333333333,34.232891719296596,8.133333333333333,66,3,63,3.0975332995345344,1.0325110998448448,49.207983735838496,60.0,540.0,0.0,0.0,0.0,995.854775299551,0.0,0.0,49.207983735838496,540.0,89.75490234585992,2545.542100423132,,,,False,False,not_attempted,0,0,0,0,36,0,0.0,172.77242429592252,539.0,False,,,False,8,0
ga,adaptive,9,540.0,9.0,1,hourly_linear,interpolating,,0,1.0,1.0,0.15,34.220963910387894,8.15,63,3,60,5.30513864446834,1.7683795481561135,54.51312238030684,60.0,600.0,0.0,0.0,0.0,995.854775299551,0.0,0.0,54.51312238030684,600.0,86.37895500028135,2507.52778952158,,,,False,False,not_attempted,0,0,0,0,56,0,0.0,171.3272915261337,539.0,False,,,False,8,0
ga,adaptive,10,600.0,10.0,2,hourly_linear,interpolating,,0,1.0,1.0,0.16666666666666666,34.20904441062652,8.166666666666666,60,3,57,3.878117901162439,1.2927059670541463,58.39124028146928,60.0,660.0,10.793084000004455,773.7014862999786,784.494570299983,1780.349345599534,0.0,0.0,58.39124028146928,660.0,81.37125113123153,2427.9037834101573,81.37125113123152,87.89287268866288,-6.521621557431359,True,False,incumbent_not_worse,4,13,0,0,56,0,0.0,170.3873226477626,653.0,False,,,True,8,0
ga,adaptive,11,660.0,11.0,2,hourly_linear,interpolating,,0,1.0,1.0,0.18333333333333332,34.19713321133303,8.183333333333334,57,0,57,1.6293742430090266,1.6293742430090266,60.020614524478304,60.0,720.0,0.0,0.0,0.0,1780.349345599534,0.0,0.0,60.020614524478304,720.0,77.77287071100095,2282.091824044586,,,,False,False,not_attempted,0,0,0,0,8,0,0.0,170.01044203215986,653.0,False,,,False,8,0
ga,adaptive,12,720.0,12.0,2,hourly_linear,interpolating,,0,1.0,1.0,0.2,34.18523030384005,8.2,57,5,52,1.9235321392413662,0.38470642784827325,61.94414666371967,60.0,780.0,0.0,0.0,0.0,1780.349345599534,0.0,0.0,61.94414666371967,780.0,76.56574170263158,2285.2818063962227,,,,False,False,not_attempted,0,0,0,0,29,0,0.0,169.91710869882652,703.0,False,,,False,8,0
ga,adaptive,13,780.0,13.0,2,hourly_linear,interpolating,,0,1.0,1.0,0.21666666666666667,34.173335679492276,8.216666666666667,52,3,49,4.417797264258656,1.4725990880862188,66.36194392797833,60.0,840.0,0.0,0.0,0.0,1780.349345599534,0.0,0.0,66.36194392797833,840.0,75.13264184258618,2279.566276586156,,,,False,False,not_attempted,0,0,0,0,35,0,0.0,169.27562351557975,819.0,False,,,False,8,0
ga,adaptive,14,840.0,14.0,2,hourly_linear,interpolating,,0,1.0,1.0,0.23333333333333334,34.16144932964645,8.233333333333333,49,1,48,1.748600384719184,1.748600384719184,68.11054431269751,60.0,900.0,0.0,0.0,0.0,1780.349345599534,0.0,0.0,68.11054431269751,900.0,70.47395949161054,2242.103966175898,,,,False,False,not_attempted,0,0,0,0,6,0,0.0,169.18229018224642,819.0,False,,,False,8,0
ga,adaptive,15,900.0,15.0,3,hourly_linear,interpolating,,0,1.0,1.0,0.25,34.14957124567132,8.25,48,5,43,2.551291814367627,0.5102583628735254,70.66183612706514,60.0,960.0,12.473790199961513,415.85870330012403,428.33249350008555,2208.6818390996195,0.0,0.0,70.66183612706514,960.0,68.87896508019149,2037.4198138845086,68.87896508019149,70.13680135245205,-1.2578362722605618,True,False,incumbent_not_worse,1,8,0,0,22,0,0.0,168.8154190585667,1049.0,False,,,True,8,0
ga,adaptive,16,960.0,16.0,3,hourly_linear,interpolating,,0,1.0,1.0,0.26666666666666666,34.13770141894766,8.266666666666667,43,1,42,3.3010727351254205,3.3010727351254205,73.96290886219056,60.0,1020.0,0.0,0.0,0.0,2208.6818390996195,0.0,0.0,73.96290886219056,1020.0,66.18706844589425,2039.3648404121889,,,,False,False,not_attempted,0,0,0,0,17,0,0.0,168.56766442315575,1049.0,False,,,False,8,0
ga,adaptive,17,1020.0,17.0,3,hourly_linear,interpolating,,0,1.0,1.0,0.2833333333333333,34.12583984086821,8.283333333333333,42,3,39,3.1147412216768497,1.0382470738922833,77.07765008386741,60.0,1080.0,0.0,0.0,0.0,2208.6818390996195,0.0,0.0,77.07765008386741,1080.0,63.53504771474373,2041.3098669398687,,,,False,False,not_attempted,0,0,0,0,22,0,0.0,168.4743310898224,1089.0,False,,,False,7,0
ga,adaptive,18,1080.0,18.0,3,hourly_linear,interpolating,,0,1.0,1.0,0.3,34.11398650283766,8.3,39,3,36,3.1968634166690597,1.0656211388896866,80.27451350053647,60.0,1140.0,0.0,0.0,0.0,2208.6818390996195,0.0,0.0,80.27451350053647,1140.0,60.61893556266705,1923.2548934675488,,,,False,False,not_attempted,0,0,0,0,45,0,0.0,168.15593204186519,1288.0,False,,,False,7,0
ga,adaptive,19,1140.0,19.0,3,hourly_linear,interpolating,,0,1.0,1.0,0.31666666666666665,34.102141396272636,8.316666666666666,36,2,34,2.0637536857173004,1.0318768428586502,82.33826718625377,60.0,1200.0,0.0,0.0,0.0,2208.6818390996195,0.0,0.0,82.33826718625377,1200.0,57.523354715722945,1925.199919995229,,,,False,False,not_attempted,0,0,0,0,13,0,0.0,168.06259870853185,1288.0,False,,,False,6,0
ga,adaptive,20,1200.0,20.0,4,hourly_linear,interpolating,,0,1.0,1.0,0.3333333333333333,34.09030430517993,8.333333333333334,34,4,30,2.4801893418919896,0.6200473354729974,84.81845652814576,60.0,1260.0,12.497562000062317,100.44712510006502,112.94468710012734,2321.626526199747,0.0,0.0,84.81845652814576,1260.0,55.00740108454016,1640.5589442428377,55.326047601980235,55.00740108454016,0.31864651744007233,True,True,lower_residual_energy,2,6,2,6,16,0,0.0,167.78469780074258,1288.0,False,,,True,7,0
ga,adaptive,21,1260.0,21.0,4,hourly_linear,interpolating,,0,1.0,1.0,0.35,34.07847445659497,8.35,30,1,29,4.786880515567157,4.786880515567157,89.60533704371292,60.0,1320.0,0.0,0.0,0.0,2321.626526199747,0.0,0.0,89.60533704371292,1320.0,52.02602831811238,1642.1731800869145,,,,False,False,not_attempted,0,0,0,0,51,0,0.0,166.5807568191176,1288.0,False,,,False,7,0
ga,adaptive,22,1320.0,22.0,4,hourly_linear,interpolating,,0,1.0,1.0,0.36666666666666664,34.06665281543286,8.366666666666667,29,1,28,3.1711203659741707,3.1711203659741707,92.7764574096871,60.0,1380.0,0.0,0.0,0.0,2321.626526199747,0.0,0.0,92.7764574096871,1380.0,48.30115296395244,1612.5605133172098,,,,False,False,not_attempted,0,0,0,0,28,0,0.0,165.51475975154986,1288.0,False,,,False,6,0
ga,adaptive,23,1380.0,23.0,4,hourly_linear,interpolating,,0,1.0,1.0,0.38333333333333336,34.054839373155225,8.383333333333333,28,1,27,1.3190922147711708,1.3190922147711708,94.09554962445827,60.0,1440.0,0.0,0.0,0.0,2321.626526199747,0.0,0.0,94.09554962445827,1440.0,45.29801207562688,1543.081962379975,,,,False,False,not_attempted,0,0,0,0,11,0,0.0,165.42142641821653,1381.0,False,,,False,6,0
ga,adaptive,24,1440.0,24.0,4,hourly_linear,interpolating,,0,1.0,1.0,0.4,34.04303412123554,8.4,27,4,23,5.364456323150856,1.341114080787714,99.46000594760913,60.0,1500.0,0.0,0.0,0.0,2321.626526199747,0.0,0.0,99.46000594760913,1500.0,44.6121824734682,1494.1280513104457,,,,False,False,not_attempted,0,0,0,0,40,0,0.0,163.89119704500908,1426.0,False,,,False,6,0
ga,adaptive,25,1500.0,25.0,5,hourly_linear,interpolating,,0,1.0,1.0,0.4166666666666667,34.03123705115909,8.416666666666666,23,0,23,1.6768136383701144,1.6768136383701144,101.13681958597925,60.0,1560.0,13.087295100092888,44.71311250003055,57.800407600123435,2379.4269337998703,0.0,0.0,101.13681958597925,1560.0,39.00660870909638,1351.2493073325315,39.00660870909638,40.090781240122986,-1.0841725310266028,True,False,incumbent_not_worse,1,5,0,0,8,0,0.0,162.66646503328386,1426.0,False,,,True,5,0
ga,adaptive,26,1560.0,26.0,5,hourly_linear,interpolating,,0,1.0,1.0,0.43333333333333335,34.01944815442295,8.433333333333334,23,4,19,1.8592436395700442,0.46481090989251106,102.99606322554929,60.0,1620.0,0.0,0.0,0.0,2379.4269337998703,0.0,0.0,102.99606322554929,1620.0,37.805983898435,1352.0505936418258,,,,False,False,not_attempted,0,0,0,0,11,0,0.0,162.57313169995052,1476.0,False,,,False,4,0
ga,adaptive,27,1620.0,27.0,5,hourly_linear,interpolating,,0,1.0,1.0,0.45,34.007667422535995,8.45,19,1,18,3.391405088148515,3.391405088148515,106.38746831369781,60.0,1680.0,0.0,0.0,0.0,2379.4269337998703,0.0,0.0,106.38746831369781,1680.0,36.05135157028051,1206.4249681177764,,,,False,False,not_attempted,0,0,0,0,42,0,0.0,162.51141348478845,1476.0,False,,,False,4,0
ga,adaptive,28,1680.0,28.0,5,hourly_linear,interpolating,,0,1.0,1.0,0.4666666666666667,33.99589484701884,8.466666666666667,18,1,17,1.700154173858535,1.700154173858535,108.08762248755635,60.0,1740.0,0.0,0.0,0.0,2379.4269337998703,0.0,0.0,108.08762248755635,1740.0,32.881703475931836,1207.1627846466567,,,,False,False,not_attempted,0,0,0,0,15,0,0.0,162.05587137113446,1476.0,False,,,False,4,0
ga,adaptive,29,1740.0,29.0,5,hourly_linear,interpolating,,0,1.0,1.0,0.48333333333333334,33.98413041940385,8.483333333333333,17,0,17,1.2898145349907846,1.2898145349907846,109.37743702254713,60.0,1800.0,0.0,0.0,0.0,2379.4269337998703,0.0,0.0,109.37743702254713,1800.0,31.236615393884993,1195.6325733267804,,,,False,False,not_attempted,0,0,0,0,11,0,0.0,161.96253803780112,1476.0,False,,,False,4,0
ga,adaptive,30,1800.0,30.0,6,hourly_linear,interpolating,,0,1.0,1.0,0.5,33.972374131235085,8.5,17,2,15,1.6701370879749822,0.8350685439874911,111.0475741105221,60.0,1860.0,11.451422499958426,2.815908999880776,14.267331499839202,2393.6942652997095,0.0,0.0,111.0475741105221,1860.0,30.29844569435197,947.2274704124654,30.310458979050793,30.29844569435197,0.012013284698824123,True,True,lower_residual_energy,1,1,1,1,32,0,0.0,161.82537691408476,1650.0,False,,,True,5,0
ga,adaptive,31,1860.0,31.0,6,hourly_linear,interpolating,,0,1.0,1.0,0.5166666666666667,33.960625974068336,8.516666666666667,15,2,13,1.392247898734698,0.696123949367349,112.4398220092568,60.0,1920.0,0.0,0.0,0.0,2393.6942652997095,0.0,0.0,112.4398220092568,1920.0,28.674518826512337,947.8407154173568,,,,False,False,not_attempted,0,0,0,0,37,0,0.0,161.68593744186035,1650.0,False,,,False,4,0
ga,adaptive,32,1920.0,32.0,6,hourly_linear,interpolating,,0,1.0,1.0,0.5333333333333333,33.94888593947103,8.533333333333333,13,2,11,0.8263233636986071,0.4131616818493036,113.2661453729554,60.0,1980.0,0.0,0.0,0.0,2393.6942652997095,0.0,0.0,113.2661453729554,1980.0,27.462530407079317,904.5137027935516,,,,False,False,not_attempted,0,0,0,0,26,0,0.0,161.592604108527,1650.0,False,,,False,4,0
ga,adaptive,33,1980.0,33.0,6,hourly_linear,interpolating,,0,1.0,1.0,0.55,33.93715401902229,8.55,11,1,10,0.4393617334525993,0.4393617334525993,113.705507106408,60.0,2040.0,0.0,0.0,0.0,2393.6942652997095,0.0,0.0,113.705507106408,2040.0,26.730224138007223,773.021808112404,,,,False,False,not_attempted,0,0,0,0,10,0,0.0,161.4492046611068,1702.0,False,,,False,4,0
ga,adaptive,34,2040.0,34.0,6,hourly_linear,interpolating,,0,1.0,1.0,0.5666666666666667,33.925430204312846,8.566666666666666,10,2,8,0.5515018314249357,0.27575091571246785,114.25700893783294,60.0,2100.0,0.0,0.0,0.0,2393.6942652997095,0.0,0.0,114.25700893783294,2100.0,26.36982065004558,773.5443291562372,,,,False,False,not_attempted,0,0,0,0,11,0,0.0,161.21470419922795,1702.0,False,,,False,4,0
ga,adaptive,35,2100.0,35.0,7,hourly_linear,interpolating,,0,1.0,1.0,0.5833333333333334,33.91371448694506,8.583333333333334,8,1,7,0.5936567499762657,0.5936567499762657,114.8506656878092,60.0,2160.0,12.11537849996239,2.351093400036916,14.466471899999306,2408.160737199709,0.0,0.0,114.8506656878092,2160.0,25.79442543529382,636.9229877979154,25.79442543529382,25.79442543529382,0.0,True,False,incumbent_not_worse,0,0,0,0,5,0,0.0,161.12137086589462,1878.0,False,,,True,2,0
ga,adaptive,36,2160.0,36.0,7,hourly_linear,interpolating,,0,1.0,1.0,0.6,33.902006858532886,8.6,7,3,4,0.3701506377449543,0.12338354591498478,115.22081632555415,60.0,2220.0,0.0,0.0,0.0,2408.160737199709,0.0,0.0,115.22081632555415,2220.0,25.648160121967585,637.4363059724807,,,,False,False,not_attempted,0,0,0,0,14,0,0.0,161.09829847271686,1951.0,False,,,False,2,0
ga,adaptive,37,2220.0,37.0,7,hourly_linear,interpolating,,0,1.0,1.0,0.6166666666666667,33.89030731070185,8.616666666666667,4,0,4,0.18666666666666665,0.18666666666666665,115.40748299222082,60.0,2280.0,0.0,0.0,0.0,2408.160737199709,0.0,0.0,115.40748299222082,2280.0,25.192939636026672,500.0411183759253,,,,False,False,not_attempted,0,0,0,0,0,0,0.0,161.09829847271686,1951.0,False,,,False,1,0
ga,adaptive,38,2280.0,38.0,7,hourly_linear,interpolating,,0,1.0,1.0,0.6333333333333333,33.878615835089036,8.633333333333333,4,2,2,0.23643284312667107,0.11821642156333553,115.64391583534749,60.0,2340.0,0.0,0.0,0.0,2408.160737199709,0.0,0.0,115.64391583534749,2340.0,25.301043001746265,500.53460659975246,,,,False,False,not_attempted,0,0,0,0,7,0,0.0,161.09829847271686,1985.0,False,,,False,1,0
ga,adaptive,39,2340.0,39.0,7,hourly_linear,interpolating,,0,1.0,1.0,0.65,33.86693242334307,8.65,2,0,2,0.32171280176697636,0.32171280176697636,115.96562863711446,60.0,2400.0,0.0,0.0,0.0,2408.160737199709,0.0,0.0,115.96562863711446,2400.0,25.266931298969407,488.5364757070777,,,,False,False,not_attempted,0,0,0,0,13,0,0.0,161.09829847271686,1985.0,False,,,False,1,0
ga,adaptive,40,2400.0,40.0,8,hourly_linear,interpolating,,0,1.0,1.0,0.6666666666666666,33.855257067124086,8.666666666666666,2,0,2,0.09333333333333332,0.09333333333333332,116.0589619704478,60.0,2460.0,12.096864100079983,0.0029595999512821436,12.099823700031266,2420.26056089974,0.0,0.0,116.0589619704478,2460.0,24.924782370602642,387.6435848799356,24.924782370602642,24.924782370602642,0.0,True,False,incumbent_not_worse,0,0,0,0,0,0,0.0,161.09829847271686,1985.0,False,,,True,1,0
ga,adaptive,41,2460.0,41.0,8,hourly_linear,interpolating,,0,1.0,1.0,0.6833333333333333,33.84358975810372,8.683333333333334,2,1,1,0.7298205334545271,0.7298205334545271,116.78878250390233,60.0,2520.0,0.0,0.0,0.0,2420.26056089974,0.0,0.0,116.78878250390233,2520.0,25.035354871449506,388.20143404970895,,,,False,False,not_attempted,0,0,0,0,6,0,0.0,161.09829847271686,1985.0,False,,,False,1,0
ga,adaptive,42,2520.0,42.0,8,hourly_linear,interpolating,,0,1.0,1.0,0.7,33.83193048796509,8.7,1,0,1,0.09333333333333332,0.09333333333333332,116.88211583723566,60.0,2580.0,0.0,0.0,0.0,2420.26056089974,0.0,0.0,116.88211583723566,2580.0,24.286302245205494,388.7592832194823,,,,False,False,not_attempted,0,0,0,0,0,0,0.0,161.09829847271686,1985.0,False,,,False,0,0
ga,adaptive,43,2580.0,43.0,8,hourly_linear,interpolating,,0,1.0,1.0,0.7166666666666667,33.82027924840274,8.716666666666667,1,1,0,24.741620151294786,24.741620151294786,141.62373598853046,448.0074835893181,3028.007483589318,0.0,0.0,0.0,2420.26056089974,0.0,0.0,141.62373598853046,3028.007483589318,24.394594852524474,389.31713238925585,,,,False,False,not_attempted,0,0,0,0,312,0,0.0,158.85056855510476,1985.0,True,,,False,0,0
