method,n_bins,vehicles,assignment_edges,runs,solver_runtime_s,solver_runtime_std_s,oracle_runtime_s,total_runtime_s,total_runtime_std_s,total_energy_kwh,total_energy_std_kwh,energy_per_bin_kwh,energy_per_bin_std_kwh,makespan_s,makespan_std_s
aco,84,10,840,20,33.92327809501148,3.8394439711866277,22.712502564993336,56.63578066000482,5.888559218266606,208.84179359359874,11.729582256755139,2.4862118284952226,0.1396378840089897,4059.075068921496,716.9859800247839
aco,100,12,1200,20,36.97662786000001,6.411465124597573,23.944363855011762,60.920991715011766,9.586364139847912,240.72157315196955,9.066057271614945,2.407215731519696,0.09066057271614927,4151.902115114843,680.1239407499013
aco,120,14,1680,20,35.92202463501017,6.770638628234606,23.069030264994943,58.99105490000511,10.513565903941712,279.4669114107953,8.853069203829486,2.328890928423294,0.07377557669857915,4193.333121892807,814.2438492665973
aco,140,17,2380,20,42.390787429997,1.318058061416599,25.161122599997906,67.5519100299949,1.323856875928316,320.123076835485,10.201739292010155,2.2865934059677495,0.07286956637150112,4336.875487452366,609.5419025250262
aco,160,19,3040,20,52.151953950009194,1.297802158088448,28.985303685005057,81.13725763501425,1.2005357281927023,356.1630810478532,9.926125416709558,2.2260192565490824,0.0620382838544348,4358.659781322575,781.0460693610096
aco,180,21,3780,20,63.926187925002885,2.3740269284280533,33.19331575000251,97.1195036750054,2.435433579250435,391.2557992517501,8.334200606272239,2.1736433291763895,0.04630111447929026,4284.219236521528,661.6938220860624
aco,200,24,4800,20,80.2060954799992,4.230722274315919,37.858415109998894,118.0645105899981,4.421506220454041,430.214922841789,8.69762224884579,2.1510746142089454,0.0434881112442289,4459.166877334485,703.3916068542876
aco,220,26,5720,20,95.08941870999988,2.9785632742675734,42.03400911000499,137.12342782000488,3.443741409372689,466.7715108092476,6.717621827642553,2.12168868549658,0.03053464467110265,4235.121594857372,634.9199473190714
aco,240,29,6960,20,111.44990858499077,3.4845111133182547,46.01291595997755,157.46282454496833,3.3909897690028963,501.4361158185444,7.456499382826153,2.089317149243935,0.03106874742844232,4350.7660544035,636.8891467379699
aco,260,31,8060,20,132.95097673001584,6.656595359382027,50.327474650007204,183.27845138002303,6.804036455047285,537.2564541814834,8.03968995910343,2.06637097762109,0.030921884458089962,4159.960296763799,681.9647083933744
aco,280,33,9240,20,153.28483210501145,10.777696088423147,54.854974774998844,208.1398068800103,10.815191908736251,570.6189617250026,8.555177278045848,2.0379248633035805,0.0305542045644495,4284.925807023147,601.9480348643581
aco,300,36,10800,20,178.28809150001035,12.092761565516597,59.11951049498748,237.40760199499783,12.005042512754253,608.3000146192808,7.335961706615909,2.027666715397603,0.024453205688719774,3927.6916699230087,537.3652613962432
aco,350,42,14700,19,283.1836996526139,18.433529320426842,76.13382427894976,359.31752393156364,20.302917104932614,694.8409360263001,9.841458821813065,1.9852598172180005,0.028118453776608737,4049.02900011912,442.9283071337579
ga,84,10,840,20,31.576009139991946,6.558226278726726,22.712502564993336,54.28851170498528,7.739240167561266,221.52291470501524,10.918172959277637,2.637177556012086,0.1299782495152098,4146.156075731481,590.6913046396854
ga,100,12,1200,20,36.604612830010595,10.060649517713026,23.944363855011762,60.54897668502235,12.913648551776769,259.1907255333739,12.338454018412193,2.591907255333739,0.12338454018412211,4114.675160915958,524.2293002959075
ga,120,14,1680,20,42.30561876000138,10.60701742382352,23.069030264994943,65.37464902499633,14.232711313562543,301.75791897862655,12.082677140177609,2.514649324821888,0.10068897616814672,4170.551625068277,728.742350787509
ga,140,17,2380,20,53.83986960000184,5.066406388027417,25.161122599997906,79.00099219999974,5.155211595157268,344.2896533632476,11.873145681326475,2.459211809737483,0.084808183438046,4264.3861411994885,539.0167971827545
ga,160,19,3040,20,66.39019067499612,5.151009784223011,28.985303685005057,95.37549436000117,5.284844458027035,386.2099194221701,11.011133257711265,2.413811996388563,0.06881958286069553,4205.67856565766,590.2906833281952
ga,180,21,3780,20,88.75506138000056,10.252962805972246,33.19331575000251,121.94837713000307,10.56709934663051,430.3319000970438,9.990288900151528,2.39073277831691,0.055501605000841815,4534.405368803476,653.5813058495546
ga,200,24,4800,20,119.78300674999772,16.59591975278373,37.858415109998894,157.64142185999663,16.800494312407864,470.89049659264595,8.536764869257839,2.3544524829632296,0.042683824346289145,4178.71209856923,464.5984493991542
ga,220,26,5720,20,145.6662323049997,14.375945530713675,42.03400911000499,187.7002414150047,14.76777585003823,513.210114425131,11.489999912780197,2.3327732473869593,0.05222727233081937,4282.330806173636,496.3157471761028
ga,240,29,6960,20,178.73462758998795,9.279663338320674,46.01291595997755,224.74754354996548,9.303968976808504,556.1878396203687,13.648122027069913,2.3174493317515363,0.0568671751127913,4279.2208143112175,676.7745448572539
ga,260,31,8060,20,206.62957684998983,16.254182187058642,50.327474650007204,256.957051499997,16.959544877290305,590.0348232677215,10.916981085423638,2.2693647048758523,0.04198838879009094,4405.4356740556705,355.11033095500886
ga,280,33,9240,20,249.09229022499056,23.844399589052873,54.854974774998844,303.94726499998944,24.111787775911388,628.2340036211834,13.54632537605521,2.2436928700756553,0.048379733485911444,4442.070856178216,692.6016856787609
ga,300,36,10800,20,300.6268263550126,25.123705550582432,59.11951049498748,359.7463368500001,25.748206910396792,673.079967183864,15.933956401304176,2.24359989061288,0.05311318800434738,4356.763053464803,439.1410417416647
ga,350,42,14700,19,494.79057438946086,65.84134145914297,76.13382427894976,570.9243986684106,67.20936897213781,770.5653677041015,12.86625782341951,2.201615336297433,0.0367607366383416,4184.584091245524,526.1925930126481
nn,84,10,840,20,0.34828688498237165,0.03345470947882993,22.712502564993336,23.060789449975708,2.1767775378713203,247.10017599284325,12.27184910747216,2.9416687618195625,0.14609344175562095,3988.933644225238,285.2778199584289
nn,100,12,1200,20,0.5082239600131289,0.08474361755359067,23.944363855011762,24.45258781502489,3.4182159458300565,279.05657800928395,16.018869202464387,2.7905657800928396,0.16018869202464392,3907.563788025428,345.57244840693636
nn,120,14,1680,20,0.6557203100092011,0.11599343901504656,23.069030264994943,23.724750575004144,3.8732676155076815,322.99392418948366,13.795832300001566,2.691616034912364,0.1149652691666796,4001.198406037205,345.8896481853282
nn,140,17,2380,20,1.0087350349960615,0.028393619326424164,25.161122599997906,26.169857634993967,0.35288595077701523,366.4989213625027,16.2495822565924,2.617849438303591,0.11606844468994577,3968.306769766372,244.6512166558825
nn,160,19,3040,20,1.47540904499474,0.025691388176129884,28.985303685005057,30.460712729999795,0.27461172050935206,405.5410486380657,13.017131207526424,2.5346315539879107,0.08135707004704029,3920.8101860835377,297.906798984399
nn,180,21,3780,20,2.1052213700051654,0.12960694727206296,33.19331575000251,35.29853712000768,0.5571205952461207,451.4327868775772,12.979256061583282,2.5079599270976507,0.07210697811990706,4043.7380790356933,326.249554278321
nn,200,24,4800,20,3.06494031001057,0.24301192511697448,37.858415109998894,40.923355420009464,0.7475135127748688,495.3963540607647,9.402238343015492,2.4769817703038237,0.0470111917150775,4108.911474096278,396.6987705303151
nn,220,26,5720,20,3.8859288500010734,0.17385170035832168,42.03400911000499,45.91993796000607,0.9316945304209746,541.1889094269166,14.098746207161005,2.4599495883041667,0.06408521003254992,4104.606172927159,318.11345347716144
nn,240,29,6960,20,5.083082720002858,0.20071617933966654,46.01291595997755,51.095998679980404,0.8075463734979064,579.7026063156092,13.172763514776591,2.415427526315038,0.05488651464490247,4100.533873512444,314.705135256084
nn,260,31,8060,20,6.34152313998784,0.1808829131225971,50.327474650007204,56.668997789995046,1.022879367499694,614.7221787956984,12.386259322607412,2.3643160722911474,0.04763945893310547,4115.8495385290125,243.1947244149115
nn,280,33,9240,20,7.921425964997615,0.3714602052127464,54.854974774998844,62.77640073999646,1.227361589842121,652.9893450583293,15.022418514031932,2.332104803779747,0.05365149469297121,4136.929874812055,273.80794128054185
nn,300,36,10800,20,9.745054405013798,0.3352277510635423,59.11951049498748,68.86456490000128,1.3479182775035794,697.2119205425263,18.134666732961005,2.3240397351417545,0.06044888910986996,4022.472833877359,214.98972469216844
nn,350,42,14700,19,17.194322578952107,1.3422162438037397,76.13382427894976,93.32814685790187,5.90354560594103,793.765820975579,15.080289020870774,2.2679023456445115,0.04308654005963091,4240.123054178384,381.4317897546561
proposed,84,10,840,20,40.957166264997795,22.94350882022776,15.718188064999413,56.675354329997205,23.048159665986848,202.6086307234452,11.952342215643288,2.412007508612443,0.14228978828146754,4164.35945600266,609.6519658097535
proposed,100,12,1200,20,78.20541521999694,51.31470994117551,18.165516440008652,96.3709316600056,51.30667986437081,231.8916174328505,12.259829993803379,2.3189161743285047,0.12259829993803371,3928.852321858148,435.50096181610814
proposed,120,14,1680,20,100.23819027999416,53.906983030432336,21.520689630002018,121.75887990999618,53.87326174519847,269.58831762403827,10.307273423512221,2.2465693135336524,0.08589394519593523,4199.337420208852,543.3560978832086
proposed,140,17,2380,20,142.3936799200019,75.45319653805468,25.161122599997906,167.55480251999978,75.49803243612746,311.36874601447573,14.550701279410134,2.2240624715319695,0.10393358056721513,4092.7379703300708,416.2290406270317
proposed,160,19,3040,20,249.9311041249952,117.99398732073817,28.985303685005057,278.91640781000024,117.9857142416418,345.38752405507705,9.423178646582782,2.1586720253442317,0.05889486654114255,4295.562870182252,378.3773189721315
proposed,180,21,3780,20,309.9805083699932,109.40707545919446,33.19331575000251,343.1738241199957,109.59962805495287,378.7600863318443,9.953773411941373,2.1042227018435797,0.05529874117745216,4393.9251907917105,568.3420604543034
proposed,200,24,4800,20,462.4221600499994,154.43582319184335,37.858415109998894,500.28057515999825,154.8520430416776,420.0987157835454,11.035346925984602,2.1004935789177273,0.05517673462992318,4524.47463361327,484.2118947451396
proposed,220,26,5720,20,517.9875249700068,220.27146358101822,42.03400911000499,560.0215340800117,220.23953561237067,450.26006240164924,11.150945895503424,2.046636647280224,0.05068611770683397,4455.073827336865,606.8666311819952
proposed,240,29,6960,20,583.1702685999975,170.01768119671377,46.01291595997755,629.1831845599751,170.0456877881534,486.59522741216335,10.071502526124696,2.0274801142173478,0.04196459385885285,4403.792674925891,541.76805547522
proposed,260,31,8060,20,732.0465416350053,192.59421876941505,50.327474650007204,782.3740162850124,192.44029709076796,524.3425545278385,9.381012279948065,2.016702132799379,0.0360808164613388,4527.978233062598,501.54446154552795
proposed,280,33,9240,20,970.0174480750051,365.19044287774926,54.854974774998844,1024.8724228500039,365.67148139618894,555.1555412803634,8.89903144255746,1.9826983617155833,0.031782255151990804,4359.750092807297,403.0517152573712
proposed,300,36,10800,20,1213.9950293450152,470.5179315404492,59.11951049498748,1273.1145398400026,470.262391966756,592.2833454807507,13.990458566910716,1.9742778182691687,0.04663486188970236,4322.157880453151,599.2308193848669
proposed,350,42,14700,19,2564.42257486842,1237.6558628631171,76.13382427894976,2640.5563991473696,1239.2524035176273,679.1199810014759,9.944491304785748,1.9403428028613596,0.028412832299387698,4436.886771611588,642.3116868564288
pso,84,10,840,20,20.346597764999025,3.541374432136286,22.712502564993336,43.05910032999236,5.084364169280219,238.07035387288815,10.427792297151102,2.8341708794391445,0.12414038448989392,3899.032995296819,500.40897037593584
pso,100,12,1200,20,25.059717934997753,6.141255264254936,23.944363855011762,49.004081790009515,9.188233012147588,272.4208633394743,14.852773211104296,2.724208633394743,0.14852773211104306,4044.856646847214,504.2165285868586
pso,120,14,1680,20,30.68202081999625,8.674645104715982,23.069030264994943,53.7510510849912,12.318723770454163,315.2998985916227,14.405400393423719,2.627499154930189,0.12004500327853099,4127.239052676878,467.28323999640656
pso,140,17,2380,20,39.56385243499826,1.8497390409456302,25.161122599997906,64.72497503499616,1.9327066668906983,358.57880666993606,15.513828569423818,2.5612771904995433,0.1108130612101697,4107.274742668324,361.5355011405932
pso,160,19,3040,20,53.04188888999924,2.0588328159891924,28.985303685005057,82.0271925750043,2.1425646181898657,400.1596576782187,12.397853431643018,2.5009978604888667,0.07748658394776879,4091.341149788607,530.7969055149449
pso,180,21,3780,20,69.1755024699989,1.9548596994603253,33.19331575000251,102.36881822000142,2.2130889633112334,442.9921749468946,12.09551445129597,2.461067638593859,0.06719730250719984,4252.115739651558,552.5193274128204
pso,200,24,4800,20,91.78065435500176,3.879033706989857,37.858415109998894,129.63906946500066,4.00880799349898,486.2677921250203,8.977980504718456,2.431338960625102,0.04488990252359233,4217.631429467465,650.8003933878027
pso,220,26,5720,20,114.96725991500716,3.7883192150675953,42.03400911000499,157.00126902501216,4.285503549433906,531.5878301400206,13.783701966300194,2.4163083188182757,0.06265319075591008,4103.349166028148,469.45583733650034
pso,240,29,6960,20,142.4901861249964,3.676504251865185,46.01291595997755,188.50310208497393,4.097564419094053,570.3057315181272,14.94632591335662,2.37627388132553,0.06227635797231937,4068.5281295229493,309.11607167750134
pso,260,31,8060,20,173.12907946500928,5.969910404402384,50.327474650007204,223.45655411501647,6.404282858663662,607.0451081144713,12.24401477305128,2.3347888773633505,0.04709236451173573,4172.804502362439,286.0133545651754
pso,280,33,9240,20,205.37108057500444,7.636313799311736,54.854974774998844,260.2260553500033,7.859620516181264,644.2908459675713,15.209877730609499,2.3010387355984685,0.05432099189503389,4178.0105122823325,457.0122032906326
pso,300,36,10800,20,246.5749080249865,10.305721435816928,59.11951049498748,305.69441851997396,10.571073629217494,687.8128233241074,17.243996943608288,2.292709411080358,0.05747998981202757,4032.083850476839,331.0389633530023
pso,350,42,14700,19,391.2791748421181,27.65953680318006,76.13382427894976,467.41299912106786,30.333060064630057,785.1722449908887,15.143327127250313,2.243349271402539,0.04326664893500094,4213.325095758047,387.73680810897736
