epoch,elapsed_s,elapsed_min,traffic_state,traffic_change,center_bins,peak_tt_multiplier,speed_multiplier,recovery_progress,disruption_region_edges,disruption_region_length_km,disruption_region_speed_kmh,affected_edges,affected_length_km,network_speed_kmh_at_start_hour,speed_change_from_previous_pct
0,0.0,0.0,hourly_linear,interpolating,,1.0,1.0,0.0,39882,1607.20999,37.52283759547087,0,0.0,37.52283759547087,0.0
1,60.0,1.0,hourly_linear,interpolating,,1.0,1.0,0.016666666666666666,39882,1607.20999,37.49740908314754,0,0.0,37.49740908314754,-0.06776809525300687
2,120.0,2.0,hourly_linear,interpolating,,1.0,1.0,0.03333333333333333,39882,1607.20999,37.47201501232077,0,0.0,37.47201501232077,-0.06772220120718764
3,180.0,3.0,hourly_linear,interpolating,,1.0,1.0,0.05,39882,1607.20999,37.44665531306429,0,0.0,37.44665531306429,-0.06767636928021181
4,240.0,4.0,hourly_linear,interpolating,,1.0,1.0,0.06666666666666667,39882,1607.20999,37.421329915641,0,0.0,37.421329915641,-0.06763059934608018
5,300.0,5.0,hourly_linear,interpolating,,1.0,1.0,0.08333333333333333,39882,1607.20999,37.396038750502356,0,0.0,37.396038750502356,-0.06758489127901557
6,360.0,6.0,hourly_linear,interpolating,,1.0,1.0,0.1,39882,1607.20999,37.37078174828766,0,0.0,37.37078174828766,-0.06753924495372932
7,420.0,7.0,hourly_linear,interpolating,,1.0,1.0,0.11666666666666667,39882,1607.20999,37.34555883982348,0,0.0,37.34555883982348,-0.06749366024524361
8,480.0,8.0,hourly_linear,interpolating,,1.0,1.0,0.13333333333333333,39882,1607.20999,37.32036995612303,0,0.0,37.32036995612303,-0.0674481370287916
9,540.0,9.0,hourly_linear,interpolating,,1.0,1.0,0.15,39882,1607.20999,37.29521502838551,0,0.0,37.29521502838551,-0.0674026751800505
10,600.0,10.0,hourly_linear,interpolating,,1.0,1.0,0.16666666666666666,39882,1607.20999,37.27009398799548,0,0.0,37.27009398799548,-0.06735727457507501
11,660.0,11.0,hourly_linear,interpolating,,1.0,1.0,0.18333333333333332,39882,1607.20999,37.24500676652225,0,0.0,37.24500676652225,-0.06731193509013078
12,720.0,12.0,hourly_linear,interpolating,,1.0,1.0,0.2,39882,1607.20999,37.21995329571925,0,0.0,37.21995329571925,-0.06726665660192754
13,780.0,13.0,hourly_linear,interpolating,,1.0,1.0,0.21666666666666667,39882,1607.20999,37.194933507523444,0,0.0,37.194933507523444,-0.06722143898736377
14,840.0,14.0,hourly_linear,interpolating,,1.0,1.0,0.23333333333333334,39882,1607.20999,37.16994733405465,0,0.0,37.16994733405465,-0.06717628212385973
15,900.0,15.0,hourly_linear,interpolating,,1.0,1.0,0.25,39882,1607.20999,37.14499470761496,0,0.0,37.14499470761496,-0.06713118588904665
16,960.0,16.0,hourly_linear,interpolating,,1.0,1.0,0.26666666666666666,39882,1607.20999,37.120075560688164,0,0.0,37.120075560688164,-0.06708615016086661
17,1020.0,17.0,hourly_linear,interpolating,,1.0,1.0,0.2833333333333333,39882,1607.20999,37.09518982593907,0,0.0,37.09518982593907,-0.06704117481767247
18,1080.0,18.0,hourly_linear,interpolating,,1.0,1.0,0.3,39882,1607.20999,37.07033743621296,0,0.0,37.07033743621296,-0.06699625973806134
19,1140.0,19.0,hourly_linear,interpolating,,1.0,1.0,0.31666666666666665,39882,1607.20999,37.04551832453494,0,0.0,37.04551832453494,-0.06695140480100781
20,1200.0,20.0,hourly_linear,interpolating,,1.0,1.0,0.3333333333333333,39882,1607.20999,37.02073242410938,0,0.0,37.02073242410938,-0.06690660988576402
21,1260.0,21.0,hourly_linear,interpolating,,1.0,1.0,0.35,39882,1607.20999,36.99597966831928,0,0.0,36.99597966831928,-0.06686187487199291
22,1320.0,22.0,hourly_linear,interpolating,,1.0,1.0,0.36666666666666664,39882,1607.20999,36.971259990725684,0,0.0,36.971259990725684,-0.06681719963956834
23,1380.0,23.0,hourly_linear,interpolating,,1.0,1.0,0.38333333333333336,39882,1607.20999,36.946573325067085,0,0.0,36.946573325067085,-0.06677258406879716
24,1440.0,24.0,hourly_linear,interpolating,,1.0,1.0,0.4,39882,1607.20999,36.921919605258864,0,0.0,36.921919605258864,-0.06672802804014166
25,1500.0,25.0,hourly_linear,interpolating,,1.0,1.0,0.4166666666666667,39882,1607.20999,36.89729876539264,0,0.0,36.89729876539264,-0.06668353143458594
26,1560.0,26.0,hourly_linear,interpolating,,1.0,1.0,0.43333333333333335,39882,1607.20999,36.872710739735716,0,0.0,36.872710739735716,-0.06663909413332503
27,1620.0,27.0,hourly_linear,interpolating,,1.0,1.0,0.45,39882,1607.20999,36.84815546273052,0,0.0,36.84815546273052,-0.06659471601782041
28,1680.0,28.0,hourly_linear,interpolating,,1.0,1.0,0.4666666666666667,39882,1607.20999,36.82363286899397,0,0.0,36.82363286899397,-0.06655039696994436
29,1740.0,29.0,hourly_linear,interpolating,,1.0,1.0,0.48333333333333334,39882,1607.20999,36.799142893316926,0,0.0,36.799142893316926,-0.0665061368718578
30,1800.0,30.0,hourly_linear,interpolating,,1.0,1.0,0.5,39882,1607.20999,36.774685470663606,0,0.0,36.774685470663606,-0.06646193560601033
31,1860.0,31.0,hourly_linear,interpolating,,1.0,1.0,0.5166666666666667,39882,1607.20999,36.75026053617103,0,0.0,36.75026053617103,-0.06641779305512907
32,1920.0,32.0,hourly_linear,interpolating,,1.0,1.0,0.5333333333333333,39882,1607.20999,36.72586802514838,0,0.0,36.72586802514838,-0.06637370910238527
33,1980.0,33.0,hourly_linear,interpolating,,1.0,1.0,0.55,39882,1607.20999,36.701507873076515,0,0.0,36.701507873076515,-0.06632968363111669
34,2040.0,34.0,hourly_linear,interpolating,,1.0,1.0,0.5666666666666667,39882,1607.20999,36.67718001560735,0,0.0,36.67718001560735,-0.06628571652504966
35,2100.0,35.0,hourly_linear,interpolating,,1.0,1.0,0.5833333333333334,39882,1607.20999,36.65288438856328,0,0.0,36.65288438856328,-0.06624180766823251
36,2160.0,36.0,hourly_linear,interpolating,,1.0,1.0,0.6,39882,1607.20999,36.62862092793668,0,0.0,36.62862092793668,-0.06619795694488007
37,2220.0,37.0,hourly_linear,interpolating,,1.0,1.0,0.6166666666666667,39882,1607.20999,36.60438956988927,0,0.0,36.60438956988927,-0.06615416423971787
38,2280.0,38.0,hourly_linear,interpolating,,1.0,1.0,0.6333333333333333,39882,1607.20999,36.580190250751585,0,0.0,36.580190250751585,-0.06611042943766021
39,2340.0,39.0,hourly_linear,interpolating,,1.0,1.0,0.65,39882,1607.20999,36.556022907022424,0,0.0,36.556022907022424,-0.06606675242391002
40,2400.0,40.0,hourly_linear,interpolating,,1.0,1.0,0.6666666666666666,39882,1607.20999,36.531887475368286,0,0.0,36.531887475368286,-0.06602313308404772
41,2460.0,41.0,hourly_linear,interpolating,,1.0,1.0,0.6833333333333333,39882,1607.20999,36.507783892622825,0,0.0,36.507783892622825,-0.06597957130387577
42,2520.0,42.0,hourly_linear,interpolating,,1.0,1.0,0.7,39882,1607.20999,36.483712095786295,0,0.0,36.483712095786295,-0.0659360669695297
43,2580.0,43.0,hourly_linear,interpolating,,1.0,1.0,0.7166666666666667,39882,1607.20999,36.459672022024975,0,0.0,36.459672022024975,-0.06589261996752249
44,2640.0,44.0,hourly_linear,interpolating,,1.0,1.0,0.7333333333333333,39882,1607.20999,36.43566360867067,0,0.0,36.43566360867067,-0.0658492301845115
45,2700.0,45.0,hourly_linear,interpolating,,1.0,1.0,0.75,39882,1607.20999,36.411686793220134,0,0.0,36.411686793220134,-0.06580589750760923
46,2760.0,46.0,hourly_linear,interpolating,,1.0,1.0,0.7666666666666667,39882,1607.20999,36.38774151333454,0,0.0,36.38774151333454,-0.06576262182408366
47,2820.0,47.0,hourly_linear,interpolating,,1.0,1.0,0.7833333333333333,39882,1607.20999,36.36382770683893,0,0.0,36.36382770683893,-0.0657194030216024
48,2880.0,48.0,hourly_linear,interpolating,,1.0,1.0,0.8,39882,1607.20999,36.3399453117217,0,0.0,36.3399453117217,-0.06567624098807734
49,2940.0,49.0,hourly_linear,interpolating,,1.0,1.0,0.8166666666666667,39882,1607.20999,36.31609426613401,0,0.0,36.31609426613401,-0.06563313561178674
50,3000.0,50.0,hourly_linear,interpolating,,1.0,1.0,0.8333333333333334,39882,1607.20999,36.29227450838931,0,0.0,36.29227450838931,-0.0655900867811865
51,3060.0,51.0,hourly_linear,interpolating,,1.0,1.0,0.85,39882,1607.20999,36.2684859769628,0,0.0,36.2684859769628,-0.06554709438509887
52,3120.0,52.0,hourly_linear,interpolating,,1.0,1.0,0.8666666666666667,39882,1607.20999,36.24472861049086,0,0.0,36.24472861049086,-0.06550415831262368
53,3180.0,53.0,hourly_linear,interpolating,,1.0,1.0,0.8833333333333333,39882,1607.20999,36.22097972300125,0,0.0,36.22097972300125,-0.06552370068715341
54,3240.0,54.0,hourly_linear,interpolating,,1.0,1.0,0.9,39882,1607.20999,36.197197191055395,0,0.0,36.197197191055395,-0.06565954904513838
55,3300.0,55.0,hourly_linear,interpolating,,1.0,1.0,0.9166666666666666,39882,1607.20999,36.173445869623315,0,0.0,36.173445869623315,-0.06561646556973999
56,3360.0,56.0,hourly_linear,interpolating,,1.0,1.0,0.9333333333333333,39882,1607.20999,36.14972569730759,0,0.0,36.14972569730759,-0.0655734385969775
57,3420.0,57.0,hourly_linear,interpolating,,1.0,1.0,0.95,39882,1607.20999,36.12603661287172,0,0.0,36.12603661287172,-0.06553046801577311
58,3480.0,58.0,hourly_linear,interpolating,,1.0,1.0,0.9666666666666667,39882,1607.20999,36.102378555239646,0,0.0,36.102378555239646,-0.06548755371533765
59,3540.0,59.0,hourly_linear,interpolating,,1.0,1.0,0.9833333333333333,39882,1607.20999,36.078751463495166,0,0.0,36.078751463495166,-0.06544469558515953
60,3600.0,60.0,hourly_linear,interpolating,,1.0,1.0,0.0,39882,1607.20999,36.05515527688146,0,0.0,36.05515527688146,-0.065401893515038
61,3660.0,61.0,hourly_linear,interpolating,,1.0,1.0,0.016666666666666666,39882,1607.20999,36.057870760286,0,0.0,36.057870760286,0.00753147055863046
62,3720.0,62.0,hourly_linear,interpolating,,1.0,1.0,0.03333333333333333,39882,1607.20999,36.060586652753024,0,0.0,36.060586652753024,0.0075320378318366465
63,3780.0,63.0,hourly_linear,interpolating,,1.0,1.0,0.05,39882,1607.20999,36.063302954374954,0,0.0,36.063302954374954,0.007532605190507802
64,3840.0,64.0,hourly_linear,interpolating,,1.0,1.0,0.06666666666666667,39882,1607.20999,36.06601966524427,0,0.0,36.06601966524427,0.00753317263466613
65,3900.0,65.0,hourly_linear,interpolating,,1.0,1.0,0.08333333333333333,39882,1607.20999,36.06873678545346,0,0.0,36.06873678545346,0.007533740164311631
66,3960.0,66.0,hourly_linear,interpolating,,1.0,1.0,0.1,39882,1607.20999,36.07145431509505,0,0.0,36.07145431509505,0.007534307779488714
67,4020.0,67.0,hourly_linear,interpolating,,1.0,1.0,0.11666666666666667,39882,1607.20999,36.07417225426159,0,0.0,36.07417225426159,0.007534875480197378
68,4080.0,68.0,hourly_linear,interpolating,,1.0,1.0,0.13333333333333333,39882,1607.20999,36.076890603045655,0,0.0,36.076890603045655,0.007535443266459829
69,4140.0,69.0,hourly_linear,interpolating,,1.0,1.0,0.15,39882,1607.20999,36.07960936153986,0,0.0,36.07960936153986,0.007536011138320475
70,4200.0,70.0,hourly_linear,interpolating,,1.0,1.0,0.16666666666666666,39882,1607.20999,36.08232852983683,0,0.0,36.08232852983683,0.007536579095757112
71,4260.0,71.0,hourly_linear,interpolating,,1.0,1.0,0.18333333333333332,39882,1607.20999,36.08504810802923,0,0.0,36.08504810802923,0.007537147138791944
72,4320.0,72.0,hourly_linear,interpolating,,1.0,1.0,0.2,39882,1607.20999,36.08776809620975,0,0.0,36.08776809620975,0.007537715267491585
73,4380.0,73.0,hourly_linear,interpolating,,1.0,1.0,0.21666666666666667,39882,1607.20999,36.09048849447111,0,0.0,36.09048849447111,0.00753828348183383
74,4440.0,74.0,hourly_linear,interpolating,,1.0,1.0,0.23333333333333334,39882,1607.20999,36.09320930290606,0,0.0,36.09320930290606,0.007538851781863087
75,4500.0,75.0,hourly_linear,interpolating,,1.0,1.0,0.25,39882,1607.20999,36.095930521607364,0,0.0,36.095930521607364,0.007539420167557154
76,4560.0,76.0,hourly_linear,interpolating,,1.0,1.0,0.26666666666666666,39882,1607.20999,36.09865215066783,0,0.0,36.09865215066783,0.007539988638982642
77,4620.0,77.0,hourly_linear,interpolating,,1.0,1.0,0.2833333333333333,39882,1607.20999,36.101374190180294,0,0.0,36.101374190180294,0.007540557196161757
78,4680.0,78.0,hourly_linear,interpolating,,1.0,1.0,0.3,39882,1607.20999,36.10409664023761,0,0.0,36.10409664023761,0.0075411258390722935
79,4740.0,79.0,hourly_linear,interpolating,,1.0,1.0,0.31666666666666665,39882,1607.20999,36.10681950093265,0,0.0,36.10681950093265,0.007541694567736457
80,4800.0,80.0,hourly_linear,interpolating,,1.0,1.0,0.3333333333333333,39882,1607.20999,36.109542772358346,0,0.0,36.109542772358346,0.007542263382198655
81,4860.0,81.0,hourly_linear,interpolating,,1.0,1.0,0.35,39882,1607.20999,36.112266454607635,0,0.0,36.112266454607635,0.007542832282481093
82,4920.0,82.0,hourly_linear,interpolating,,1.0,1.0,0.36666666666666664,39882,1607.20999,36.11499054777349,0,0.0,36.11499054777349,0.0075434012685837715
83,4980.0,83.0,hourly_linear,interpolating,,1.0,1.0,0.38333333333333336,39882,1607.20999,36.1177150519489,0,0.0,36.1177150519489,0.007543970340528894
84,5040.0,84.0,hourly_linear,interpolating,,1.0,1.0,0.4,39882,1607.20999,36.1204399672269,0,0.0,36.1204399672269,0.007544539498360869
85,5100.0,85.0,hourly_linear,interpolating,,1.0,1.0,0.4166666666666667,39882,1607.20999,36.123165293700545,0,0.0,36.123165293700545,0.007545108742079698
86,5160.0,86.0,hourly_linear,interpolating,,1.0,1.0,0.43333333333333335,39882,1607.20999,36.12589103146291,0,0.0,36.12589103146291,0.00754567807168538
87,5220.0,87.0,hourly_linear,interpolating,,1.0,1.0,0.45,39882,1607.20999,36.128617180607115,0,0.0,36.128617180607115,0.007546247487222324
88,5280.0,88.0,hourly_linear,interpolating,,1.0,1.0,0.4666666666666667,39882,1607.20999,36.13134374122629,0,0.0,36.13134374122629,0.0075468169887127345
89,5340.0,89.0,hourly_linear,interpolating,,1.0,1.0,0.48333333333333334,39882,1607.20999,36.1340707134136,0,0.0,36.1340707134136,0.007547386576156612
90,5400.0,90.0,hourly_linear,interpolating,,1.0,1.0,0.5,39882,1607.20999,36.13679809726225,0,0.0,36.13679809726225,0.007547956249598364
91,5460.0,91.0,hourly_linear,interpolating,,1.0,1.0,0.5166666666666667,39882,1607.20999,36.13952589286546,0,0.0,36.13952589286546,0.007548526009037992
92,5520.0,92.0,hourly_linear,interpolating,,1.0,1.0,0.5333333333333333,39882,1607.20999,36.14225410031648,0,0.0,36.14225410031648,0.007549095854519905
93,5580.0,93.0,hourly_linear,interpolating,,1.0,1.0,0.55,39882,1607.20999,36.14498271970859,0,0.0,36.14498271970859,0.007549665786021897
94,5640.0,94.0,hourly_linear,interpolating,,1.0,1.0,0.5666666666666667,39882,1607.20999,36.14771175113509,0,0.0,36.14771175113509,0.007550235803588379
95,5700.0,95.0,hourly_linear,interpolating,,1.0,1.0,0.5833333333333334,39882,1607.20999,36.15044119468933,0,0.0,36.15044119468933,0.007550805907241553
96,5760.0,96.0,hourly_linear,interpolating,,1.0,1.0,0.6,39882,1607.20999,36.15317105046466,0,0.0,36.15317105046466,0.007551376096981421
97,5820.0,97.0,hourly_linear,interpolating,,1.0,1.0,0.6166666666666667,39882,1607.20999,36.15590131855448,0,0.0,36.15590131855448,0.007551946372852392
98,5880.0,98.0,hourly_linear,interpolating,,1.0,1.0,0.6333333333333333,39882,1607.20999,36.158631999052204,0,0.0,36.158631999052204,0.007552516734876669
99,5940.0,99.0,hourly_linear,interpolating,,1.0,1.0,0.65,39882,1607.20999,36.161363092051296,0,0.0,36.161363092051296,0.007553087183054252
100,6000.0,100.0,hourly_linear,interpolating,,1.0,1.0,0.6666666666666666,39882,1607.20999,36.16409459764522,0,0.0,36.16409459764522,0.007553657717407347
101,6060.0,101.0,hourly_linear,interpolating,,1.0,1.0,0.6833333333333333,39882,1607.20999,36.166826515927475,0,0.0,36.166826515927475,0.007554228337958158
102,6120.0,102.0,hourly_linear,interpolating,,1.0,1.0,0.7,39882,1607.20999,36.169558846991606,0,0.0,36.169558846991606,0.007554799044728888
103,6180.0,103.0,hourly_linear,interpolating,,1.0,1.0,0.7166666666666667,39882,1607.20999,36.172291590931174,0,0.0,36.172291590931174,0.007555369837741743
104,6240.0,104.0,hourly_linear,interpolating,,1.0,1.0,0.7333333333333333,39882,1607.20999,36.175024747839764,0,0.0,36.175024747839764,0.007555940716996723
105,6300.0,105.0,hourly_linear,interpolating,,1.0,1.0,0.75,39882,1607.20999,36.177758317811,0,0.0,36.177758317811,0.007556511682538236
106,6360.0,106.0,hourly_linear,interpolating,,1.0,1.0,0.7666666666666667,39882,1607.20999,36.180492300938525,0,0.0,36.180492300938525,0.007557082734388487
107,6420.0,107.0,hourly_linear,interpolating,,1.0,1.0,0.7833333333333333,39882,1607.20999,36.18322669731601,0,0.0,36.18322669731601,0.007557653872525272
108,6480.0,108.0,hourly_linear,interpolating,,1.0,1.0,0.8,39882,1607.20999,36.18596150703716,0,0.0,36.18596150703716,0.007558225097037408
109,6540.0,109.0,hourly_linear,interpolating,,1.0,1.0,0.8166666666666667,39882,1607.20999,36.18869673019571,0,0.0,36.18869673019571,0.0075587964078582814
110,6600.0,110.0,hourly_linear,interpolating,,1.0,1.0,0.8333333333333334,39882,1607.20999,36.191432366885415,0,0.0,36.191432366885415,0.0075593678050989155
111,6660.0,111.0,hourly_linear,interpolating,,1.0,1.0,0.85,39882,1607.20999,36.19416841720007,0,0.0,36.19416841720007,0.007559939288714901
112,6720.0,112.0,hourly_linear,interpolating,,1.0,1.0,0.8666666666666667,39882,1607.20999,36.196904881233486,0,0.0,36.196904881233486,0.0075605108587506464
113,6780.0,113.0,hourly_linear,interpolating,,1.0,1.0,0.8833333333333333,39882,1607.20999,36.19964175907951,0,0.0,36.19964175907951,0.007561082515228357
114,6840.0,114.0,hourly_linear,interpolating,,1.0,1.0,0.9,39882,1607.20999,36.202379050832015,0,0.0,36.202379050832015,0.007561654258125827
115,6900.0,115.0,hourly_linear,interpolating,,1.0,1.0,0.9166666666666666,39882,1607.20999,36.2051167565849,0,0.0,36.2051167565849,0.007562226087531876
116,6960.0,116.0,hourly_linear,interpolating,,1.0,1.0,0.9333333333333333,39882,1607.20999,36.207854876432094,0,0.0,36.207854876432094,0.007562798003402094
117,7020.0,117.0,hourly_linear,interpolating,,1.0,1.0,0.95,39882,1607.20999,36.21059341046756,0,0.0,36.21059341046756,0.007563370005803094
118,7080.0,118.0,hourly_linear,interpolating,,1.0,1.0,0.9666666666666667,39882,1607.20999,36.21333235878529,0,0.0,36.21333235878529,0.007563942094734877
119,7140.0,119.0,hourly_linear,interpolating,,1.0,1.0,0.9833333333333333,39882,1607.20999,36.21607172147928,0,0.0,36.21607172147928,0.007564514270197442
120,7200.0,120.0,hourly_linear,interpolating,,1.0,1.0,0.0,39882,1607.20999,36.218811498643596,0,0.0,36.218811498643596,0.0075650865322574035
121,7260.0,121.0,hourly_linear,interpolating,,1.0,1.0,0.016666666666666666,39882,1607.20999,36.2634062867128,0,0.0,36.2634062867128,0.12312603927071564
122,7320.0,122.0,hourly_linear,interpolating,,1.0,1.0,0.03333333333333333,39882,1607.20999,36.30811102575281,0,0.0,36.30811102575281,0.12327782637557849
123,7380.0,123.0,hourly_linear,interpolating,,1.0,1.0,0.05,39882,1607.20999,36.35292612290105,0,0.0,36.35292612290105,0.12342998818213324
124,7440.0,124.0,hourly_linear,interpolating,,1.0,1.0,0.06666666666666667,39882,1607.20999,36.39785198730753,0,0.0,36.39785198730753,0.12358252607944653
125,7500.0,125.0,hourly_linear,interpolating,,1.0,1.0,0.08333333333333333,39882,1607.20999,36.44288903014733,0,0.0,36.44288903014733,0.12373544146369042
126,7560.0,126.0,hourly_linear,interpolating,,1.0,1.0,0.1,39882,1607.20999,36.48803766463309,0,0.0,36.48803766463309,0.12388873573776493
127,7620.0,127.0,hourly_linear,interpolating,,1.0,1.0,0.11666666666666667,39882,1607.20999,36.53329830602773,0,0.0,36.53329830602773,0.12404241031167551
128,7680.0,128.0,hourly_linear,interpolating,,1.0,1.0,0.13333333333333333,39882,1607.20999,36.57867137165713,0,0.0,36.57867137165713,0.1241964666023998
129,7740.0,129.0,hourly_linear,interpolating,,1.0,1.0,0.15,39882,1607.20999,36.62415728092293,0,0.0,36.62415728092293,0.12435090603384324
130,7800.0,130.0,hourly_linear,interpolating,,1.0,1.0,0.16666666666666666,39882,1607.20999,36.66975645531553,0,0.0,36.66975645531553,0.12450573003723875
131,7860.0,131.0,hourly_linear,interpolating,,1.0,1.0,0.18333333333333332,39882,1607.20999,36.715469318427026,0,0.0,36.715469318427026,0.1246609400507026
132,7920.0,132.0,hourly_linear,interpolating,,1.0,1.0,0.2,39882,1607.20999,36.76129629596439,0,0.0,36.76129629596439,0.12481653751970079
133,7980.0,133.0,hourly_linear,interpolating,,1.0,1.0,0.21666666666666667,39882,1607.20999,36.80723781576268,0,0.0,36.80723781576268,0.12497252389691571
134,8040.0,134.0,hourly_linear,interpolating,,1.0,1.0,0.23333333333333334,39882,1607.20999,36.85328675066426,0,0.0,36.85328675066426,0.12510836899002342
135,8100.0,135.0,hourly_linear,interpolating,,1.0,1.0,0.25,39882,1607.20999,36.899445090038576,0,0.0,36.899445090038576,0.12524890842602332
136,8160.0,136.0,hourly_linear,interpolating,,1.0,1.0,0.26666666666666666,39882,1607.20999,36.945718133254644,0,0.0,36.945718133254644,0.12540308696555869
137,8220.0,137.0,hourly_linear,interpolating,,1.0,1.0,0.2833333333333333,39882,1607.20999,36.9921062746126,0,0.0,36.9921062746126,0.1255575576867951
138,8280.0,138.0,hourly_linear,interpolating,,1.0,1.0,0.3,39882,1607.20999,37.038611050048154,0,0.0,37.038611050048154,0.1257154028762697
139,8340.0,139.0,hourly_linear,interpolating,,1.0,1.0,0.31666666666666665,39882,1607.20999,37.08523289999597,0,0.0,37.08523289999597,0.12587364543670265
140,8400.0,140.0,hourly_linear,interpolating,,1.0,1.0,0.3333333333333333,39882,1607.20999,37.131972267111145,0,0.0,37.131972267111145,0.1260322868706476
141,8460.0,141.0,hourly_linear,interpolating,,1.0,1.0,0.35,39882,1607.20999,37.17882959628308,0,0.0,37.17882959628308,0.12619132868803007
142,8520.0,142.0,hourly_linear,interpolating,,1.0,1.0,0.36666666666666664,39882,1607.20999,37.22580346012201,0,0.0,37.22580346012201,0.12634573048426745
143,8580.0,143.0,hourly_linear,interpolating,,1.0,1.0,0.38333333333333336,39882,1607.20999,37.272893574700404,0,0.0,37.272893574700404,0.12649858485618282
144,8640.0,144.0,hourly_linear,interpolating,,1.0,1.0,0.4,39882,1607.20999,37.32010297683298,0,0.0,37.32010297683298,0.12665880645397198
145,8700.0,145.0,hourly_linear,interpolating,,1.0,1.0,0.4166666666666667,39882,1607.20999,37.36743212035912,0,0.0,37.36743212035912,0.12681943443597632
146,8760.0,146.0,hourly_linear,interpolating,,1.0,1.0,0.43333333333333335,39882,1607.20999,37.414881461423384,0,0.0,37.414881461423384,0.126980470350313
147,8820.0,147.0,hourly_linear,interpolating,,1.0,1.0,0.45,39882,1607.20999,37.46245145849013,0,0.0,37.46245145849013,0.12714191575293743
148,8880.0,148.0,hourly_linear,interpolating,,1.0,1.0,0.4666666666666667,39882,1607.20999,37.51014257235829,0,0.0,37.51014257235829,0.12730377220777633
149,8940.0,149.0,hourly_linear,interpolating,,1.0,1.0,0.48333333333333334,39882,1607.20999,37.557955266176236,0,0.0,37.557955266176236,0.12746604128659467
150,9000.0,150.0,hourly_linear,interpolating,,1.0,1.0,0.5,39882,1607.20999,37.60589000545678,0,0.0,37.60589000545678,0.1276287245693286
151,9060.0,151.0,hourly_linear,interpolating,,1.0,1.0,0.5166666666666667,39882,1607.20999,37.65394725809231,0,0.0,37.65394725809231,0.12779182364399677
152,9120.0,152.0,hourly_linear,interpolating,,1.0,1.0,0.5333333333333333,39882,1607.20999,37.70212749436993,0,0.0,37.70212749436993,0.12795534010652254
153,9180.0,153.0,hourly_linear,interpolating,,1.0,1.0,0.55,39882,1607.20999,37.75043118698693,0,0.0,37.75043118698693,0.12811927556133362
154,9240.0,154.0,hourly_linear,interpolating,,1.0,1.0,0.5666666666666667,39882,1607.20999,37.79885881106612,0,0.0,37.79885881106612,0.12828363162082912
155,9300.0,155.0,hourly_linear,interpolating,,1.0,1.0,0.5833333333333334,39882,1607.20999,37.84741084417148,0,0.0,37.84741084417148,0.12844840990582362
156,9360.0,156.0,hourly_linear,interpolating,,1.0,1.0,0.6,39882,1607.20999,37.89608776632384,0,0.0,37.89608776632384,0.128613612045414
157,9420.0,157.0,hourly_linear,interpolating,,1.0,1.0,0.6166666666666667,39882,1607.20999,37.94489006001668,0,0.0,37.94489006001668,0.12877923967711258
158,9480.0,158.0,hourly_linear,interpolating,,1.0,1.0,0.6333333333333333,39882,1607.20999,37.99381821023212,0,0.0,37.99381821023212,0.12894529444689162
159,9540.0,159.0,hourly_linear,interpolating,,1.0,1.0,0.65,39882,1607.20999,38.042872704456954,0,0.0,38.042872704456954,0.1291117780092499
160,9600.0,160.0,hourly_linear,interpolating,,1.0,1.0,0.6666666666666666,39882,1607.20999,38.092054032698805,0,0.0,38.092054032698805,0.12927869202707942
161,9660.0,161.0,hourly_linear,interpolating,,1.0,1.0,0.6833333333333333,39882,1607.20999,38.141362687502514,0,0.0,38.141362687502514,0.12944603817210965
162,9720.0,162.0,hourly_linear,interpolating,,1.0,1.0,0.7,39882,1607.20999,38.190799163966545,0,0.0,38.190799163966545,0.1296138181246187
163,9780.0,163.0,hourly_linear,interpolating,,1.0,1.0,0.7166666666666667,39882,1607.20999,38.240363959759534,0,0.0,38.240363959759534,0.12978203357356666
164,9840.0,164.0,hourly_linear,interpolating,,1.0,1.0,0.7333333333333333,39882,1607.20999,38.290057147081306,0,0.0,38.290057147081306,0.1299495668348305
165,9900.0,165.0,hourly_linear,interpolating,,1.0,1.0,0.75,39882,1607.20999,38.33987952332165,0,0.0,38.33987952332165,0.1301183125660188
166,9960.0,166.0,hourly_linear,interpolating,,1.0,1.0,0.7666666666666667,39882,1607.20999,38.38983172455857,0,0.0,38.38983172455857,0.1302878409060515
167,10020.0,167.0,hourly_linear,interpolating,,1.0,1.0,0.7833333333333333,39882,1607.20999,38.439914258892614,0,0.0,38.439914258892614,0.13045781157203784
168,10080.0,168.0,hourly_linear,interpolating,,1.0,1.0,0.8,39882,1607.20999,38.49012763707923,0,0.0,38.49012763707923,0.13062822629736903
169,10140.0,169.0,hourly_linear,interpolating,,1.0,1.0,0.8166666666666667,39882,1607.20999,38.54047237254612,0,0.0,38.54047237254612,0.1307990868244957
170,10200.0,170.0,hourly_linear,interpolating,,1.0,1.0,0.8333333333333334,39882,1607.20999,38.59094898141072,0,0.0,38.59094898141072,0.13097039490506113
171,10260.0,171.0,hourly_linear,interpolating,,1.0,1.0,0.85,39882,1607.20999,38.641557982497865,0,0.0,38.641557982497865,0.1311421522998124
172,10320.0,172.0,hourly_linear,interpolating,,1.0,1.0,0.8666666666666667,39882,1607.20999,38.69229989735754,0,0.0,38.69229989735754,0.13131436077877812
173,10380.0,173.0,hourly_linear,interpolating,,1.0,1.0,0.8833333333333333,39882,1607.20999,38.743099098340785,0,0.0,38.743099098340785,0.13129020791733392
174,10440.0,174.0,hourly_linear,interpolating,,1.0,1.0,0.9,39882,1607.20999,38.79400238462965,0,0.0,38.79400238462965,0.13138671782466638
175,10500.0,175.0,hourly_linear,interpolating,,1.0,1.0,0.9166666666666666,39882,1607.20999,38.845039607207255,0,0.0,38.845039607207255,0.13155956962518367
176,10560.0,176.0,hourly_linear,interpolating,,1.0,1.0,0.9333333333333333,39882,1607.20999,38.89621129538797,0,0.0,38.89621129538797,0.13173287683099222
177,10620.0,177.0,hourly_linear,interpolating,,1.0,1.0,0.95,39882,1607.20999,38.947517981278985,0,0.0,38.947517981278985,0.13190664124425044
178,10680.0,178.0,hourly_linear,interpolating,,1.0,1.0,0.9666666666666667,39882,1607.20999,38.99896019979871,0,0.0,38.99896019979871,0.13208086467653146
179,10740.0,179.0,hourly_linear,interpolating,,1.0,1.0,0.9833333333333333,39882,1607.20999,39.05053848869544,0,0.0,39.05053848869544,0.13225554894920055
180,10800.0,180.0,hourly_linear,interpolating,,1.0,1.0,0.0,39882,1607.20999,39.10225338856599,0,0.0,39.10225338856599,0.1324306958930377
