n_bins,vehicles,bins_per_vehicle,assignment_edges
84,10,8.4,840
100,12,8.333333333333334,1200
120,14,8.571428571428571,1680
140,17,8.235294117647058,2380
160,19,8.421052631578947,3040
180,21,8.571428571428571,3780
200,24,8.333333333333334,4800
220,26,8.461538461538462,5720
240,29,8.275862068965518,6960
260,31,8.387096774193548,8060
280,33,8.484848484848484,9240
300,36,8.333333333333334,10800
350,42,8.333333333333334,14700
400,48,8.333333333333334,19200
450,54,8.333333333333334,24300
500,60,8.333333333333334,30000
