method,n_bins,vehicles,assignment_edges,runs,solver_runtime_s,solver_runtime_std_s,oracle_runtime_s,total_runtime_s,total_runtime_std_s,energy_per_bin_kwh,energy_per_bin_std_kwh
aco,84,10,840,10,20.05889001999458,0.5591637249177966,13.207392899997648,33.26628291999223,0.8504139089675018,2.038679116370141,0.03325066842083027
aco,100,12,1200,10,24.61769276999985,0.40411965202657985,16.05827971000981,40.67597248000966,0.4143941393013597,2.0716693816944916,0.03677145445035655
aco,120,14,1680,10,32.99343589000055,0.7512944148605752,19.884737839997978,52.87817372999852,0.714077601890584,2.126053494551557,0.023551153211483683
aco,140,17,2380,10,41.381806439999494,1.0022862908949748,23.716942960000598,65.09874940000009,1.1795766225421442,2.1096054764499783,0.029527429822135024
aco,160,19,3040,10,51.19436358999519,1.8901136572048052,27.199724650004647,78.39408823999983,1.823039887817786,2.0636877454800824,0.026867991007267455
aco,180,21,3780,10,62.26512033000181,2.935294094245937,31.34033968001022,93.60546001001202,3.737401060157882,2.007693733064182,0.023185247069644435
aco,200,24,4800,10,72.82987386000241,2.113466118147774,35.30179208000118,108.13166594000359,3.2754646614256666,2.0007164107643622,0.02625186812763056
aco,220,26,5720,10,89.2164662999974,4.5079216262704085,38.87550990998934,128.09197620998674,4.521917830291805,1.9880411003462009,0.022460363832706783
aco,240,29,6960,10,106.12807344998873,6.02703135356242,42.946217389998495,149.0742908399872,6.06222479155144,2.0184627196234266,0.03272684727515214
aco,260,31,8060,10,123.46793598000076,4.093541251973497,46.8044703099964,170.27240628999715,4.181808577600434,2.0113455460430836,0.02338147598697155
aco,280,33,9240,10,144.93898438999605,7.473567204056217,50.907874719999384,195.84685910999542,7.498713037750972,2.013659003942608,0.029877434220342006
aco,300,36,10800,10,180.99841935999137,45.13813409658065,55.19285685000504,236.19127620999643,45.01849705177481,1.9989454550119823,0.02684055868441366
aco,350,42,14700,10,262.8395194899873,38.82279407758154,71.92723067001062,334.7667501599979,46.862050118378285,1.95542577891636,0.021267537255533
aco,400,48,19200,7,353.3346670285599,35.26208842373944,77.62260361427823,430.9572706428381,35.38184539332989,1.950609484087009,0.013752013151634483
aco,450,54,24300,1,472.1895442000241,,87.31098330000532,559.5005275000294,,1.9611353352528145,
aco,500,60,30000,1,610.180861300003,,98.53377519999049,708.7146364999935,,1.917677509677364,
ga,84,10,840,10,16.172685009997803,1.1238925551990944,13.207392899997648,29.380077909995453,1.1467613930771225,2.196321160987659,0.06255719080756104
ga,100,12,1200,10,23.129060459998435,1.6468024624397617,16.05827971000981,39.18734017000825,1.657385485578443,2.1982800817242008,0.050327023373815415
ga,120,14,1680,10,38.05136531999742,3.463556273175836,19.884737839997978,57.9361031599954,3.395657072805355,2.2853243579783595,0.058241343690488105
ga,140,17,2380,10,51.24710183000134,6.750275148140118,23.716942960000598,74.96404479000194,6.798246592011349,2.283982541081874,0.03475703104991944
ga,160,19,3040,10,63.788090350004495,3.712608135720453,27.199724650004647,90.98781500000914,3.698505990921001,2.261527443002122,0.03867390660413122
ga,180,21,3780,10,85.45048383999384,5.744617022525564,31.34033968001022,116.79082352000405,6.074818828146624,2.1808439423048975,0.0429770323878832
ga,200,24,4800,10,109.89723915001233,9.051206244480996,35.30179208000118,145.1990312300135,9.515021963624873,2.2343747164081305,0.048574943350181476
ga,220,26,5720,10,139.30130512000324,22.675849355833122,38.87550990998934,178.17681502999258,22.528497804072064,2.1871770245032884,0.04554340214611601
ga,240,29,6960,10,165.71153711000517,14.545644462585852,42.946217389998495,208.65775450000365,14.706793963426897,2.1961202976293475,0.03820600649657265
ga,260,31,8060,10,193.1802837900017,19.01305343396221,46.8044703099964,239.9847540999981,18.967213745301944,2.1928552432342325,0.04619511328355871
ga,280,33,9240,10,239.8191621600112,11.321701314923711,50.907874719999384,290.7270368800106,11.344222010754425,2.1949492807325686,0.022469701827086314
ga,300,36,10800,10,294.810963729996,48.07031632642122,55.19285685000504,350.00382058000105,48.17770024763351,2.1938340148471056,0.03089598691810921
ga,350,42,14700,10,416.976769820007,42.85055539570761,71.92723067001062,488.90400049001767,46.87868861444993,2.1418736604152984,0.035442653615354494
ga,400,48,19200,7,572.3947184571298,64.67218104058996,77.62260361427823,650.017322071408,65.13864624109308,2.1743305140193807,0.039810276771769876
ga,450,54,24300,1,790.401541899977,,87.31098330000532,877.7125251999823,,2.203300505155733,
ga,500,60,30000,1,963.1118907999772,,98.53377519999049,1061.6456659999676,,2.131738380254918,
nn,84,10,840,10,0.21761495999817265,0.004296785480446748,13.207392899997648,13.425007859995821,0.365640241606075,2.501224046353673,0.08032586850335029
nn,100,12,1200,10,0.37401629000087266,0.010465299178606611,16.05827971000981,16.432296000010684,0.05363834021960086,2.4939177784621185,0.09955137263833821
nn,120,14,1680,10,0.6101150800066535,0.011692913398601052,19.884737839997978,20.494852920004632,0.25924445041440625,2.560671890573597,0.06914559671572197
nn,140,17,2380,10,0.9835641500045312,0.018661408489314746,23.716942960000598,24.700507110005127,0.5677614206679829,2.440098356355377,0.061877179776537374
nn,160,19,3040,10,1.4489963699976216,0.0496004426648784,27.199724650004647,28.648721020002267,0.07638514384698464,2.3901332994065725,0.04105147509381316
nn,180,21,3780,10,1.961600089998683,0.06995391549303147,31.34033968001022,33.3019397700089,1.0104923541263529,2.312844866810413,0.05461852451184514
nn,200,24,4800,10,2.767423109999072,0.08010901886987357,35.30179208000118,38.06921519000025,1.6315537231487358,2.346301840892904,0.055840129296973094
nn,220,26,5720,10,3.655020950002654,0.07152962553096143,38.87550990998934,42.530530859992,0.6347178695790788,2.3103776412155597,0.03702523562676299
nn,240,29,6960,10,4.782870429994364,0.09761769674722753,42.946217389998495,47.729087819992856,0.2937484009562182,2.298193422052218,0.054930367910769363
nn,260,31,8060,10,5.92505591000081,0.0895437348338266,46.8044703099964,52.729526219997204,0.17330934473632117,2.312704072477318,0.06104208474997396
nn,280,33,9240,10,7.296376359996794,0.10671869010782292,50.907874719999384,58.204251079996176,0.14377298987481715,2.301073674326296,0.023013730801146475
nn,300,36,10800,10,9.602751899993745,1.401876244010068,55.19285685000504,64.79560874999879,1.4437591507351766,2.2792194579907976,0.039884428469951855
nn,350,42,14700,10,16.166164120004396,2.1961060464811775,71.92723067001062,88.09339479001501,12.330031215010811,2.1956624139505436,0.035440858156066735
nn,400,48,19200,7,22.583296185725235,2.1505502944960675,77.62260361427823,100.20589980000348,3.160442671774357,2.2273703267900724,0.03646266025774752
nn,450,54,24300,1,30.704087399994023,,87.31098330000532,118.01507069999934,,2.2533421715133173,
nn,500,60,30000,1,41.79867940000258,,98.53377519999049,140.33245459999307,,2.189470365020202,
proposed,84,10,840,10,33.18293413999781,19.091084170101215,13.161050439995597,46.34398457999341,19.021422829671,1.9633800912874744,0.03943588413256667
proposed,100,12,1200,10,66.7064528500021,36.27064971678688,16.05137273001019,82.75782558001228,36.258823857902094,1.9960088578513873,0.0432129912352706
proposed,120,14,1680,10,65.15432710999448,18.64353037651099,19.848960369999986,85.00328747999447,18.726711803550344,2.0187640748244853,0.02528662436806622
proposed,140,17,2380,10,159.24630274999944,125.89918867978452,23.51288583999849,182.75918858999793,125.93957692770475,2.0202803188429104,0.04432304994049044
proposed,160,19,3040,10,211.12286916000303,74.63623777149994,27.39933691000042,238.52220607000345,74.48011507111245,1.9946556098558479,0.03935277394872538
proposed,180,21,3780,10,211.83682961000014,75.27532704371102,30.982307120008045,242.81913673000818,75.29661796837543,1.9521743685517385,0.03612183136152994
proposed,200,24,4800,10,310.19320405000764,93.92985253345839,34.758680150000146,344.9518842000078,93.9649778720287,1.9597239248903968,0.042182434216927155
proposed,220,26,5720,10,438.24063793000244,105.60619040894586,38.775810219990674,477.0164481499931,105.56959226302587,1.935690879110568,0.045447842152167406
proposed,240,29,6960,10,606.2288826199947,134.4237072804957,42.84171081999666,649.0705934399914,134.61535129505046,1.9749027757745985,0.04120308294720564
proposed,260,31,8060,10,714.0698140999972,149.4969980618903,46.783821409996015,760.8536355099932,149.70361054486239,1.9781470485494723,0.034530387657606756
proposed,280,33,9240,10,1179.2297645299957,657.483583649574,50.94729085999715,1230.1770553899928,657.4668887283984,1.9631107010840156,0.029930330229703924
proposed,300,36,10800,10,1193.7830995499942,213.89341282975107,55.1707322900038,1248.953831839998,214.22753077607675,1.9948529481071233,0.04188494315432924
proposed,350,42,14700,10,2478.4973699000025,1100.674452091365,72.74884866000794,2551.24621856001,1100.2026340140872,1.9432188937388513,0.026349468073666883
proposed,400,48,19200,7,6935.935439228583,6886.053012345736,77.62260361427823,7013.558042842861,6885.703102120559,1.9621442711728467,0.011760509579331176
proposed,450,54,24300,1,17881.00872740001,,87.31098330000532,17968.319710700016,,1.9620780844550103,
proposed,500,60,30000,1,40576.6183645,,98.53377519999049,40675.15213969999,,1.9121629416752453,
pso,84,10,840,10,11.238318710002932,0.776332678426272,13.207392899997648,24.44571161000058,0.8841403149393818,2.409829624941711,0.09850585694460309
pso,100,12,1200,10,15.238169879995985,1.0033412795598475,16.05827971000981,31.296449590005796,1.0041412217893206,2.4058043695998257,0.09015992778355213
pso,120,14,1680,10,26.889176280004904,1.420857360349127,19.884737839997978,46.773914120002885,1.3839177839898336,2.46616992920062,0.07240696617369806
pso,140,17,2380,10,35.92959923999733,1.467319497388912,23.716942960000598,59.64654219999793,1.5552886215128494,2.383338764401813,0.053261291396774525
pso,160,19,3040,10,50.21571914999222,2.2551599487352263,27.199724650004647,77.41544379999686,2.194641785856398,2.3293015399400416,0.03431939776067783
pso,180,21,3780,10,63.23545831000083,2.012222321542065,31.34033968001022,94.57579799001105,2.56914097413505,2.272439913587873,0.055756509683794954
pso,200,24,4800,10,84.61146897000508,2.7603253752090273,35.30179208000118,119.91326105000626,3.4585156251489124,2.3074852337194707,0.05619716261522356
pso,220,26,5720,10,104.55686867000331,3.760970102812238,38.87550990998934,143.43237857999264,4.049224094494514,2.2678928763737938,0.03900170965678542
pso,240,29,6960,10,132.096707540004,4.622875295917403,42.946217389998495,175.04292493000247,4.709627428228522,2.251582824154406,0.05309277775095659
pso,260,31,8060,10,159.00469127000252,4.701679542723158,46.8044703099964,205.80916157999891,4.614934277816873,2.268429397289753,0.06528202341550451
pso,280,33,9240,10,190.08843871999125,3.356516818248967,50.907874719999384,240.99631343999062,3.2840737478616013,2.2609958891890107,0.021844528831564358
pso,300,36,10800,10,239.2121162300129,57.912465709775574,55.19285685000504,294.40497308001795,57.88986944569683,2.2544440413449993,0.03954124012632406
pso,350,42,14700,10,359.02297245998926,34.30756281108478,71.92723067001062,430.95020312999986,43.56994486781966,2.159919517203537,0.03754332235873376
pso,400,48,19200,7,479.6794368142728,38.29698520033799,77.62260361427823,557.302040428551,38.89802964342069,2.208689289670486,0.033349724966596474
pso,450,54,24300,1,618.4989705999906,,87.31098330000532,705.8099538999959,,2.24608539627215,
pso,500,60,30000,1,819.5916395999957,,98.53377519999049,918.1254147999862,,2.168822355685654,
