method,n_bins,vehicles,assignment_edges,runs,solver_runtime_mean_s,solver_runtime_std_s,oracle_runtime_mean_s,total_runtime_mean_s,total_runtime_std_s,energy_mean_kwh,energy_per_bin_mean_kwh,energy_per_bin_std_kwh,makespan_mean_s,feasible_rate,convergence_rate,rounds_mean,maximum_route_bins
aco,84,10,840,10,20.05889001999458,0.5591637249177966,13.207392899997648,33.26628291999223,0.8504139089675029,171.24904577509182,2.038679116370141,0.03325066842083045,3260.6795902222343,1.0,,,15
aco,100,12,1200,10,24.61769276999985,0.4041196520265787,16.05827971000981,40.67597248000966,0.4143941393013589,207.16693816944917,2.0716693816944916,0.03677145445035648,3740.2085225705587,1.0,,,15
aco,120,14,1680,10,32.99343589000055,0.7512944148605752,19.884737839997978,52.87817372999852,0.7140776018905848,255.12641934618676,2.126053494551557,0.023551153211483683,4432.012640536154,1.0,,,16
aco,140,17,2380,10,41.381806439999494,1.0022862908949748,23.716942960000598,65.09874940000009,1.1795766225421442,295.34476670299694,2.1096054764499783,0.029527429822134788,4787.662831699941,1.0,,,17
aco,160,19,3040,10,51.19436358999519,1.8901136572048023,27.199724650004647,78.39408823999983,1.823039887817786,330.1900392768132,2.0636877454800824,0.026867991007267444,5014.420832781936,1.0,,,16
aco,180,21,3780,10,62.26512033000181,2.935294094245937,31.34033968001022,93.60546001001202,3.737401060157881,361.3848719515528,2.007693733064182,0.02318524706964443,5158.71283299188,1.0,,,17
aco,200,24,4800,10,72.82987386000241,2.113466118147774,35.30179208000118,108.13166594000359,3.2754646614256733,400.1432821528724,2.0007164107643622,0.026251868127630574,4444.746124637717,1.0,,,16
aco,220,26,5720,10,89.2164662999974,4.507921626270406,38.87550990998934,128.09197620998674,4.521917830291806,437.3690420761642,1.9880411003462009,0.022460363832706807,4139.6134856597655,1.0,,,17
aco,240,29,6960,10,106.12807344998873,6.027031353562417,42.946217389998495,149.0742908399872,6.06222479155144,484.4310527096224,2.0184627196234266,0.03272684727515214,4699.817357597429,1.0,,,18
aco,260,31,8060,10,123.46793598000076,4.0935412519734955,46.8044703099964,170.27240628999715,4.181808577600428,522.9498419712016,2.0113455460430836,0.02338147598697158,4849.7513490139045,1.0,,,17
aco,280,33,9240,10,144.93898438999605,7.473567204056217,50.907874719999384,195.84685910999542,7.498713037750967,563.8245211039304,2.013659003942608,0.029877434220341996,4237.022475059897,1.0,,,18
aco,300,36,10800,10,180.99841935999137,45.13813409658065,55.19285685000504,236.19127620999643,45.018497051774794,599.6836365035947,1.9989454550119823,0.026840558684413558,4172.455086124182,1.0,,,16
aco,350,42,14700,10,262.8395194899873,38.82279407758154,71.92723067001062,334.7667501599979,46.862050118378285,684.399022620726,1.95542577891636,0.02126753725553321,4061.1245093036246,1.0,,,17
aco,400,48,19200,7,353.3346670285599,35.262088423739435,77.62260361427823,430.9572706428381,35.38184539332989,780.2437936348035,1.950609484087009,0.013752013151634266,4130.020334331067,1.0,,,18
aco,450,54,24300,1,472.1895442000241,,87.31098330000532,559.5005275000294,,882.5109008637666,1.9611353352528145,,3290.0027839448417,1.0,,,14
aco,500,60,30000,1,610.180861300003,,98.53377519999049,708.7146364999935,,958.838754838682,1.917677509677364,,3580.3497594340274,1.0,,,14
ga,84,10,840,10,16.172685009997803,1.1238925551990941,13.207392899997648,29.380077909995453,1.1467613930771237,184.49097752296333,2.196321160987659,0.06255719080756104,3288.371010154762,1.0,,,17
ga,100,12,1200,10,23.129060459998435,1.646802462439762,16.05827971000981,39.18734017000825,1.6573854855784425,219.82800817242006,2.1982800817242008,0.0503270233738153,3509.575485251566,1.0,,,16
ga,120,14,1680,10,38.05136531999742,3.463556273175836,19.884737839997978,57.9361031599954,3.3956570728053546,274.23892295740313,2.2853243579783595,0.05824134369048818,4373.31977384494,1.0,,,17
ga,140,17,2380,10,51.24710183000134,6.750275148140117,23.716942960000598,74.96404479000194,6.798246592011349,319.75755575146235,2.283982541081874,0.03475703104991944,4362.449970450037,1.0,,,17
ga,160,19,3040,10,63.788090350004495,3.712608135720454,27.199724650004647,90.98781500000914,3.698505990921,361.8443908803396,2.261527443002122,0.038673906604131295,4271.051070574445,1.0,,,17
ga,180,21,3780,10,85.45048383999384,5.744617022525564,31.34033968001022,116.79082352000405,6.07481882814662,392.5519096148816,2.1808439423048975,0.04297703238788322,4163.64875996052,1.0,,,17
ga,200,24,4800,10,109.89723915001233,9.051206244480998,35.30179208000118,145.1990312300135,9.515021963624873,446.87494328162603,2.2343747164081305,0.048574943350181504,4235.121023726082,1.0,,,17
ga,220,26,5720,10,139.30130512000324,22.67584935583312,38.87550990998934,178.17681502999258,22.528497804072074,481.17894539072347,2.1871770245032884,0.04554340214611601,4097.53560933185,1.0,,,17
ga,240,29,6960,10,165.71153711000517,14.545644462585857,42.946217389998495,208.65775450000365,14.706793963426895,527.0688714310434,2.196120297629347,0.03820600649657277,4376.412519406042,1.0,,,17
ga,260,31,8060,10,193.1802837900017,19.013053433962213,46.8044703099964,239.9847540999981,18.967213745301947,570.1423632409005,2.1928552432342325,0.04619511328355871,4314.923870619432,1.0,,,17
ga,280,33,9240,10,239.8191621600112,11.321701314923715,50.907874719999384,290.7270368800106,11.344222010754425,614.5857986051193,2.1949492807325686,0.022469701827086314,4291.980978795912,1.0,,,17
ga,300,36,10800,10,294.810963729996,48.07031632642121,55.19285685000504,350.00382058000105,48.17770024763351,658.1502044541317,2.1938340148471056,0.030895986918109224,4752.480661331665,1.0,,,17
ga,350,42,14700,10,416.976769820007,42.85055539570761,71.92723067001062,488.90400049001767,46.87868861444993,749.6557811453544,2.1418736604152984,0.03544265361535455,4170.869661085029,1.0,,,18
ga,400,48,19200,7,572.3947184571298,64.67218104058996,77.62260361427823,650.017322071408,65.13864624109308,869.7322056077522,2.1743305140193807,0.03981027677176994,4318.8615019834515,1.0,,,17
ga,450,54,24300,1,790.401541899977,,87.31098330000532,877.7125251999823,,991.4852273200798,2.203300505155733,,4018.5764617344,1.0,,,15
ga,500,60,30000,1,963.1118907999772,,98.53377519999049,1061.6456659999676,,1065.869190127459,2.131738380254918,,4518.177069809317,1.0,,,17
nn,84,10,840,10,0.2176149599981727,0.004296785480446769,13.207392899997648,13.425007859995821,0.365640241606075,210.10281989370856,2.501224046353673,0.08032586850335023,3014.637890276955,1.0,,,17
nn,100,12,1200,10,0.37401629000087266,0.010465299178606623,16.05827971000981,16.432296000010684,0.05363834021960086,249.39177784621182,2.4939177784621185,0.09955137263833817,3606.27023038616,1.0,,,17
nn,120,14,1680,10,0.6101150800066535,0.011692913398601052,19.884737839997978,20.494852920004632,0.2592444504144059,307.2806268688316,2.560671890573597,0.06914559671572197,3647.932553671704,1.0,,,17
nn,140,17,2380,10,0.9835641500045312,0.018661408489314746,23.716942960000598,24.700507110005127,0.5677614206679825,341.6137698897527,2.4400983563553766,0.061877179776537346,3812.1166802456123,1.0,,,17
nn,160,19,3040,10,1.4489963699976216,0.04960044266487838,27.199724650004647,28.648721020002267,0.07638514384698464,382.4213279050516,2.3901332994065725,0.04105147509381311,4036.784718038439,1.0,,,17
nn,180,21,3780,10,1.961600089998683,0.0699539154930315,31.34033968001022,33.3019397700089,1.0104923541263529,416.31207602587426,2.312844866810413,0.05461852451184509,3733.0113395576045,1.0,,,17
nn,200,24,4800,10,2.767423109999072,0.08010901886987357,35.30179208000118,38.06921519000025,1.6315537231487363,469.26036817858085,2.346301840892904,0.055840129296972976,3869.677519072435,1.0,,,17
nn,220,26,5720,10,3.655020950002654,0.07152962553096143,38.87550990998934,42.530530859992,0.6347178695790786,508.28308106742315,2.31037764121556,0.037025235626763034,3774.743738299437,1.0,,,18
nn,240,29,6960,10,4.782870429994364,0.09761769674722753,42.946217389998495,47.729087819992856,0.2937484009562182,551.5664212925324,2.298193422052218,0.05493036791076943,4119.761230604267,1.0,,,17
nn,260,31,8060,10,5.92505591000081,0.0895437348338266,46.8044703099964,52.729526219997204,0.1733093447363203,601.3030588441027,2.312704072477318,0.06104208474997398,4041.867856417454,1.0,,,17
nn,280,33,9240,10,7.296376359996794,0.10671869010782291,50.907874719999384,58.204251079996176,0.14377298987481715,644.3006288113629,2.301073674326296,0.023013730801146475,4001.1216280104127,1.0,,,17
nn,300,36,10800,10,9.602751899993745,1.4018762440100687,55.19285685000504,64.79560874999879,1.4437591507351766,683.7658373972394,2.2792194579907976,0.039884428469951876,4012.527444532539,1.0,,,17
nn,350,42,14700,10,16.166164120004396,2.196106046481178,71.92723067001062,88.09339479001501,12.330031215010807,768.4818448826902,2.1956624139505436,0.03544085815606667,3857.0091848989405,1.0,,,18
nn,400,48,19200,7,22.583296185725235,2.1505502944960675,77.62260361427823,100.20589980000348,3.160442671774355,890.9481307160289,2.2273703267900724,0.03646266025774752,4251.482049725602,1.0,,,17
nn,450,54,24300,1,30.704087399994023,,87.31098330000532,118.01507069999934,,1014.0039771809928,2.2533421715133173,,3920.1220537176714,1.0,,,16
nn,500,60,30000,1,41.79867940000258,,98.53377519999049,140.33245459999307,,1094.7351825101011,2.189470365020202,,4518.177069809317,1.0,,,17
proposed,84,10,840,10,33.18293413999781,19.091084170101215,13.161050439995597,46.34398457999341,19.021422829671,164.92392766814785,1.9633800912874744,0.0394358841325666,3370.9539516299856,1.0,0.0,64.0,17
proposed,100,12,1200,10,66.7064528500021,36.27064971678688,16.05137273001019,82.75782558001228,36.258823857902094,199.6008857851387,1.9960088578513873,0.043212991235270615,3604.840557837483,1.0,0.0,64.0,17
proposed,120,14,1680,10,65.15432710999448,18.643530376510995,19.848960369999986,85.00328747999447,18.726711803550348,242.25168897893823,2.0187640748244853,0.025286624368066217,4429.2849655545615,1.0,0.0,64.0,18
proposed,140,17,2380,10,159.24630274999944,125.89918867978452,23.51288583999849,182.75918858999793,125.93957692770476,282.8392446380075,2.0202803188429104,0.04432304994049044,4102.049048467188,1.0,0.0,64.0,18
proposed,160,19,3040,10,211.12286916000303,74.63623777149994,27.39933691000042,238.52220607000345,74.48011507111245,319.1448975769356,1.9946556098558474,0.039352773948725446,4103.163388012951,1.0,0.0,64.0,19
proposed,180,21,3780,10,211.83682961000014,75.27532704371103,30.982307120008045,242.81913673000818,75.29661796837543,351.391386339313,1.952174368551739,0.03612183136152988,4357.431395926025,1.0,0.0,64.0,17
proposed,200,24,4800,10,310.19320405000764,93.92985253345839,34.758680150000146,344.9518842000078,93.96497787202871,391.9447849780793,1.9597239248903968,0.04218243421692712,4086.476212406619,1.0,0.0,64.0,20
proposed,220,26,5720,10,438.24063793000244,105.60619040894588,38.775810219990674,477.0164481499931,105.56959226302587,425.851993404325,1.935690879110568,0.04544784215216742,4159.860488851212,1.0,0.0,64.0,18
proposed,240,29,6960,10,606.2288826199947,134.4237072804957,42.84171081999666,649.0705934399914,134.61535129505046,473.97666618590364,1.9749027757745985,0.04120308294720567,4541.370307942621,1.0,0.0,64.0,22
proposed,260,31,8060,10,714.0698140999972,149.49699806189028,46.783821409996015,760.8536355099932,149.70361054486239,514.3182326228628,1.9781470485494725,0.03453038765760666,4270.299020912113,1.0,0.0,64.0,20
proposed,280,33,9240,10,1179.2297645299957,657.483583649574,50.94729085999715,1230.1770553899928,657.4668887283984,549.6709963035244,1.9631107010840156,0.02993033022970388,4471.539082761695,1.0,0.0,64.0,22
proposed,300,36,10800,10,1193.7830995499942,213.89341282975107,55.1707322900038,1248.953831839998,214.2275307760767,598.4558844321369,1.9948529481071233,0.041884943154329196,4284.231767379033,1.0,0.0,64.0,22
proposed,350,42,14700,10,2478.4973699000025,1100.674452091365,72.74884866000794,2551.24621856001,1100.2026340140872,680.1266128085979,1.9432188937388513,0.02634946807366696,4549.5809960640445,1.0,0.0,64.0,25
proposed,400,48,19200,7,6935.935439228583,6886.053012345736,77.62260361427823,7013.558042842861,6885.703102120559,784.8577084691387,1.9621442711728467,0.011760509579331266,4729.535596185956,1.0,0.0,64.0,24
proposed,450,54,24300,1,17881.00872740001,,87.31098330000532,17968.319710700016,,882.9351380047547,1.9620780844550103,,4893.104664879556,1.0,0.0,64.0,21
proposed,500,60,30000,1,40576.6183645,,98.53377519999049,40675.15213969999,,956.0814708376228,1.9121629416752453,,4553.524353774914,1.0,0.0,64.0,24
pso,84,10,840,10,11.238318710002932,0.7763326784262721,13.207392899997648,24.44571161000058,0.8841403149393813,202.4256884951037,2.409829624941711,0.09850585694460307,3071.572953205835,1.0,,,17
pso,100,12,1200,10,15.238169879995985,1.0033412795598478,16.05827971000981,31.296449590005796,1.0041412217893209,240.5804369599826,2.4058043695998257,0.09015992778355213,3662.196053267648,1.0,,,16
pso,120,14,1680,10,26.889176280004904,1.420857360349128,19.884737839997978,46.773914120002885,1.3839177839898336,295.94039150407434,2.46616992920062,0.07240696617369806,3809.1001290911745,1.0,,,16
pso,140,17,2380,10,35.92959923999733,1.4673194973889114,23.716942960000598,59.64654219999793,1.5552886215128519,333.66742701625384,2.383338764401813,0.05326129139677462,3953.853799428628,1.0,,,17
pso,160,19,3040,10,50.21571914999222,2.2551599487352263,27.199724650004647,77.41544379999686,2.194641785856398,372.6882463904067,2.3293015399400416,0.0343193977606777,3994.722559080217,1.0,,,17
pso,180,21,3780,10,63.23545831000083,2.012222321542068,31.34033968001022,94.57579799001105,2.5691409741350513,409.0391844458171,2.272439913587873,0.055756509683794926,3734.3705630745208,1.0,,,17
pso,200,24,4800,10,84.61146897000508,2.7603253752090273,35.30179208000118,119.91326105000626,3.458515625148911,461.49704674389415,2.3074852337194707,0.05619716261522356,4108.60529911567,1.0,,,17
pso,220,26,5720,10,104.55686867000331,3.7609701028122364,38.87550990998934,143.43237857999264,4.0492240944945115,498.9364328022346,2.2678928763737938,0.039001709656785476,3733.5289140243744,1.0,,,18
pso,240,29,6960,10,132.096707540004,4.622875295917407,42.946217389998495,175.04292493000247,4.709627428228522,540.3798777970575,2.251582824154406,0.05309277775095667,4313.764981427544,1.0,,,17
pso,260,31,8060,10,159.00469127000252,4.701679542723158,46.8044703099964,205.80916157999891,4.614934277816869,589.7916432953358,2.268429397289753,0.06528202341550451,4150.264135608854,1.0,,,17
pso,280,33,9240,10,190.08843871999125,3.356516818248967,50.907874719999384,240.99631343999062,3.284073747861606,633.078848972923,2.2609958891890107,0.02184452883156437,4051.5688853849424,1.0,,,17
pso,300,36,10800,10,239.2121162300129,57.91246570977556,55.19285685000504,294.40497308001795,57.88986944569683,676.3332124034998,2.2544440413449993,0.039541240126324,4032.3179215290124,1.0,,,17
pso,350,42,14700,10,359.02297245998926,34.30756281108478,71.92723067001062,430.95020312999986,43.569944867819665,755.9718310212379,2.159919517203537,0.03754332235873367,3816.5852075666166,1.0,,,18
pso,400,48,19200,7,479.6794368142728,38.296985200337986,77.62260361427823,557.302040428551,38.89802964342069,883.4757158681945,2.208689289670486,0.03334972496659654,4086.7712143393833,1.0,,,17
pso,450,54,24300,1,618.4989705999906,,87.31098330000532,705.8099538999959,,1010.7384283224676,2.24608539627215,,3884.238037017325,1.0,,,16
pso,500,60,30000,1,819.5916395999957,,98.53377519999049,918.1254147999862,,1084.4111778428269,2.168822355685654,,4518.177069809317,1.0,,,17
