start_hour,method,policy,final_epoch,cumulative_energy_kwh,cumulative_operating_s,cumulative_planning_runtime_s,latency_adjusted_energy_kwh,latency_adjusted_time_s,min_battery_kwh,returned_to_depot,initial_planning_runtime_s,initial_compute_wait_aux_energy_kwh,total_reassigned_bins,total_next_choice_changes,replan_attempts,accepted_replans,disrupted_edges_traversed,traversed_edges,replanning_runtime_s,post_departure_latency_adjusted_time_s,post_departure_latency_adjusted_energy_kwh,disrupted_edge_share,adaptive_vs_static_live_gain_pct,adaptive_vs_static_frozen_gain_pct,adaptive_energy_gain_pct
0,aco,adaptive,41,97.10011262015614,2690.1166525124354,652.4997028002981,97.10011262015614,2690.1166525124354,161.67292798208405,True,32.491139700170606,0.0,0,0,7,0,0,1808,620.0085631001275,2690.1166525124354,97.10011262015614,0.0,,,
0,ga,adaptive,44,104.67499052296272,3228.039279905269,3551.5091683999635,104.67499052296272,3228.039279905269,159.68749460036037,True,30.951491399900988,0.0,0,0,8,0,0,2228,3520.5576770000625,3228.039279905269,104.67499052296272,0.0,,,
0,nn,adaptive,41,116.06788355131964,2842.3389440927126,88.8311968005728,116.06788355131964,2842.3389440927126,158.88011388629957,True,12.16126239998266,0.0,5,3,7,1,0,2514,76.66993440059014,2842.3389440927126,116.06788355131964,0.0,,,
0,proposed,adaptive,43,90.74695480911296,2745.719162699117,1504.8100233997684,90.74695480911296,2745.719162699117,155.32580768222346,True,696.5532919999678,0.0,20,4,8,1,0,1647,808.2567313998006,2745.719162699117,90.74695480911296,0.0,,,
0,pso,adaptive,41,111.59526397359204,2981.544046734575,2003.1574116002305,111.59526397359204,2981.544046734575,160.72003642472626,True,22.738014200003818,0.0,6,4,7,1,0,2505,1980.4193974002264,2981.544046734575,111.59526397359204,0.0,,,
1,aco,adaptive,44,84.37988749399236,2927.5972367142067,535.650470599765,84.37988749399236,2927.5972367142067,163.53062556889242,True,32.103453299961984,0.0,1,1,8,1,0,1756,503.547017299803,2927.5972367142067,84.37988749399236,0.0,,,
1,ga,adaptive,40,85.17037365585085,2570.3110233314223,1443.3045862009749,85.17037365585085,2570.3110233314223,161.3302177692542,True,33.13972089998424,0.0,1,1,7,1,0,1919,1410.1648653009906,2570.3110233314223,85.17037365585085,0.0,,,
1,nn,adaptive,38,98.60195302516613,2677.1720342726194,97.5343287999276,98.60195302516613,2677.1720342726194,164.94281928849293,True,13.27927659987472,0.0,4,3,7,1,0,2343,84.25505220005289,2677.1720342726194,98.60195302516613,0.0,,,
1,proposed,adaptive,40,80.90020231459789,2614.182198917329,1745.381997799268,80.90020231459789,2614.182198917329,162.5717676658819,True,1033.528964200057,0.0,3,1,7,1,0,1826,711.8530335992109,2614.182198917329,80.90020231459789,0.0,,,
1,pso,adaptive,39,91.02072864107508,2693.9504357296405,2132.3981274000835,91.02072864107508,2693.9504357296405,164.0528559540236,True,23.141095499973744,0.0,23,6,7,5,0,2036,2109.2570319001097,2693.9504357296405,91.02072864107508,0.0,,,
2,aco,adaptive,38,86.39934545620969,2598.3660915804808,397.2748516993597,86.39934545620969,2598.3660915804808,160.99294168134873,True,31.2414624998346,0.0,0,0,7,0,0,1920,366.0333891995251,2598.3660915804808,86.39934545620969,0.0,,,
2,ga,adaptive,39,86.52367227064606,2529.5337887058604,1856.0694545002189,86.52367227064606,2529.5337887058604,163.91234816588184,True,28.32211629999801,0.0,2,1,7,1,0,1963,1827.7473382002208,2529.5337887058604,86.52367227064606,0.0,,,
2,nn,adaptive,38,99.15560144021872,2652.6907187892857,93.41723100072704,99.15560144021872,2652.6907187892857,164.82366354341042,True,12.028445100178942,0.0,2,2,7,1,0,2404,81.3887859005481,2652.6907187892857,99.15560144021872,0.0,,,
2,proposed,adaptive,40,82.60569510839733,2494.484076670606,1943.0051178997385,82.60569510839733,2494.484076670606,163.16041736509095,True,1115.7429134999402,0.0,49,3,7,2,0,1864,827.2622043997981,2494.484076670606,82.60569510839733,0.0,,,
2,pso,adaptive,44,94.53757848039238,2992.365819024498,1503.4930641998071,94.53757848039238,2992.365819024498,156.2134939590313,True,22.41560799977742,0.0,0,0,8,0,0,2160,1481.0774562000297,2992.365819024498,94.53757848039238,0.0,,,
3,aco,adaptive,41,85.40152081025002,2668.293199467685,588.7167143998668,85.40152081025002,2668.293199467685,163.66553102111908,True,30.981479600071907,0.0,0,0,7,0,0,1915,557.7352347997949,2668.293199467685,85.40152081025002,0.0,,,
3,ga,adaptive,42,89.46276162065969,2708.7807918084977,2874.539562600199,89.46276162065969,2708.7807918084977,165.35763961785435,True,28.84520240011625,0.0,8,6,8,3,0,2251,2845.694360200083,2708.7807918084977,89.46276162065969,0.0,,,
3,nn,adaptive,33,99.1294417253017,2483.573879849635,80.45862699928693,99.1294417253017,2483.573879849635,166.99583753416243,True,12.166781399864703,0.0,32,4,6,2,0,2474,68.29184559942223,2483.573879849635,99.1294417253017,0.0,,,
3,proposed,adaptive,45,80.60996348455633,2855.0725046112407,1333.355997000588,80.60996348455633,2855.0725046112407,162.76164416569816,True,624.0033024998847,0.0,2,0,8,1,0,1773,709.3526945007034,2855.0725046112407,80.60996348455633,0.0,,,
3,pso,adaptive,36,94.4281526754858,2499.04117343682,2051.2181663995143,94.4281526754858,2499.04117343682,163.70588769619366,True,21.676682299934328,0.0,52,9,6,2,0,2213,2029.54148409958,2499.04117343682,94.4281526754858,0.0,,,
4,aco,adaptive,40,84.70510599987605,2715.1081272835045,552.928738700226,84.70510599987605,2715.1081272835045,165.71593256227624,True,31.39216789999045,0.0,6,4,7,1,0,2034,521.5365708002355,2715.1081272835045,84.70510599987605,0.0,,,
4,ga,adaptive,39,87.4955244591713,2578.0743884543845,2806.686736799078,87.4955244591713,2578.0743884543845,163.63060483744945,True,29.46945729991421,0.0,6,4,7,2,0,2092,2777.217279499164,2578.0743884543845,87.4955244591713,0.0,,,
4,nn,adaptive,40,97.48358793402925,2776.711099250201,89.77866830048151,97.48358793402925,2776.711099250201,161.21221818211455,True,11.41720880009234,0.0,33,6,7,2,0,2249,78.36145950038917,2776.711099250201,97.48358793402925,0.0,,,
4,proposed,adaptive,44,79.11021316459151,2812.7326591567667,2071.612809299957,79.11021316459151,2812.7326591567667,161.16916722661836,True,1366.7519133999012,0.0,11,2,8,2,0,1940,704.8608959000558,2812.7326591567667,79.11021316459151,0.0,,,
4,pso,adaptive,40,94.10344282204228,2761.860633345249,1916.6150014007,94.10344282204228,2761.860633345249,164.13661330890903,True,23.153419400099665,0.0,46,6,7,2,0,2219,1893.4615820006,2761.860633345249,94.10344282204228,0.0,,,
5,aco,adaptive,41,89.59425439471023,2652.672376802647,626.8570925001986,89.59425439471023,2652.672376802647,163.3232129759799,True,30.62562540010549,0.0,0,0,7,0,0,2062,596.2314671000931,2652.672376802647,89.59425439471023,0.0,,,
5,ga,adaptive,44,92.33224070602388,3062.4703028455738,2762.99038149952,92.33224070602388,3062.4703028455738,161.0721153817089,True,29.26224089995958,0.0,1,1,8,1,0,1889,2733.72814059956,3062.4703028455738,92.33224070602388,0.0,,,
5,nn,adaptive,39,107.02948527441742,2918.366984095976,89.40324719971977,107.02948527441742,2918.366984095976,166.52158775815133,True,11.47563030011952,0.0,26,4,7,1,0,2676,77.92761689960025,2918.366984095976,107.02948527441742,0.0,,,
5,proposed,adaptive,41,83.9771055138487,2685.341867757309,1262.648211899912,83.9771055138487,2685.341867757309,161.83347040084172,True,619.4590609997977,0.0,5,1,7,1,0,1841,643.1891509001143,2685.341867757309,83.9771055138487,0.0,,,
5,pso,adaptive,47,97.06079765925172,3369.929879836656,1731.1509266993962,97.06079765925172,3369.929879836656,164.271495018646,True,21.887449299916625,0.0,31,4,9,2,0,2266,1709.2634773994796,3369.929879836656,97.06079765925172,0.0,,,
6,aco,adaptive,41,100.52903831895364,2747.9338819526683,551.0026490997989,100.52903831895364,2747.9338819526683,159.2679238104547,True,31.561489699874077,0.0,0,0,7,0,0,1957,519.4411593999248,2747.9338819526683,100.52903831895364,0.0,,,
6,ga,adaptive,43,105.82791933991652,2921.3303661220075,3218.1894312996883,105.82791933991652,2921.3303661220075,162.30804440451942,True,27.5594153997954,0.0,12,7,8,2,0,2278,3190.630015899893,2921.3303661220075,105.82791933991652,0.0,,,
6,nn,adaptive,43,115.47388432079649,3132.5964788899446,101.10345019958912,115.47388432079649,3132.5964788899446,160.02859811362748,True,11.55364099983126,0.0,16,2,8,1,0,2052,89.54980919975787,3132.5964788899446,115.47388432079649,0.0,,,
6,proposed,adaptive,41,94.39797934172472,2641.6837821616136,1714.6873824996874,94.39797934172472,2641.6837821616136,159.47833957599866,True,795.7641127002425,0.0,2,0,7,1,0,1659,918.9232697994448,2641.6837821616136,94.39797934172472,0.0,,,
6,pso,adaptive,48,115.16168820165277,3433.7739910718456,2004.541377400048,115.16168820165277,3433.7739910718456,163.2812667530691,True,24.151445899857208,0.0,65,15,9,5,0,2423,1980.3899315001909,3433.7739910718456,115.16168820165277,0.0,,,
7,aco,adaptive,43,118.60936119853976,3041.3361282589503,732.8461343999952,118.60936119853976,3041.3361282589503,154.3234977202412,True,30.330510800005868,0.0,0,0,8,0,0,1705,702.5156235999893,3041.3361282589503,118.60936119853976,0.0,,,
7,ga,adaptive,53,120.5239813176944,3320.253458424097,2685.7494035998825,120.5239813176944,3320.253458424097,155.3512350015553,True,27.886671400163323,0.0,3,2,10,1,0,1955,2657.862732199719,3320.253458424097,120.5239813176944,0.0,,,
7,nn,adaptive,38,128.90295715521555,2849.9472931785585,80.40287089976482,128.90295715521555,2849.9472931785585,152.8623088703615,True,10.402828500140458,0.0,10,1,7,2,0,1942,70.00004239962436,2849.9472931785585,128.90295715521555,0.0,,,
7,proposed,adaptive,48,110.81013287119076,3093.31458979861,1621.4159030998126,110.81013287119076,3093.31458979861,152.71933136309534,True,985.263329300098,0.0,0,0,9,0,0,1620,636.1525737997144,3093.31458979861,110.81013287119076,0.0,,,
7,pso,adaptive,47,127.43344951946382,3006.507559157405,2094.180037100101,127.43344951946382,3006.507559157405,160.16161717296006,True,23.104322800179943,0.0,1,1,9,1,0,2076,2071.075714299921,3006.507559157405,127.43344951946382,0.0,,,
8,aco,adaptive,48,131.63364387113376,3339.0118355926065,618.608739099931,131.63364387113376,3339.0118355926065,153.48813148531698,True,30.761320000048727,0.0,3,2,9,1,0,1680,587.8474190998822,3339.0118355926065,131.63364387113376,0.0,,,
8,ga,adaptive,43,141.62373598853046,3028.007483589318,2420.26056089974,141.62373598853046,3028.007483589318,158.85056855510476,True,28.23176399967633,0.0,47,9,8,3,0,1683,2392.028796900064,3028.007483589318,141.62373598853046,0.0,,,
8,nn,adaptive,44,162.6653230778163,3361.446585686229,97.78908919985406,162.6653230778163,3361.446585686229,144.5056827063427,True,11.114002800080923,0.0,58,8,8,4,0,2393,86.67508639977314,3361.446585686229,162.6653230778163,0.0,,,
8,proposed,adaptive,44,129.71701183872153,2830.4031546595984,1443.9885294993874,129.71701183872153,2830.4031546595984,154.50614370813014,True,672.547629600158,0.0,0,0,8,0,0,1626,771.4408998992294,2830.4031546595984,129.71701183872153,0.0,,,
8,pso,adaptive,46,149.08656653220584,3129.6097326398904,1915.2939285004977,149.08656653220584,3129.6097326398904,149.83640901743294,True,20.927264700178057,0.0,43,11,8,3,0,1919,1894.36666380032,3129.6097326398904,149.08656653220584,0.0,,,
9,aco,adaptive,56,143.9231592278391,3643.680273538742,811.7215567999519,143.9231592278391,3643.680273538742,144.35496345361713,True,31.99414580012672,0.0,0,0,10,0,0,1677,779.7274109998252,3643.680273538742,143.9231592278391,0.0,,,
9,ga,adaptive,49,150.47722800324786,3354.680335974592,3982.3389106004033,150.47722800324786,3354.680335974592,146.0164275236261,True,48.217931599821895,0.0,45,7,9,2,0,1480,3934.120979000581,3354.680335974592,150.47722800324786,0.0,,,
9,nn,adaptive,43,165.00525678549616,3319.559312787934,102.60789040033706,165.00525678549616,3319.559312787934,153.47962902398547,True,11.542110800044613,0.0,41,4,8,1,0,1934,91.06577960029244,3319.559312787934,165.00525678549616,0.0,,,
9,proposed,adaptive,46,143.5794134382515,3024.599876284674,1744.9617432001978,143.5794134382515,3024.599876284674,147.11967478867837,True,895.9578117998317,0.0,17,3,8,3,0,1471,849.0039314003661,3024.599876284674,143.5794134382515,0.0,,,
9,pso,adaptive,43,161.2678439754085,3320.965210696881,4018.4683811999857,161.2678439754085,3320.965210696881,147.83516660871928,True,24.74075429979712,0.0,56,16,8,5,0,1853,3993.7276269001886,3320.965210696881,161.2678439754085,0.0,,,
10,aco,adaptive,50,163.77766876132677,3383.146389556921,970.8361147991382,163.77766876132677,3383.146389556921,148.7917446355011,True,37.666340600233525,0.0,0,0,9,0,0,1523,933.1697741989046,3383.146389556921,163.77766876132677,0.0,,,
10,ga,adaptive,41,171.8591806510996,3210.4386635650585,4400.803052800475,171.8591806510996,3210.4386635650585,151.4086475143575,True,32.648682500235736,0.0,4,2,7,2,0,1532,4368.154370300239,3210.4386635650585,171.8591806510996,0.0,,,
10,nn,adaptive,50,193.5008017557866,3744.638656111512,142.3301636998076,193.5008017557866,3744.638656111512,146.88503438839297,True,14.70847969991155,0.0,8,2,9,1,0,1924,127.62168399989604,3744.638656111512,193.5008017557866,0.0,,,
10,proposed,adaptive,50,160.89380230743487,3330.294063867622,2922.5055964996573,160.89380230743487,3330.294063867622,151.97723098591268,True,994.0770795997232,0.0,8,2,9,1,0,1567,1928.428516899934,3330.294063867622,160.89380230743487,0.0,,,
10,pso,adaptive,49,181.2169093068906,3460.5154846739997,2925.499578000279,181.2169093068906,3460.5154846739997,153.22132387876877,True,27.47644600016065,0.0,51,10,9,3,0,1757,2898.0231320001185,3460.5154846739997,181.2169093068906,0.0,,,
11,aco,adaptive,46,170.9159852156462,3273.6264744910795,870.0356579008512,170.9159852156462,3273.6264744910795,149.9301477395461,True,53.91007080022246,0.0,1,1,8,1,0,1500,816.1255871006288,3273.6264744910795,170.9159852156462,0.0,,,
11,ga,adaptive,46,189.40036906125667,3046.437069548758,3952.447882300476,189.40036906125667,3046.437069548758,145.62165118842273,True,30.75802239985205,0.0,1,2,8,1,0,1612,3921.689859900624,3046.437069548758,189.40036906125667,0.0,,,
11,nn,adaptive,41,205.63436843308028,3193.3411519137685,132.8116404991597,205.63436843308028,3193.3411519137685,148.4967161125687,True,19.07089479989372,0.0,35,7,7,3,0,1742,113.74074569926596,3193.3411519137685,205.63436843308028,0.0,,,
11,proposed,adaptive,49,165.79168524935193,3223.8053879603744,2733.55097780074,165.79168524935193,3223.8053879603744,149.89508608667543,True,1182.3539531999268,0.0,1,1,9,1,0,1360,1551.1970246008132,3223.8053879603744,165.79168524935193,0.0,,,
11,pso,adaptive,49,196.2429769590549,3456.964407670294,2625.3942031005863,196.2429769590549,3456.964407670294,151.3622487323929,True,28.85311860009097,0.0,17,4,9,2,0,1646,2596.541084500496,3456.964407670294,196.2429769590549,0.0,,,
12,aco,adaptive,63,166.66264705635152,4035.23610950554,1116.9728633998893,166.66264705635152,4035.23610950554,140.95371566379086,True,42.320581699954346,0.0,0,1,12,3,0,1484,1074.652281699935,4035.23610950554,166.66264705635152,0.0,,,
12,ga,adaptive,56,176.94912217188946,3709.36435043934,3564.211493099574,176.94912217188946,3709.36435043934,149.54245394673936,True,42.649696400156245,0.0,30,6,10,2,0,1681,3521.5617966994178,3709.36435043934,176.94912217188946,0.0,,,
12,nn,adaptive,48,205.59510392720046,3605.2434378886833,132.36410000058822,205.59510392720046,3605.2434378886833,142.96925691876368,True,13.060743700247258,0.0,16,4,9,3,0,1841,119.30335630034097,3605.2434378886833,205.59510392720046,0.0,,,
12,proposed,adaptive,46,166.9832392725035,3021.170867498036,2319.3778495995793,166.9832392725035,3021.170867498036,148.19870593979974,True,867.628516699886,0.0,1,0,8,1,0,1504,1451.7493328996934,3021.170867498036,166.9832392725035,0.0,,,
12,pso,adaptive,48,200.36216340906526,3568.3031357784234,2879.013968399726,200.36216340906526,3568.3031357784234,144.58782095269234,True,25.231179799651727,0.0,24,10,9,4,0,1837,2853.782788600074,3568.3031357784234,200.36216340906526,0.0,,,
13,aco,adaptive,52,152.11864776065224,3363.2778630404528,1053.1022796004545,152.11864776065224,3363.2778630404528,149.76602453612585,True,38.77163530001417,0.0,0,1,10,1,0,1555,1014.3306443004403,3363.2778630404528,152.11864776065224,0.0,,,
13,ga,adaptive,43,168.29488414204016,3202.6174901392174,3362.8243183998857,168.29488414204016,3202.6174901392174,152.8460437636312,True,33.92935060011223,0.0,1,1,8,1,0,1745,3328.8949677997734,3202.6174901392174,168.29488414204016,0.0,,,
13,nn,adaptive,42,180.0986818441301,3213.01901312355,118.78492009988986,180.0986818441301,3213.01901312355,149.61357441663975,True,12.909988600062206,0.0,22,4,8,2,0,1707,105.87493149982765,3213.01901312355,180.0986818441301,0.0,,,
13,proposed,adaptive,46,147.49022046203257,2943.5052885354417,1957.2983074001968,147.49022046203257,2943.5052885354417,146.64096903493416,True,580.1767556001432,0.0,2,1,8,1,0,1335,1377.1215518000536,2943.5052885354417,147.49022046203257,0.0,,,
13,pso,adaptive,43,169.44389152010933,3114.3184945432863,1972.6192004997283,169.44389152010933,3114.3184945432863,150.66683789663304,True,25.39675909979269,0.0,21,4,8,3,0,1599,1947.2224413999356,3114.3184945432863,169.44389152010933,0.0,,,
14,aco,adaptive,40,142.51560352759552,2868.4713105269147,932.6839813003317,142.51560352759552,2868.4713105269147,153.26036202835493,True,41.4161437000148,0.0,0,0,7,0,0,1776,891.2678376003169,2868.4713105269147,142.51560352759552,0.0,,,
14,ga,adaptive,44,145.5561669441998,3114.607658325743,3798.4098854998592,145.5561669441998,3114.607658325743,152.68859513511157,True,41.01167620019987,0.0,38,9,8,2,0,1926,3757.3982092996594,3114.607658325743,145.5561669441998,0.0,,,
14,nn,adaptive,46,163.42971710453446,3374.8968720902576,119.3194613000378,163.42971710453446,3374.8968720902576,156.33171033730585,True,12.988951799925417,0.0,27,4,8,2,0,2028,106.33050950011238,3374.8968720902576,163.42971710453446,0.0,,,
14,proposed,adaptive,44,132.38786005793406,2876.0862579142977,1880.0320269998629,132.38786005793406,2876.0862579142977,154.7474544294655,True,671.3228884001728,0.0,5,2,8,2,0,1491,1208.70913859969,2876.0862579142977,132.38786005793406,0.0,,,
14,pso,adaptive,39,151.20275342763324,2705.123654917935,2071.9209975996055,151.20275342763324,2705.123654917935,155.90136410635577,True,25.155118299880996,0.0,58,15,7,4,0,1803,2046.7658792997245,2705.123654917935,151.20275342763324,0.0,,,
15,aco,adaptive,42,138.08248726004229,2706.516649790059,737.3220889999066,138.08248726004229,2706.516649790059,155.87484179591206,True,36.73086189990863,0.0,1,2,8,1,0,1432,700.5912270999979,2706.516649790059,138.08248726004229,0.0,,,
15,ga,adaptive,44,145.8479350454043,2888.8820254894845,2270.3643093996216,145.8479350454043,2888.8820254894845,153.39116313181003,True,34.50750489998609,0.0,1,1,8,1,0,1639,2235.8568044996355,2888.8820254894845,145.8479350454043,0.0,,,
15,nn,adaptive,42,166.13584694187242,3157.8547431145425,116.51827160012908,166.13584694187242,3157.8547431145425,155.24623992724946,True,13.425264499848709,0.0,55,4,8,4,0,1990,103.09300710028037,3157.8547431145425,166.13584694187242,0.0,,,
15,proposed,adaptive,44,132.52162332806208,2797.3526594879754,1629.6739269993268,132.52162332806208,2797.3526594879754,155.4706347708899,True,604.3578747999854,0.0,0,0,8,0,0,1352,1025.3160521993414,2797.3526594879754,132.52162332806208,0.0,,,
15,pso,adaptive,38,157.56883343339524,2712.3026352379443,2452.686397599755,157.56883343339524,2712.3026352379443,159.1652463151915,True,26.866596600040793,0.0,31,9,7,2,0,1930,2425.819800999714,2712.3026352379443,157.56883343339524,0.0,,,
16,aco,adaptive,45,150.63874974526766,2906.9852743432575,785.7396602001972,150.63874974526766,2906.9852743432575,149.03179268573695,True,36.1853038999252,0.0,0,0,8,0,0,1413,749.554356300272,2906.9852743432575,150.63874974526766,0.0,,,
16,ga,adaptive,46,156.91725228590616,3151.5609641508645,3438.684370800853,156.91725228590616,3151.5609641508645,155.47491719849708,True,30.53082610014826,0.0,50,6,8,2,0,1752,3408.1535447007045,3151.5609641508645,156.91725228590616,0.0,,,
16,nn,adaptive,43,170.0622696281713,3419.7274091619165,109.50946839945391,170.0622696281713,3419.7274091619165,155.8274759182866,True,12.399108499987051,0.0,35,5,8,2,0,1870,97.11035989946686,3419.7274091619165,170.0622696281713,0.0,,,
16,proposed,adaptive,44,148.0640688136134,2896.898694553087,1614.0591122994665,148.0640688136134,2896.898694553087,155.15518335470082,True,771.8310839999467,0.0,10,1,8,1,0,1409,842.2280282995198,2896.898694553087,148.0640688136134,0.0,,,
16,pso,adaptive,43,166.88402822404728,2873.9682594279966,2959.1180711006746,166.88402822404728,2873.9682594279966,152.93602006341587,True,22.798506899969652,0.0,70,8,8,4,0,1804,2936.319564200705,2873.9682594279966,166.88402822404728,0.0,,,
17,aco,adaptive,37,137.46041167288038,2576.4974740655,663.4718056998681,137.46041167288038,2576.4974740655,158.47483562433484,True,36.71078599989414,0.0,0,1,7,1,0,1510,626.761019699974,2576.4974740655,137.46041167288038,0.0,,,
17,ga,adaptive,42,147.25997332002075,2880.7742828913083,2820.9876556000672,147.25997332002075,2880.7742828913083,153.8447473080845,True,32.61064609978348,0.0,18,4,8,1,0,1905,2788.3770095002837,2880.7742828913083,147.25997332002075,0.0,,,
17,nn,adaptive,41,159.79229760578406,2909.5698920592167,103.10678520076908,159.79229760578406,2909.5698920592167,148.39103616934526,True,13.031904499977827,0.0,33,6,7,4,0,1965,90.07488070079125,2909.5698920592167,159.79229760578406,0.0,,,
17,proposed,adaptive,43,132.79319077668234,3052.132312398225,1585.3252524004783,132.79319077668234,3052.132312398225,152.91811466867918,True,650.537491499912,0.0,0,0,8,0,0,1461,934.7877609005664,3052.132312398225,132.79319077668234,0.0,,,
17,pso,adaptive,42,154.7590912280018,2982.3307607392544,1910.7555999001488,154.7590912280018,2982.3307607392544,151.55747529261265,True,25.95238079992123,0.0,56,7,8,3,0,1853,1884.8032191002276,2982.3307607392544,154.7590912280018,0.0,,,
18,aco,adaptive,49,124.72268781439375,3366.9160060296804,755.6920169997029,124.72268781439375,3366.9160060296804,159.26208885615245,True,37.42858409998007,0.0,9,5,9,2,0,1645,718.2634328997228,3366.9160060296804,124.72268781439375,0.0,,,
18,ga,adaptive,42,132.56551674007886,2757.8898961944938,2863.1148462002166,132.56551674007886,2757.8898961944938,157.8995916394566,True,33.792259600013494,0.0,4,3,8,1,0,1862,2829.322586600203,2757.8898961944938,132.56551674007886,0.0,,,
18,nn,adaptive,35,146.6953826675706,2684.5069725501776,94.07522019953467,146.6953826675706,2684.5069725501776,157.73703824675303,True,14.100679399911314,0.0,66,7,6,4,0,2037,79.97454079962336,2684.5069725501776,146.6953826675706,0.0,,,
18,proposed,adaptive,43,120.24104295938497,2672.686081759909,1704.5974897993729,120.24104295938497,2672.686081759909,150.79733872872728,True,800.0410735998303,0.0,2,0,8,1,0,1450,904.5564161995426,2672.686081759909,120.24104295938497,0.0,,,
18,pso,adaptive,40,138.15302052153527,2893.141816395541,2211.0955495003145,138.15302052153527,2893.141816395541,151.23343939737185,True,27.246513000223786,0.0,47,9,7,2,0,1766,2183.8490365000907,2893.141816395541,138.15302052153527,0.0,,,
19,aco,adaptive,41,114.77191574345181,2794.808092836062,725.8331256001256,114.77191574345181,2794.808092836062,158.66732391108798,True,35.54087170003913,0.0,2,4,7,2,0,1856,690.2922539000865,2794.808092836062,114.77191574345181,0.0,,,
19,ga,adaptive,43,126.88418232367125,2899.356370825274,2844.576437199721,126.88418232367125,2899.356370825274,157.6511876539217,True,32.809166699880734,0.0,49,12,8,3,0,2187,2811.7672704998404,2899.356370825274,126.88418232367125,0.0,,,
19,nn,adaptive,46,132.61663602264193,3211.4870614956885,113.65284380037338,132.61663602264193,3211.4870614956885,149.1078908566394,True,12.475819800281897,0.0,9,2,8,1,0,2160,101.17702400009148,3211.4870614956885,132.61663602264193,0.0,,,
19,proposed,adaptive,44,108.18505272353178,2799.0136310890216,1583.0171451002825,108.18505272353178,2799.0136310890216,158.59955678686407,True,650.8971327000763,0.0,26,2,8,1,0,1635,932.1200124002062,2799.0136310890216,108.18505272353178,0.0,,,
19,pso,adaptive,44,126.01356321265837,3079.131963199852,2434.906165300403,126.01356321265837,3079.131963199852,156.39789173166946,True,23.0855285001453,0.0,33,11,8,4,0,2070,2411.8206368002575,3079.131963199852,126.01356321265837,0.0,,,
20,aco,adaptive,49,121.56244652508607,3420.5220451667697,780.4268513994757,121.56244652508607,3420.5220451667697,161.4227331704755,True,36.36514319991693,0.0,0,0,9,0,0,1703,744.0617081995588,3420.5220451667697,121.56244652508607,0.0,,,
20,ga,adaptive,47,127.87765693871543,3067.1213676331645,3270.567870499799,127.87765693871543,3067.1213676331645,154.45030996278717,True,33.4521129000932,0.0,2,3,9,1,0,1847,3237.115757599706,3067.1213676331645,127.87765693871543,0.0,,,
20,nn,adaptive,48,144.8847902180724,3321.2359667883356,122.25869319960475,144.8847902180724,3321.2359667883356,148.45450729904874,True,13.040859499946237,0.0,20,3,9,1,0,2004,109.21783369965851,3321.2359667883356,144.8847902180724,0.0,,,
20,proposed,adaptive,42,117.47081498627044,2829.722323596658,1628.3379392994102,117.47081498627044,2829.722323596658,157.07177012685452,True,647.6746672000736,0.0,5,1,8,2,0,1487,980.6632720993366,2829.722323596658,117.47081498627044,0.0,,,
20,pso,adaptive,42,132.77162376575936,2992.8483002427333,2058.0187329004984,132.77162376575936,2992.8483002427333,157.26011123003818,True,25.46574899996631,0.0,71,9,8,3,0,2129,2032.5529839005321,2992.8483002427333,132.77162376575936,0.0,,,
21,aco,adaptive,44,120.94498105124747,3085.4583959108813,595.920110899955,120.94498105124747,3085.4583959108813,156.43547072095626,True,36.58087629987858,0.0,1,2,8,1,0,1913,559.3392346000765,3085.4583959108813,120.94498105124747,0.0,,,
21,ga,adaptive,41,128.56111014575245,2956.589366478055,3532.395121099893,128.56111014575245,2956.589366478055,160.1891174264266,True,32.38630450004712,0.0,1,1,7,1,0,1944,3500.008816599846,2956.589366478055,128.56111014575245,0.0,,,
21,nn,adaptive,39,142.04188451131316,2845.5198141820247,95.94089960027486,142.04188451131316,2845.5198141820247,155.4998038154626,True,12.707037199754268,0.0,43,6,7,2,0,2453,83.2338624005206,2845.5198141820247,142.04188451131316,0.0,,,
21,proposed,adaptive,42,113.1068011251361,2986.555781724528,1344.4963994999416,113.1068011251361,2986.555781724528,157.65320888538892,True,527.0137896998785,0.0,0,0,8,0,0,1672,817.4826098000631,2986.555781724528,113.1068011251361,0.0,,,
21,pso,adaptive,39,132.98384950562965,2800.5459598429115,2259.772808399517,132.98384950562965,2800.5459598429115,157.98441045903655,True,26.47042250004597,0.0,36,11,7,2,0,2180,2233.302385899471,2800.5459598429115,132.98384950562965,0.0,,,
22,aco,adaptive,43,101.99131408504529,3368.7978799479506,536.4831046005711,101.99131408504529,3368.7978799479506,152.8719311678359,True,36.18578580021858,0.0,0,1,8,2,0,1752,500.2973188003525,3368.7978799479506,101.99131408504529,0.0,,,
22,ga,adaptive,49,110.19034396260665,3162.6631424148845,3278.718147599604,110.19034396260665,3162.6631424148845,156.73555737986447,True,40.31375570013188,0.0,9,3,9,2,0,2017,3238.404391899472,3162.6631424148845,110.19034396260665,0.0,,,
22,nn,adaptive,38,122.26307623953849,2739.4670584668725,101.98377950000577,122.26307623953849,2739.4670584668725,157.69710758592447,True,12.930674200179055,0.0,45,4,7,2,0,2639,89.05310529982671,2739.4670584668725,122.26307623953849,0.0,,,
22,proposed,adaptive,45,98.14288400423142,2872.9550285987,2393.737025999464,98.14288400423142,2872.9550285987,154.601101800236,True,1269.2055744000245,0.0,4,1,8,2,0,1684,1124.5314515994396,2872.9550285987,98.14288400423142,0.0,,,
22,pso,adaptive,45,118.23653659228566,3129.6073943214687,2554.6389544995036,118.23653659228566,3129.6073943214687,159.39112549401224,True,26.638061999808997,0.0,51,7,8,2,0,2365,2528.0008924996946,3129.6073943214687,118.23653659228566,0.0,,,
23,aco,adaptive,43,96.50713665570309,2876.2522946590493,769.9982597997878,96.50713665570309,2876.2522946590493,155.67190675268608,True,36.724514100002125,0.0,0,1,8,1,0,1880,733.2737456997856,2876.2522946590493,96.50713665570309,0.0,,,
23,ga,adaptive,42,104.97823573468654,2706.565948598983,2824.094610299915,104.97823573468654,2706.565948598983,160.68413070594946,True,35.26235170010477,0.0,3,0,8,1,0,2138,2788.8322585998103,2706.565948598983,104.97823573468654,0.0,,,
23,nn,adaptive,41,112.38465329677705,2880.3065362974817,104.25010370020755,112.38465329677705,2880.3065362974817,160.5814150558671,True,13.452838900033385,0.0,17,6,7,1,0,2116,90.79726480017416,2880.3065362974817,112.38465329677705,0.0,,,
23,proposed,adaptive,49,92.04832285223216,3242.1670916425946,2212.8906417007092,92.04832285223216,3242.1670916425946,156.61675805755755,True,1208.2722469000146,0.0,24,2,9,2,0,1813,1004.6183948006947,3242.1670916425946,92.04832285223216,0.0,,,
23,pso,adaptive,42,112.92202136795665,2858.0589189601856,2789.683900500182,112.92202136795665,2858.0589189601856,157.12058179349017,True,27.081671500345692,0.0,46,12,8,3,0,2293,2762.6022289998364,2858.0589189601856,112.92202136795665,0.0,,,
