run_id,method,n_bins,vehicles,start_hour,seed,energy_kwh,battery_remaining_mean_kwh,battery_remaining_min_kwh,battery_remaining_total_kwh,oracle_prep_s,runtime_s,makespan_s,served_bins,served_demand_kg,active_vehicles,exact_coverage,capacity_feasible,battery_feasible,return_feasible,feasible,exact_global_factor_graph,route_message_mode,rounds,converged,total_demand_kg,target_total_demand_kg
aco_n84_k10_h00_s7,aco,84,10,0,7,99.14027334818468,170.08597266518152,155.6728968209042,1700.8597266518152,17.100621699995827,24.22230170003604,2618.7298654289975,84,13168.0,10,True,True,True,True,True,,,,,13168.0,
ga_n84_k10_h00_s7,ga,84,10,0,7,108.2364377341352,169.17635622658648,159.38557716463396,1691.7635622658647,17.100621699995827,24.81663249997655,2797.2302254664396,84,13168.0,10,True,True,True,True,True,,,,,13168.0,
nn_n84_k10_h00_s7,nn,84,10,0,7,122.21758102418222,167.77824189758178,159.1811799204133,1677.7824189758178,17.100621699995827,0.24669299996457994,2972.330281135701,84,13168.0,10,True,True,True,True,True,,,,,13168.0,
pso_n84_k10_h00_s7,pso,84,10,0,7,117.37529753671909,168.2624702463281,160.00172665496376,1682.624702463281,17.100621699995827,14.620595899992622,2806.2054637562665,84,13168.0,10,True,True,True,True,True,,,,,13168.0,
aco_n84_k10_h01_s7,aco,84,10,1,7,85.99624663606323,171.40037533639367,161.21187102258807,1714.0037533639368,16.170686499972362,24.633485300000757,2514.0242394841075,84,13168.0,10,True,True,True,True,True,,,,,13168.0,
ga_n84_k10_h01_s7,ga,84,10,1,7,86.17487931776097,171.3825120682239,161.20713117945152,1713.825120682239,16.170686499972362,23.32820679998258,2437.7802762970455,84,13168.0,10,True,True,True,True,True,,,,,13168.0,
nn_n84_k10_h01_s7,nn,84,10,1,7,99.9729818461522,170.0027018153848,158.84675628224971,1700.0270181538478,16.170686499972362,0.24323459999868646,2642.883571177825,84,13168.0,10,True,True,True,True,True,,,,,13168.0,
pso_n84_k10_h01_s7,pso,84,10,1,7,95.6312179848694,170.43687820151305,160.07321663676112,1704.3687820151306,16.170686499972362,13.671425600012299,2682.66983777122,84,13168.0,10,True,True,True,True,True,,,,,13168.0,
aco_n84_k10_h02_s7,aco,84,10,2,7,84.79678356246298,171.5203216437537,161.22992361217732,1715.203216437537,15.933622899989132,23.09378740005195,2505.6248592641005,84,13168.0,10,True,True,True,True,True,,,,,13168.0,
ga_n84_k10_h02_s7,ga,84,10,2,7,86.79480530622692,171.3205194693773,163.91527919519294,1713.2051946937731,15.933622899989132,19.249808299995493,2438.636963934201,84,13168.0,10,True,True,True,True,True,,,,,13168.0,
nn_n84_k10_h02_s7,nn,84,10,2,7,100.06390832318587,169.99360916768143,159.0558635607588,1699.9360916768142,15.933622899989132,0.23844719998305663,2654.940001317053,84,13168.0,10,True,True,True,True,True,,,,,13168.0,
pso_n84_k10_h02_s7,pso,84,10,2,7,94.83195826461777,170.51680417353822,156.15152276868355,1705.1680417353823,15.933622899989132,12.185781300009694,2902.1333235452335,84,13168.0,10,True,True,True,True,True,,,,,13168.0,
aco_n84_k10_h03_s7,aco,84,10,3,7,87.52873831307458,171.24712616869255,162.06937221727054,1712.4712616869253,16.383670799958054,22.550346300005913,2815.7326610816654,84,13168.0,10,True,True,True,True,True,,,,,13168.0,
ga_n84_k10_h03_s7,ga,84,10,3,7,91.29349095242765,170.87065090475724,164.73476798997686,1708.7065090475724,16.383670799958054,20.667382700019516,2640.9563758642867,84,13168.0,10,True,True,True,True,True,,,,,13168.0,
nn_n84_k10_h03_s7,nn,84,10,3,7,105.92988401711085,169.4070115982889,162.81353981607975,1694.070115982889,16.383670799958054,0.24452169996220618,2699.1196806029075,84,13168.0,10,True,True,True,True,True,,,,,13168.0,
pso_n84_k10_h03_s7,pso,84,10,3,7,104.3931909100469,169.5606809089953,163.19221119511823,1695.606809089953,16.383670799958054,11.93135930004064,2648.7649702390545,84,13168.0,10,True,True,True,True,True,,,,,13168.0,
aco_n84_k10_h04_s7,aco,84,10,4,7,83.7075347152783,171.62924652847215,159.58058744167226,1716.2924652847216,16.17882329999702,23.281599799985997,2605.8323772011054,84,13168.0,10,True,True,True,True,True,,,,,13168.0,
ga_n84_k10_h04_s7,ga,84,10,4,7,88.48539654510957,171.15146034548906,163.74124708464834,1711.5146034548904,16.17882329999702,21.799102400022093,2676.1642229637337,84,13168.0,10,True,True,True,True,True,,,,,13168.0,
nn_n84_k10_h04_s7,nn,84,10,4,7,102.71235738767786,169.72876426123221,160.4038521500087,1697.287642612322,16.17882329999702,0.2386679999763146,3035.6523702536842,84,13168.0,10,True,True,True,True,True,,,,,13168.0,
pso_n84_k10_h04_s7,pso,84,10,4,7,98.0566455616479,170.1943354438352,162.60552774788442,1701.9433544383521,16.17882329999702,14.239448599983007,2572.264863872153,84,13168.0,10,True,True,True,True,True,,,,,13168.0,
aco_n84_k10_h05_s7,aco,84,10,5,7,88.1454992430999,171.18545007569,163.06506857445646,1711.8545007569,16.060657699999865,22.49443149997387,2875.463795648613,84,13168.0,10,True,True,True,True,True,,,,,13168.0,
ga_n84_k10_h05_s7,ga,84,10,5,7,90.69323981713559,170.93067601828642,161.08186490169362,1709.3067601828643,16.060657699999865,20.501041000010446,2560.648351482438,84,13168.0,10,True,True,True,True,True,,,,,13168.0,
nn_n84_k10_h05_s7,nn,84,10,5,7,104.33449833770275,169.56655016622972,163.13821832239282,1695.6655016622972,16.060657699999865,0.25405039999168366,2604.965204170787,84,13168.0,10,True,True,True,True,True,,,,,13168.0,
pso_n84_k10_h05_s7,pso,84,10,5,7,100.34350527462837,169.96564947253717,163.51500417849684,1699.6564947253717,16.060657699999865,12.620236099988688,2878.2370664716973,84,13168.0,10,True,True,True,True,True,,,,,13168.0,
aco_n84_k10_h06_s7,aco,84,10,6,7,92.96996975097976,170.70300302490202,158.04800382663896,1707.0300302490202,15.943908000015654,22.705862500006333,2533.2653442617348,84,13168.0,10,True,True,True,True,True,,,,,13168.0,
ga_n84_k10_h06_s7,ga,84,10,6,7,101.01510220794125,169.89848977920587,163.40862225482985,1698.9848977920587,15.943908000015654,18.78146339999512,2621.151236031211,84,13168.0,10,True,True,True,True,True,,,,,13168.0,
nn_n84_k10_h06_s7,nn,84,10,6,7,119.13530685094098,168.0864693149059,162.69008278346655,1680.8646931490591,15.943908000015654,0.22905259998515248,3018.7346854671723,84,13168.0,10,True,True,True,True,True,,,,,13168.0,
pso_n84_k10_h06_s7,pso,84,10,6,7,112.11765105405502,168.7882348945945,159.62379043204638,1687.882348945945,15.943908000015654,12.73313579999376,2956.6213567073914,84,13168.0,10,True,True,True,True,True,,,,,13168.0,
aco_n84_k10_h07_s7,aco,84,10,7,7,113.0225267711372,168.6977473228863,155.79063567354856,1686.977473228863,15.390885400003754,23.2693900000304,2704.5165277697606,84,13168.0,10,True,True,True,True,True,,,,,13168.0,
ga_n84_k10_h07_s7,ga,84,10,7,7,120.13098869647995,167.986901130352,156.3256065405137,1679.86901130352,15.390885400003754,18.942332299950067,3091.654171640421,84,13168.0,10,True,True,True,True,True,,,,,13168.0,
nn_n84_k10_h07_s7,nn,84,10,7,7,133.30479709605228,166.6695202903948,161.89775204616276,1666.6952029039478,15.390885400003754,0.23375419998774305,2601.131528814738,84,13168.0,10,True,True,True,True,True,,,,,13168.0,
pso_n84_k10_h07_s7,pso,84,10,7,7,123.11883922074529,167.68811607792549,160.94577496832068,1676.8811607792547,15.390885400003754,15.070099100004882,2786.635612518023,84,13168.0,10,True,True,True,True,True,,,,,13168.0,
aco_n84_k10_h08_s7,aco,84,10,8,7,129.26913066647768,167.07308693335224,153.47092178957217,1670.7308693335224,15.7253487999551,23.16634090000298,2505.378407550235,84,13168.0,10,True,True,True,True,True,,,,,13168.0,
ga_n84_k10_h08_s7,ga,84,10,8,7,137.10053796558628,166.2899462034414,156.6525831556383,1662.8994620344138,15.7253487999551,18.144863999972586,3173.9526701708405,84,13168.0,10,True,True,True,True,True,,,,,13168.0,
nn_n84_k10_h08_s7,nn,84,10,8,7,159.850489663433,164.0149510336567,151.59943751859768,1640.149510336567,15.7253487999551,0.2641105000511743,2934.16995413361,84,13168.0,10,True,True,True,True,True,,,,,13168.0,
pso_n84_k10_h08_s7,pso,84,10,8,7,151.12699795836406,164.8873002041636,152.70284930724492,1648.873002041636,15.7253487999551,12.333469000004698,3220.2234501665434,84,13168.0,10,True,True,True,True,True,,,,,13168.0,
aco_n84_k10_h09_s7,aco,84,10,9,7,139.5109317487668,166.0489068251233,143.61168861150384,1660.4890682512332,14.97932949999813,22.41784990002634,3411.985153042631,84,13168.0,10,True,True,True,True,True,,,,,13168.0,
ga_n84_k10_h09_s7,ga,84,10,9,7,150.68368207143092,164.9316317928569,148.52551363355226,1649.316317928569,14.97932949999813,20.107898699992802,3138.7759126023197,84,13168.0,10,True,True,True,True,True,,,,,13168.0,
nn_n84_k10_h09_s7,nn,84,10,9,7,164.2910661332142,163.5708933866786,152.70921811860254,1635.7089338667859,14.97932949999813,0.22747209999943152,3082.2859040174294,84,13168.0,10,True,True,True,True,True,,,,,13168.0,
pso_n84_k10_h09_s7,pso,84,10,9,7,158.39808532195673,164.1601914678043,152.82775995377511,1641.6019146780432,14.97932949999813,12.908499199955259,3213.134471526831,84,13168.0,10,True,True,True,True,True,,,,,13168.0,
aco_n84_k10_h10_s7,aco,84,10,10,7,161.80601377173042,163.81939862282695,149.84159267779785,1638.1939862282695,15.226223600038793,23.087812100013252,3611.051140985701,84,13168.0,10,True,True,True,True,True,,,,,13168.0,
ga_n84_k10_h10_s7,ga,84,10,10,7,166.57786230309637,163.34221376969035,150.81348226314165,1633.4221376969035,15.226223600038793,19.244578800047748,2688.83584117649,84,13168.0,10,True,True,True,True,True,,,,,13168.0,
nn_n84_k10_h10_s7,nn,84,10,10,7,189.14402554126042,161.08559744587396,149.95372626886933,1610.8559744587396,15.226223600038793,0.22097079997183755,3016.1957723588694,84,13168.0,10,True,True,True,True,True,,,,,13168.0,
pso_n84_k10_h10_s7,pso,84,10,10,7,184.18232535062322,161.58176746493768,150.81348226314165,1615.8176746493768,15.226223600038793,13.496561299951281,2781.7140753397643,84,13168.0,10,True,True,True,True,True,,,,,13168.0,
aco_n84_k10_h11_s7,aco,84,10,11,7,172.22520562321756,162.77747943767824,150.16263203148654,1627.7747943767824,15.05525239999406,23.46775800001342,2809.0542237216923,84,13168.0,10,True,True,True,True,True,,,,,13168.0,
ga_n84_k10_h11_s7,ga,84,10,11,7,188.52213461907732,161.14778653809225,148.43964693700903,1611.4778653809226,15.05525239999406,20.00947799999267,2806.7665595966096,84,13168.0,10,True,True,True,True,True,,,,,13168.0,
nn_n84_k10_h11_s7,nn,84,10,11,7,211.34676048403443,158.86532395159657,141.73860231570643,1588.6532395159657,15.05525239999406,0.25862929999129847,2923.242795305274,84,13168.0,10,True,True,True,True,True,,,,,13168.0,
pso_n84_k10_h11_s7,pso,84,10,11,7,203.61452982349496,159.63854701765052,142.22222064390363,1596.3854701765051,15.05525239999406,13.10981549997814,2891.3528175986676,84,13168.0,10,True,True,True,True,True,,,,,13168.0,
aco_n84_k10_h12_s7,aco,84,10,12,7,172.6131583882625,162.73868416117375,137.7300452130208,1627.3868416117375,16.18369979999261,22.767560299951583,4126.429419559268,84,13168.0,10,True,True,True,True,True,,,,,13168.0,
ga_n84_k10_h12_s7,ga,84,10,12,7,187.69813742971238,161.23018625702875,138.22135753022428,1612.3018625702875,16.18369979999261,21.579588799970224,2991.7804778880345,84,13168.0,10,True,True,True,True,True,,,,,13168.0,
nn_n84_k10_h12_s7,nn,84,10,12,7,211.10589415205257,158.88941058479475,144.0768207478736,1588.8941058479475,16.18369979999261,0.23991850001038983,3267.51822060145,84,13168.0,10,True,True,True,True,True,,,,,13168.0,
pso_n84_k10_h12_s7,pso,84,10,12,7,201.1806291847225,159.88193708152775,142.12554891992858,1598.8193708152776,16.18369979999261,13.49297329998808,3425.177228874799,84,13168.0,10,True,True,True,True,True,,,,,13168.0,
aco_n84_k10_h13_s7,aco,84,10,13,7,158.73096844111768,164.12690315588821,148.77780339768967,1641.2690315588823,15.045030099980067,24.122160500031896,3448.5521637679913,84,13168.0,10,True,True,True,True,True,,,,,13168.0,
ga_n84_k10_h13_s7,ga,84,10,13,7,174.08295977574602,162.5917040224254,153.37050025396974,1625.917040224254,15.045030099980067,19.064154000021517,2977.5471179514225,84,13168.0,10,True,True,True,True,True,,,,,13168.0,
nn_n84_k10_h13_s7,nn,84,10,13,7,190.8849848865424,160.91150151134576,150.28290921378925,1609.1150151134575,15.045030099980067,0.2947044000029564,3136.659441000267,84,13168.0,10,True,True,True,True,True,,,,,13168.0,
pso_n84_k10_h13_s7,pso,84,10,13,7,183.42836227492933,161.65716377250706,152.12345983569946,1616.5716377250706,15.045030099980067,13.522003800026141,3124.2770579067314,84,13168.0,10,True,True,True,True,True,,,,,13168.0,
aco_n84_k10_h14_s7,aco,84,10,14,7,145.87480169004527,165.41251983099545,151.9260590272958,1654.1251983099546,15.611472100019455,23.497367199975997,2916.9712455058234,84,13168.0,10,True,True,True,True,True,,,,,13168.0,
ga_n84_k10_h14_s7,ga,84,10,14,7,155.27891081026704,164.4721089189733,153.8342456623672,1644.721089189733,15.611472100019455,23.141714700032026,3519.9185965315346,84,13168.0,10,True,True,True,True,True,,,,,13168.0,
nn_n84_k10_h14_s7,nn,84,10,14,7,178.75155941927773,162.12484405807223,150.64681701808877,1621.2484405807222,15.611472100019455,0.24811639997642487,2648.9776831014206,84,13168.0,10,True,True,True,True,True,,,,,13168.0,
pso_n84_k10_h14_s7,pso,84,10,14,7,169.6268949067253,163.03731050932748,151.23013643904517,1630.3731050932747,15.611472100019455,12.76769340003375,2600.366605124086,84,13168.0,10,True,True,True,True,True,,,,,13168.0,
aco_n84_k10_h15_s7,aco,84,10,15,7,130.04551618242658,166.99544838175734,155.50765463986212,1669.9544838175734,15.22495699999854,23.182693399954587,2697.3857640826704,84,13168.0,10,True,True,True,True,True,,,,,13168.0,
ga_n84_k10_h15_s7,ga,84,10,15,7,146.8831860837677,165.31168139162324,156.54090798241026,1653.1168139162323,15.22495699999854,22.213496099982876,3023.431907618373,84,13168.0,10,True,True,True,True,True,,,,,13168.0,
nn_n84_k10_h15_s7,nn,84,10,15,7,164.721928586478,163.5278071413522,152.2731035217558,1635.2780714135222,15.22495699999854,0.2899967000121251,3099.6741389947124,84,13168.0,10,True,True,True,True,True,,,,,13168.0,
pso_n84_k10_h15_s7,pso,84,10,15,7,158.51238907206744,164.14876109279325,155.9942597626976,1641.4876109279326,15.22495699999854,14.686911099997815,3176.7664035937864,84,13168.0,10,True,True,True,True,True,,,,,13168.0,
aco_n84_k10_h16_s7,aco,84,10,16,7,154.27245517213285,164.5727544827867,152.3214280084296,1645.7275448278672,16.654444300045725,24.656445599975996,3310.758119815869,84,13168.0,10,True,True,True,True,True,,,,,13168.0,
ga_n84_k10_h16_s7,ga,84,10,16,7,166.54275589869258,163.34572441013074,153.27436438382014,1633.4572441013074,16.654444300045725,17.264651200035587,2892.5349145081263,84,13168.0,10,True,True,True,True,True,,,,,13168.0,
nn_n84_k10_h16_s7,nn,84,10,16,7,181.07905473044514,161.89209452695547,149.69836929915405,1618.9209452695547,16.654444300045725,0.26262059999862686,3155.0236506776214,84,13168.0,10,True,True,True,True,True,,,,,13168.0,
pso_n84_k10_h16_s7,pso,84,10,16,7,176.74484834006114,162.32551516599386,153.06217625456355,1623.2551516599387,16.654444300045725,10.405767199990805,3218.990730920962,84,13168.0,10,True,True,True,True,True,,,,,13168.0,
aco_n84_k10_h17_s7,aco,84,10,17,7,140.33660551635555,165.96633944836444,155.0396986682515,1659.6633944836444,14.858574100013357,23.573985199967865,2833.86435558644,84,13168.0,10,True,True,True,True,True,,,,,13168.0,
ga_n84_k10_h17_s7,ga,84,10,17,7,153.37899912548343,164.66210008745165,156.762761216125,1646.6210008745165,14.858574100013357,20.38864650001051,2786.211766735251,84,13168.0,10,True,True,True,True,True,,,,,13168.0,
nn_n84_k10_h17_s7,nn,84,10,17,7,169.7087933409537,163.02912066590463,152.3682349540771,1630.2912066590463,14.858574100013357,0.22993239999050274,3123.5416322273522,84,13168.0,10,True,True,True,True,True,,,,,13168.0,
pso_n84_k10_h17_s7,pso,84,10,17,7,160.6282624666482,163.93717375333517,155.26662707022808,1639.3717375333517,14.858574100013357,12.635853000043426,2611.724225313331,84,13168.0,10,True,True,True,True,True,,,,,13168.0,
aco_n84_k10_h18_s7,aco,84,10,18,7,129.8559064326359,167.0144093567364,152.54657273259713,1670.144093567364,14.993228000006638,21.147738399973605,2948.943404112808,84,13168.0,10,True,True,True,True,True,,,,,13168.0,
ga_n84_k10_h18_s7,ga,84,10,18,7,137.0169930510861,166.2983006948914,157.78442107402566,1662.983006948914,14.993228000006638,21.116121299972292,2575.791665618115,84,13168.0,10,True,True,True,True,True,,,,,13168.0,
nn_n84_k10_h18_s7,nn,84,10,18,7,162.5877766769375,163.74122233230625,153.4387103129418,1637.4122233230626,14.993228000006638,0.25823829998262227,2763.070121171136,84,13168.0,10,True,True,True,True,True,,,,,13168.0,
pso_n84_k10_h18_s7,pso,84,10,18,7,151.3725203568789,164.8627479643121,156.04400867242313,1648.627479643121,14.993228000006638,13.999476300028618,2569.7103763613227,84,13168.0,10,True,True,True,True,True,,,,,13168.0,
aco_n84_k10_h19_s7,aco,84,10,19,7,108.90857313955718,169.1091426860443,158.64348247746824,1691.0914268604429,15.690779500000644,22.552560599986464,2748.705198424921,84,13168.0,10,True,True,True,True,True,,,,,13168.0,
ga_n84_k10_h19_s7,ga,84,10,19,7,120.96922882956224,167.90307711704378,157.06132298059882,1679.0307711704377,15.690779500000644,19.70247279998148,2749.5126904185217,84,13168.0,10,True,True,True,True,True,,,,,13168.0,
nn_n84_k10_h19_s7,nn,84,10,19,7,132.28440400489956,166.77155959951006,155.85062715396356,1667.7155959951006,15.690779500000644,0.29622590000508353,2679.6773023944447,84,13168.0,10,True,True,True,True,True,,,,,13168.0,
pso_n84_k10_h19_s7,pso,84,10,19,7,128.44271433570552,167.15572856642945,156.5971729173323,1671.5572856642946,15.690779500000644,10.866210899956059,2866.1234351596886,84,13168.0,10,True,True,True,True,True,,,,,13168.0,
aco_n84_k10_h20_s7,aco,84,10,20,7,120.75231432956502,167.9247685670435,154.97551383054775,1679.247685670435,15.893011400010437,23.380482900014613,3516.6581778300533,84,13168.0,10,True,True,True,True,True,,,,,13168.0,
ga_n84_k10_h20_s7,ga,84,10,20,7,128.02029471086712,167.1979705289133,154.6825004117531,1671.9797052891329,15.893011400010437,22.241662799962796,2826.329492349368,84,13168.0,10,True,True,True,True,True,,,,,13168.0,
nn_n84_k10_h20_s7,nn,84,10,20,7,146.0703189138637,165.39296810861362,154.97186664280497,1653.9296810861363,15.893011400010437,0.2837914999690838,2774.6858287791742,84,13168.0,10,True,True,True,True,True,,,,,13168.0,
pso_n84_k10_h20_s7,pso,84,10,20,7,140.3474181788881,165.9652581821112,157.54973479525196,1659.6525818211119,15.893011400010437,13.809927600028459,2818.372948571722,84,13168.0,10,True,True,True,True,True,,,,,13168.0,
aco_n84_k10_h21_s7,aco,84,10,21,7,123.50250049635403,167.6497499503646,155.34465035934716,1676.497499503646,15.763378400006332,23.43287550000241,2913.883970248763,84,13168.0,10,True,True,True,True,True,,,,,13168.0,
ga_n84_k10_h21_s7,ga,84,10,21,7,132.43848863350556,166.75615113664944,160.1001280166105,1667.5615113664944,15.763378400006332,20.347095099976286,2578.4640001505786,84,13168.0,10,True,True,True,True,True,,,,,13168.0,
nn_n84_k10_h21_s7,nn,84,10,21,7,156.63200397628202,164.3367996023718,156.2637452731825,1643.367996023718,15.763378400006332,0.26680470001883805,2731.453149196342,84,13168.0,10,True,True,True,True,True,,,,,13168.0,
pso_n84_k10_h21_s7,pso,84,10,21,7,149.9142940055092,165.0085705994491,146.07041021294182,1650.0857059944908,15.763378400006332,14.246103000012226,4062.7036656540067,84,13168.0,10,True,True,True,True,True,,,,,13168.0,
aco_n84_k10_h22_s7,aco,84,10,22,7,108.54917550614537,169.14508244938548,159.10644815910058,1691.4508244938547,15.40413229999831,24.214687299972866,2756.9800137048805,84,13168.0,10,True,True,True,True,True,,,,,13168.0,
ga_n84_k10_h22_s7,ga,84,10,22,7,116.36379669381519,168.3636203306185,157.2468305165542,1683.6362033061848,15.40413229999831,26.00963679997949,2468.429564618661,84,13168.0,10,True,True,True,True,True,,,,,13168.0,
nn_n84_k10_h22_s7,nn,84,10,22,7,129.62161686088874,167.03783831391112,153.24101590659862,1670.3783831391113,15.40413229999831,0.28141860000323504,2742.879967815136,84,13168.0,10,True,True,True,True,True,,,,,13168.0,
pso_n84_k10_h22_s7,pso,84,10,22,7,125.75056801174722,167.42494319882528,152.93819421599457,1674.2494319882528,15.40413229999831,14.563399700040463,2884.843250752501,84,13168.0,10,True,True,True,True,True,,,,,13168.0,
aco_n84_k10_h23_s7,aco,84,10,23,7,95.50754844443985,170.449245155556,159.51505868146472,1704.4924515555601,16.51597900001798,23.812415099993814,2583.9296531597306,84,13168.0,10,True,True,True,True,True,,,,,13168.0,
ga_n84_k10_h23_s7,ga,84,10,23,7,107.69341668851546,169.23065833114845,160.4241238318272,1692.3065833114845,16.51597900001798,28.91760400001658,2874.106524142776,84,13168.0,10,True,True,True,True,True,,,,,13168.0,
nn_n84_k10_h23_s7,nn,84,10,23,7,122.00708525426636,167.79929147457335,157.70779612335275,1677.9929147457335,16.51597900001798,0.23422440001741052,2924.567044554628,84,13168.0,10,True,True,True,True,True,,,,,13168.0,
pso_n84_k10_h23_s7,pso,84,10,23,7,117.21621148816746,168.27837885118325,158.47043731518377,1682.7837885118324,16.51597900001798,15.014149800001178,2876.9675130924475,84,13168.0,10,True,True,True,True,True,,,,,13168.0,
