run_id,method,start_hour,active_vehicles,vehicle_time_mean_s,vehicle_time_min_s,vehicle_time_max_s
aco_n84_k10_h00_s7,aco,0,10,1601.9240018450812,247.8431550770202,2618.7298654289975
aco_n84_k10_h01_s7,aco,1,10,1600.8595494376857,233.3787439473569,2514.0242394841075
aco_n84_k10_h02_s7,aco,2,10,1530.0252210546262,243.07414055613228,2505.6248592641005
aco_n84_k10_h03_s7,aco,3,10,1566.3410497930504,259.5441219961064,2815.7326610816654
aco_n84_k10_h04_s7,aco,4,10,1557.034815913943,229.24290141482757,2605.8323772011054
aco_n84_k10_h05_s7,aco,5,10,1615.9057265911015,171.01354126285753,2875.463795648613
aco_n84_k10_h06_s7,aco,6,10,1590.7877702274425,225.79388256499084,2533.2653442617348
aco_n84_k10_h07_s7,aco,7,10,1661.2240385704365,254.3182591246508,2704.5165277697606
aco_n84_k10_h08_s7,aco,8,10,1671.0977976083946,740.4872069359002,2505.378407550235
aco_n84_k10_h09_s7,aco,9,10,1711.0062948168354,217.81632312729266,3411.985153042631
aco_n84_k10_h10_s7,aco,10,10,1839.361145216763,224.8010218157624,3611.051140985701
aco_n84_k10_h11_s7,aco,11,10,1840.6243956305789,315.1679532018527,2809.0542237216923
aco_n84_k10_h12_s7,aco,12,10,1874.8883539802766,329.2858351863918,4126.429419559268
aco_n84_k10_h13_s7,aco,13,10,1760.7524363369243,221.17927694888542,3448.5521637679913
aco_n84_k10_h14_s7,aco,14,10,1795.1098192598772,477.5339734839858,2916.9712455058234
aco_n84_k10_h15_s7,aco,15,10,1708.3731449538511,309.6164357225741,2697.3857640826704
aco_n84_k10_h16_s7,aco,16,10,1686.0868157737555,378.31841892631996,3310.758119815869
aco_n84_k10_h17_s7,aco,17,10,1668.406710063873,166.31604232627978,2833.86435558644
aco_n84_k10_h18_s7,aco,18,10,1643.4227135581611,305.9429169320876,2948.943404112808
aco_n84_k10_h19_s7,aco,19,10,1709.6541525428704,251.15698223190137,2748.705198424921
aco_n84_k10_h20_s7,aco,20,10,1723.965150373358,467.38947921604006,3516.6581778300533
aco_n84_k10_h21_s7,aco,21,10,1671.911375514533,314.0984933827732,2913.883970248763
aco_n84_k10_h22_s7,aco,22,10,1662.4856979206838,204.1527443738907,2756.9800137048805
aco_n84_k10_h23_s7,aco,23,10,1610.3369429211762,237.5596652686791,2583.9296531597306
ga_n84_k10_h00_s7,ga,0,10,1746.5683361391898,247.8431550770202,2797.2302254664396
ga_n84_k10_h01_s7,ga,1,10,1573.1556179002,233.3787439473569,2437.7802762970455
ga_n84_k10_h02_s7,ga,2,10,1568.3293848790604,401.98417806892076,2438.636963934201
ga_n84_k10_h03_s7,ga,3,10,1620.2754721206106,259.5441219961064,2640.9563758642867
ga_n84_k10_h04_s7,ga,4,10,1610.716620570591,204.14722150126138,2676.1642229637337
ga_n84_k10_h05_s7,ga,5,10,1613.5811631997153,227.39512064760228,2560.648351482438
ga_n84_k10_h06_s7,ga,6,10,1714.1587369759254,203.26278535063526,2621.151236031211
ga_n84_k10_h07_s7,ga,7,10,1694.4781196181625,254.3182591246508,3091.654171640421
ga_n84_k10_h08_s7,ga,8,10,1717.1359688018579,486.8589213220456,3173.9526701708405
ga_n84_k10_h09_s7,ga,9,10,1763.964269177562,277.578251739123,3138.7759126023197
ga_n84_k10_h10_s7,ga,10,10,1801.3837400103498,301.677656636112,2688.83584117649
ga_n84_k10_h11_s7,ga,11,10,1884.1413613122327,315.1679532018527,2806.7665595966096
ga_n84_k10_h12_s7,ga,12,10,1838.7018823475453,197.193377431243,2991.7804778880345
ga_n84_k10_h13_s7,ga,13,10,1899.8336047842326,221.17927694888542,2977.5471179514225
ga_n84_k10_h14_s7,ga,14,10,1817.6427568557315,552.5856368441681,3519.9185965315346
ga_n84_k10_h15_s7,ga,15,10,1807.8051547202588,798.3632442867822,3023.431907618373
ga_n84_k10_h16_s7,ga,16,10,1805.2908187865924,201.32603746655616,2892.5349145081263
ga_n84_k10_h17_s7,ga,17,10,1788.3047042414862,481.972299126876,2786.211766735251
ga_n84_k10_h18_s7,ga,18,10,1780.198393323716,772.0226136011643,2575.791665618115
ga_n84_k10_h19_s7,ga,19,10,1802.28980114275,251.15698223190137,2749.5126904185217
ga_n84_k10_h20_s7,ga,20,10,1721.1849188329845,287.6881538760642,2826.329492349368
ga_n84_k10_h21_s7,ga,21,10,1749.089929847472,305.58915268915564,2578.4640001505786
ga_n84_k10_h22_s7,ga,22,10,1732.4566714266052,228.9869171954147,2468.429564618661
ga_n84_k10_h23_s7,ga,23,10,1792.3788523975095,207.34579346438636,2874.106524142776
nn_n84_k10_h00_s7,nn,0,10,1876.1488381662598,180.14639795710877,2972.330281135701
nn_n84_k10_h01_s7,nn,1,10,1705.6491565001502,176.82416668276076,2642.883571177825
nn_n84_k10_h02_s7,nn,2,10,1705.7873133732894,175.5361745981055,2654.940001317053
nn_n84_k10_h03_s7,nn,3,10,1749.350942287542,249.3966756986972,2699.1196806029075
nn_n84_k10_h04_s7,nn,4,10,1772.48388858325,174.12357190938428,3035.6523702536842
nn_n84_k10_h05_s7,nn,5,10,1756.3559424434911,171.01354126285753,2604.965204170787
nn_n84_k10_h06_s7,nn,6,10,1846.2847797977706,176.77592471785107,3018.7346854671723
nn_n84_k10_h07_s7,nn,7,10,1812.9200290792953,186.61934715055708,2601.131528814738
nn_n84_k10_h08_s7,nn,8,10,1866.2859810689715,482.8477747342056,2934.16995413361
nn_n84_k10_h09_s7,nn,9,10,1867.8177283367957,188.775341329573,3082.2859040174294
nn_n84_k10_h10_s7,nn,10,10,1973.0163157128504,192.27125506116175,3016.1957723588694
nn_n84_k10_h11_s7,nn,11,10,1995.8659229239115,190.45188368645637,2923.242795305274
nn_n84_k10_h12_s7,nn,12,10,1986.5464987578332,197.193377431243,3267.51822060145
nn_n84_k10_h13_s7,nn,13,10,1937.5938313486283,192.18930693335994,3136.659441000267
nn_n84_k10_h14_s7,nn,14,10,1974.2624419062734,944.4481113730326,2648.9776831014206
nn_n84_k10_h15_s7,nn,15,10,1925.6533649258386,196.59357845185207,3099.6741389947124
nn_n84_k10_h16_s7,nn,16,10,1869.2568571321444,201.32603746655616,3155.0236506776214
nn_n84_k10_h17_s7,nn,17,10,1878.1474678985155,192.21130844232601,3123.5416322273522
nn_n84_k10_h18_s7,nn,18,10,1895.4807977069086,196.23688883756915,2763.070121171136
nn_n84_k10_h19_s7,nn,19,10,1895.534185777777,185.58609237646988,2679.6773023944447
nn_n84_k10_h20_s7,nn,20,10,1853.9127976256016,189.9610965728741,2774.6858287791742
nn_n84_k10_h21_s7,nn,21,10,1920.036097284142,305.58915268915564,2731.453149196342
nn_n84_k10_h22_s7,nn,22,10,1848.6335369852495,184.24398834641636,2742.879967815136
nn_n84_k10_h23_s7,nn,23,10,1822.7887693063392,181.6017282497176,2924.567044554628
proposed_n84_k10_h00_s7,proposed,0,10,1581.8996870142284,247.8431550770202,2858.6420714817746
proposed_n84_k10_h01_s7,proposed,1,10,1538.9927068183417,227.92760360291427,2747.4301076531438
proposed_n84_k10_h02_s7,proposed,2,10,1524.0210180398358,214.48363660168593,2500.4167510079187
proposed_n84_k10_h03_s7,proposed,3,10,1529.0711519875033,217.1922291309068,3061.092949056481
proposed_n84_k10_h04_s7,proposed,4,10,1532.5502196774426,204.14722150126138,2626.3418354715477
proposed_n84_k10_h05_s7,proposed,5,10,1555.357504590676,199.4934856981421,2653.358524065653
proposed_n84_k10_h06_s7,proposed,6,10,1572.8931349680342,176.77592471785107,2598.0608007007468
proposed_n84_k10_h07_s7,proposed,7,10,1590.964596050359,210.57530532549873,2940.8747647106165
proposed_n84_k10_h08_s7,proposed,8,10,1609.508950687433,222.60827868987388,2747.1273883302624
proposed_n84_k10_h09_s7,proposed,9,10,1666.6678185944456,272.961161414352,2885.7625472435666
proposed_n84_k10_h10_s7,proposed,10,10,1791.5625910270987,192.27125506116175,3114.5927663326725
proposed_n84_k10_h11_s7,proposed,11,10,1777.6262985462013,190.45188368645637,3261.593200727614
proposed_n84_k10_h12_s7,proposed,12,10,1797.23979842224,241.47507015364442,2906.0258791248525
proposed_n84_k10_h13_s7,proposed,13,10,1719.191652516795,192.18930693335994,2917.531110796025
proposed_n84_k10_h14_s7,proposed,14,10,1689.5653955441508,163.13622026850302,2721.613714871085
proposed_n84_k10_h15_s7,proposed,15,10,1653.8807648624575,230.68104061553237,2709.8506261313437
proposed_n84_k10_h16_s7,proposed,16,10,1677.4183553077019,176.8044253052568,3242.1402649369943
proposed_n84_k10_h17_s7,proposed,17,10,1637.9416325800894,209.5573967191736,2694.5945983526476
proposed_n84_k10_h18_s7,proposed,18,10,1649.5341706157913,196.23688883756915,2771.5048752969888
proposed_n84_k10_h19_s7,proposed,19,10,1680.6985038180705,217.8197963795664,2716.2490980842535
proposed_n84_k10_h20_s7,proposed,20,10,1612.1017537646699,208.97819737133338,2838.2174071709514
proposed_n84_k10_h21_s7,proposed,21,10,1605.7373035315109,230.68072466468277,3032.243659109259
proposed_n84_k10_h22_s7,proposed,22,10,1583.5156533161087,204.1527443738907,2702.697381500869
proposed_n84_k10_h23_s7,proposed,23,10,1585.409931414024,207.34579346438636,2779.3061415261973
pso_n84_k10_h00_s7,pso,0,10,1833.856865460139,180.14639795710877,2806.2054637562665
pso_n84_k10_h01_s7,pso,1,10,1654.6785906281252,176.82416668276076,2682.66983777122
pso_n84_k10_h02_s7,pso,2,10,1655.4617953429722,175.5361745981055,2902.1333235452335
pso_n84_k10_h03_s7,pso,3,10,1723.8963828979818,411.26190593397587,2648.7649702390545
pso_n84_k10_h04_s7,pso,4,10,1732.4622127646296,496.3700676524598,2572.264863872153
pso_n84_k10_h05_s7,pso,5,10,1698.2695690804667,171.01354126285753,2878.2370664716973
pso_n84_k10_h06_s7,pso,6,10,1782.0198572868587,176.77592471785107,2956.6213567073914
pso_n84_k10_h07_s7,pso,7,10,1716.8860496696057,186.61934715055708,2786.635612518023
pso_n84_k10_h08_s7,pso,8,10,1797.0873871190336,596.3556811026298,3220.2234501665434
pso_n84_k10_h09_s7,pso,9,10,1820.3372703356295,188.775341329573,3213.134471526831
pso_n84_k10_h10_s7,pso,10,10,1904.736202511372,192.27125506116175,2781.7140753397643
pso_n84_k10_h11_s7,pso,11,10,1938.6468859415822,190.45188368645637,2891.3528175986676
pso_n84_k10_h12_s7,pso,12,10,1911.9400070700544,197.193377431243,3425.177228874799
pso_n84_k10_h13_s7,pso,13,10,1918.5925578755898,192.18930693335994,3124.2770579067314
pso_n84_k10_h14_s7,pso,14,10,1895.4835902345717,259.7835443561717,2600.366605124086
pso_n84_k10_h15_s7,pso,15,10,1890.0172971649886,196.59357845185207,3176.7664035937864
pso_n84_k10_h16_s7,pso,16,10,1870.767170715148,201.32603746655616,3218.990730920962
pso_n84_k10_h17_s7,pso,17,10,1857.868175354443,192.21130844232601,2611.724225313331
pso_n84_k10_h18_s7,pso,18,10,1825.3970283597887,228.59826821681986,2569.7103763613227
pso_n84_k10_h19_s7,pso,19,10,1869.332726652009,185.58609237646988,2866.1234351596886
pso_n84_k10_h20_s7,pso,20,10,1827.194085460666,189.9610965728741,2818.372948571722
pso_n84_k10_h21_s7,pso,21,10,1879.39715020529,305.58915268915564,4062.7036656540067
pso_n84_k10_h22_s7,pso,22,10,1809.9491526731504,184.24398834641636,2884.843250752501
pso_n84_k10_h23_s7,pso,23,10,1798.9170202592454,181.6017282497176,2876.9675130924475
