HOUR,N_EDGES,N_MISSING_TT,N_NONPOSITIVE_TT,MEAN_SPEED_KMH,MEDIAN_SPEED_KMH,P05_SPEED_KMH,P95_SPEED_KMH,N_SPEED_GT_1P5_FF
~01시,93015,0,0,33.23700368374313,42.422473594548556,9.541950278293132,71.90582662356748,1
~02시,93015,0,0,34.387138373222854,43.85383852691217,9.597653432282,77.37804436160302,1
~03시,93015,0,0,35.476996137011774,44.52611064451339,9.204017810760666,77.71170749845075,1
~04시,93015,0,0,36.282904133571876,43.59227908702913,10.008,77.33086213701719,1
~05시,93015,0,0,35.39947018301558,44.0569223300971,9.027624489795917,79.992,1
~06시,93015,0,0,33.71705357768589,42.028327323162266,8.589426345083483,74.8135519222271,1
~07시,93015,0,0,31.334253837288724,36.65059158945117,7.701889424860853,73.93010625,4
~08시,93015,0,0,31.285942844607657,30.116450463292946,8.617277922077921,74.01391061008056,1
~09시,93015,0,0,30.410358427040773,34.6903492516037,8.721257142857144,72.05370840130726,1
~10시,93015,0,0,28.36351955317766,32.46072249886828,8.112235992578851,68.991043197179,1
~11시,93015,0,0,26.742252366454572,25.827677833214537,7.779873840445267,65.9093977426884,1
~12시,93015,0,0,27.255783143926177,25.364347826086952,8.823379591836733,64.50967741935483,1
~13시,93015,0,0,26.796217275974186,25.25742551674982,8.63584564007421,64.72752103612892,1
~14시,93015,0,0,26.112640564960845,28.381933000712756,7.850431168831168,63.25634487693956,1
~15시,93015,0,0,26.571482295004568,27.00382323592302,8.465022634508351,62.299916432302155,1
~16시,93015,0,0,26.446907113972795,23.606069850320736,8.366613729128016,62.618737500000016,1
~17시,93015,0,0,26.333550979864004,22.91701496792587,8.815952504638219,64.78967363071709,1
~18시,93015,0,0,26.52106532285928,19.911310049893086,7.984118738404454,61.74382500000001,1
~19시,93015,0,0,27.904511170324486,21.348821097647892,8.398178849721706,66.14677872465471,1
~20시,93015,0,0,27.767266669600254,23.404105488239484,7.410376252319106,65.95872818101678,1
~21시,93015,0,0,29.00279831312558,25.114862437633644,8.102952133580704,66.24241005845381,1
~22시,93015,0,0,29.24615348151842,27.158266571632215,8.058389610389609,69.22610637672645,1
~23시,93015,0,0,30.245685605845267,36.234782608695646,8.476163265306122,70.03994104277463,1
~24시,93015,0,0,31.796319587066865,38.933094674556195,8.41860333951763,73.89469613716177,1
