SUMO_EDGE_ID,SUMO_LENGTH,OBSERVED_LENGTH,UNOBSERVED_LENGTH,COVERAGE_RATIO,OVERLAP_LENGTH,OVERLAP_RATIO,COVERAGE_CLASS
-1069458460,0.2,0.2,0.0,1.0,0.0,0.0,>=95%
-1127921498#0,106.15,106.15,0.0,1.0,0.0,0.0,>=95%
-1127921498#1,40.13,40.13,0.0,1.0,0.0,0.0,>=95%
-1175046337#0,11.9,11.9,0.0,1.0,0.0,0.0,>=95%
-1175046337#1,193.24,193.24,0.0,1.0,0.0,0.0,>=95%
-1175046337#2,39.85,39.85,0.0,1.0,0.0,0.0,>=95%
-1175046337#3,54.05,54.05,0.0,1.0,0.0,0.0,>=95%
-1175046337#4,366.06,366.06,0.0,1.0,0.0,0.0,>=95%
-1175046337#5,279.24,278.95667100000003,0.2833289999999806,0.9989853566824238,0.0,0.0,>=95%
-1286495051,0.2,0.0,0.2,0.0,0.0,0.0,0%
-1286495052,34.35,34.35,0.0,1.0,0.0,0.0,>=95%
-1416455165#0,13.81,13.81,0.0,1.0,0.0,0.0,>=95%
-1416455165#1,5.8,5.8,0.0,1.0,0.0,0.0,>=95%
-1416455165#2,51.14,51.14,0.0,1.0,0.0,0.0,>=95%
-1416455165#3,8.92,8.92,0.0,1.0,0.0,0.0,>=95%
-1416455165#4,15.7,15.7,0.0,1.0,0.0,0.0,>=95%
-1416455165#5,62.94,62.94,0.0,1.0,0.0,0.0,>=95%
-1416455165#6,1.59,1.59,0.0,1.0,0.0,0.0,>=95%
-1419371349#0,32.4,32.147286,0.25271399999999744,0.9922001851851853,0.0,0.0,>=95%
-1419371349#1,189.9,189.9,0.0,1.0,0.0,0.0,>=95%
-1419371349#2,25.06,25.06,0.0,1.0,0.0,0.0,>=95%
-1419371349#3,19.72,19.72,0.0,1.0,1.0,0.05070993914807303,>=95%
-1419371350,54.84,54.84,0.0,1.0,0.0,0.0,>=95%
-1454595855#0,30.91,30.91,0.0,1.0,0.0,0.0,>=95%
-1454595855#1,25.73,25.73,0.0,1.0,0.0,0.0,>=95%
-1454595855#2,17.4,17.4,0.0,1.0,0.0,0.0,>=95%
-1454595855#3,38.66,38.66,0.0,1.0,0.0,0.0,>=95%
-1455536617#0,56.45,56.45,0.0,1.0,0.0,0.0,>=95%
-1455536617#1,13.54,13.54,0.0,1.0,0.0,0.0,>=95%
-1455536617#2,12.14,12.14,0.0,1.0,0.0,0.0,>=95%
-1455536617#3,13.86,13.86,0.0,1.0,0.0,0.0,>=95%
-1455536617#4,8.82,8.82,0.0,1.0,0.0,0.0,>=95%
-1455536617#5,30.12,30.12,0.0,1.0,0.0,0.0,>=95%
-1455536617#6,32.18,32.18,0.0,1.0,0.0,0.0,>=95%
-1455536618,1.37,1.37,0.0,1.0,0.0,0.0,>=95%
-1455537633,14.77,14.77,0.0,1.0,0.0,0.0,>=95%
-1455538687#0,15.24,15.24,0.0,1.0,0.0,0.0,>=95%
-1455538687#1,23.8,23.8,0.0,1.0,0.0,0.0,>=95%
-1455538687#2,8.58,8.58,0.0,1.0,0.0,0.0,>=95%
-1455538687#3,31.04,31.04,0.0,1.0,0.0,0.0,>=95%
-1455538687#4,113.93,113.93,0.0,1.0,0.0,0.0,>=95%
-1455538687#5,106.89,106.89,0.0,1.0,0.0,0.0,>=95%
-1455538687#7,119.79,119.79,0.0,1.0,0.0,0.0,>=95%
-1455538687#8,112.46,112.46,0.0,1.0,0.0,0.0,>=95%
-1455538687#9,23.86,23.86,0.0,1.0,0.0,0.0,>=95%
-1463443081#0,10.58,10.58,0.0,1.0,0.0,0.0,>=95%
-1463443081#1,92.51,92.51,0.0,1.0,0.0,0.0,>=95%
-1463443081#2,24.45,24.45,0.0,1.0,0.0,0.0,>=95%
-1463443081#3,1.78,1.78,0.0,1.0,0.0,0.0,>=95%
-1463443082,10.08,10.08,0.0,1.0,0.0,0.0,>=95%
-1479671378,27.02,27.02,0.0,1.0,1.0019460000000002,0.03708164322723909,>=95%
-1479671379#0,0.2,0.2,0.0,1.0,0.0,0.0,>=95%
-1479671379#1,43.2,6.814164000000005,36.385836,0.15773527777777788,0.0,0.0,<50%
-1479671380,15.53,15.221193,0.30880699999999983,0.9801154539600773,0.0,0.0,>=95%
-1496591683#0,100.97,100.97,0.0,1.0,0.0,0.0,>=95%
-1496591683#1,19.47,19.47,0.0,1.0,0.0,0.0,>=95%
-1496591683#2,9.86,9.86,0.0,1.0,0.0,0.0,>=95%
-1496591683#3,59.62,1.0041359999999955,58.615864,0.016842267695404152,0.0,0.0,<50%
-1496600603#0,101.9,101.9,0.0,1.0,0.0,0.0,>=95%
-1496600603#1,31.69,31.69,0.0,1.0,0.0,0.0,>=95%
-1496600603#2,4.54,4.54,0.0,1.0,0.0,0.0,>=95%
-1528816939#0,31.22,31.22,0.0,1.0,0.0,0.0,>=95%
-1528816939#1,8.27,8.27,0.0,1.0,0.0,0.0,>=95%
-1528816939#2,1.69,1.69,0.0,1.0,0.0,0.0,>=95%
-1530928392,10.42,10.42,0.0,1.0,0.0,0.0,>=95%
-168369487,23.55,23.55,0.0,1.0,0.0,0.0,>=95%
-180192152#0,77.66,77.66,0.0,1.0,0.0,0.0,>=95%
-180192152#1,74.6,74.6,0.0,1.0,0.0,0.0,>=95%
-183521076,14.12,14.12,0.0,1.0,4.148959999999999,0.2938356940509914,>=95%
-183521078,51.38,51.206144,0.17385600000000068,0.9966162709225379,0.0,0.0,>=95%
-183521079,2.81,2.81,0.0,1.0,0.0,0.0,>=95%
-183521084#0,20.31,0.9948109999999986,19.315189,0.04898133924175276,0.0,0.0,<50%
-183521103,50.89,50.89,0.0,1.0,0.0,0.0,>=95%
-183521104#0,108.64,108.64,0.0,1.0,0.0,0.0,>=95%
-183521104#1,73.93,73.93,0.0,1.0,0.0,0.0,>=95%
-183521104#2,436.17,436.17,0.0,1.0,0.0,0.0,>=95%
-183521104#3,75.66,75.66,0.0,1.0,0.0,0.0,>=95%
-183521104#4,45.72,45.72,0.0,1.0,0.0,0.0,>=95%
-183521104#5,2526.74,2526.2516429999996,0.48835700000017823,0.9998067244750152,0.0,0.0,>=95%
-183521107#0,34.24,34.24,0.0,1.0,0.0,0.0,>=95%
-183521107#1,44.12,44.12,0.0,1.0,0.0,0.0,>=95%
-183521107#2,80.6,80.6,0.0,1.0,0.0,0.0,>=95%
-183521107#3,103.42,103.42,0.0,1.0,0.0,0.0,>=95%
-183521107#4,51.77,51.77,0.0,1.0,0.0,0.0,>=95%
-183521107#6,42.58,42.58,0.0,1.0,0.0,0.0,>=95%
-183521112#2,61.64,61.64,0.0,1.0,0.0,0.0,>=95%
-183521113,19.74,19.74,0.0,1.0,0.0,0.0,>=95%
-183521120#0,23.75,2.535879999999999,21.21412,0.10677389473684205,0.0,0.0,<50%
-183521163#0,35.98,35.98,0.0,1.0,0.9938399999999987,0.02762201222901609,>=95%
-183521163#1,60.02,60.02,0.0,1.0,0.0,0.0,>=95%
-183521163#2,0.2,0.2,0.0,1.0,0.0,0.0,>=95%
-183521169,11.54,11.54,0.0,1.0,0.0,0.0,>=95%
-183521196#1,21.47,21.47,0.0,1.0,0.0,0.0,>=95%
-183521196#2,26.54,26.54,0.0,1.0,0.0,0.0,>=95%
-183521196#3,10.96,10.96,0.0,1.0,0.0,0.0,>=95%
-183521196#4,44.67,44.67,0.0,1.0,0.0,0.0,>=95%
-183521196#5,65.51,65.51,0.0,1.0,0.0,0.0,>=95%
-183521247#0,14.13,5.1527080000000005,8.977292,0.36466440198159944,0.0,0.0,<50%
-218647394#0,96.33,96.33,0.0,1.0,0.0,0.0,>=95%
-218647394#1,20.28,20.28,0.0,1.0,0.0,0.0,>=95%
-218647394#2,50.52,50.52,0.0,1.0,0.0,0.0,>=95%
-218647396#0,60.35,60.35,0.0,1.0,0.9981769999999983,0.01653980115990055,>=95%
-218647396#1,33.85,33.85,0.0,1.0,0.0,0.0,>=95%
-218647396#10,11.06,11.06,0.0,1.0,0.0,0.0,>=95%
-218647396#11,49.63,49.63,0.0,1.0,0.0,0.0,>=95%
-218647396#13,41.01,41.01,0.0,1.0,0.0,0.0,>=95%
-218647396#14,11.17,11.17,0.0,1.0,0.0,0.0,>=95%
-218647396#15,17.05,17.05,0.0,1.0,0.0,0.0,>=95%
-218647396#17,6.53,6.53,0.0,1.0,0.0,0.0,>=95%
-218647396#2,39.7,39.7,0.0,1.0,0.0,0.0,>=95%
-218647396#3,22.32,22.32,0.0,1.0,0.0,0.0,>=95%
-218647396#4,36.28,36.28,0.0,1.0,0.0,0.0,>=95%
-218647396#5,11.44,11.44,0.0,1.0,0.0,0.0,>=95%
-218647396#7,39.99,39.99,0.0,1.0,0.0,0.0,>=95%
-218647396#9,29.95,29.95,0.0,1.0,0.0,0.0,>=95%
-218647397#0,26.03,26.03,0.0,1.0,1.000046000000001,0.03841897810218982,>=95%
-218647397#1,18.76,18.76,0.0,1.0,0.0,0.0,>=95%
-218647397#10,9.49,9.49,0.0,1.0,0.0,0.0,>=95%
-218647397#11,24.38,21.089183,3.2908170000000005,0.8650198113207547,0.0,0.0,50-95%
-218647397#2,16.67,16.67,0.0,1.0,0.0,0.0,>=95%
-218647397#4,9.63,9.63,0.0,1.0,0.0,0.0,>=95%
-218647397#5,16.06,16.06,0.0,1.0,0.0,0.0,>=95%
-218647397#6,13.72,13.72,0.0,1.0,0.0,0.0,>=95%
-218647397#7,11.24,11.24,0.0,1.0,0.0,0.0,>=95%
-218647397#8,40.53,40.53,0.0,1.0,0.0,0.0,>=95%
-218647397#9,28.88,28.88,0.0,1.0,0.0,0.0,>=95%
-218748689#1,2.72,2.72,0.0,1.0,0.0,0.0,>=95%
-218748689#10,115.63,115.63,0.0,1.0,0.0,0.0,>=95%
-218748689#11,279.96,279.96,0.0,1.0,0.0,0.0,>=95%
-218748689#12,18.82,18.82,0.0,1.0,0.0,0.0,>=95%
-218748689#13,20.84,20.84,0.0,1.0,0.0,0.0,>=95%
-218748689#14,16.44,16.44,0.0,1.0,0.0,0.0,>=95%
-218748689#15,24.66,24.66,0.0,1.0,0.0,0.0,>=95%
-218748689#2,64.41,64.41,0.0,1.0,0.0,0.0,>=95%
-218748689#4,53.5,53.5,0.0,1.0,0.0,0.0,>=95%
-218748689#5,6.67,6.67,0.0,1.0,0.0,0.0,>=95%
-218748689#6,23.39,23.39,0.0,1.0,0.0,0.0,>=95%
-218748689#8,5.36,5.36,0.0,1.0,0.0,0.0,>=95%
-218748689#9,87.84,87.84,0.0,1.0,0.0,0.0,>=95%
-218779908#0,15.03,2.3110280000000003,12.718971999999999,0.15376101131071193,0.0,0.0,<50%
-218779910#1,7.48,5.169404,2.3105960000000003,0.6910967914438503,0.0,0.0,50-95%
-218779910#2,75.1,75.1,0.0,1.0,0.0,0.0,>=95%
-218779910#3,207.07,207.07,0.0,1.0,0.0,0.0,>=95%
-218779911,68.02,47.169677,20.850322999999996,0.6934677594825052,4.655121000000001,0.06843753307850635,50-95%
-218799087#1,16.67,16.67,0.0,1.0,0.0,0.0,>=95%
-218799087#11,18.79,18.79,0.0,1.0,0.0,0.0,>=95%
-218799087#12,16.29,16.29,0.0,1.0,0.0,0.0,>=95%
-218799087#13,14.21,14.21,0.0,1.0,0.0,0.0,>=95%
-218799087#14,26.65,26.65,0.0,1.0,0.0,0.0,>=95%
-218799087#2,24.08,24.08,0.0,1.0,0.0,0.0,>=95%
-218799087#3,17.25,17.25,0.0,1.0,0.0,0.0,>=95%
-218799087#4,3.85,3.85,0.0,1.0,0.0,0.0,>=95%
-218799087#5,33.71,33.71,0.0,1.0,0.0,0.0,>=95%
-218799087#7,2.19,2.19,0.0,1.0,0.0,0.0,>=95%
-218799087#8,8.39,8.39,0.0,1.0,0.0,0.0,>=95%
-218799087#9,50.78,50.78,0.0,1.0,0.0,0.0,>=95%
-219054273#0,37.98,37.98,0.0,1.0,1.007095999999997,0.026516482359136312,>=95%
-219054273#1,9.63,9.63,0.0,1.0,0.0,0.0,>=95%
-219054273#2,6.55,6.55,0.0,1.0,0.0,0.0,>=95%
-219054273#3,0.18,0.18,0.0,1.0,0.0,0.0,>=95%
-219054273#4,40.37,40.37,0.0,1.0,0.0,0.0,>=95%
-219054274#0,21.2,21.2,0.0,1.0,0.0,0.0,>=95%
-219054274#1,33.51,33.51,0.0,1.0,0.0,0.0,>=95%
-219054274#10,41.16,41.16,0.0,1.0,0.0,0.0,>=95%
-219054274#11,12.99,12.99,0.0,1.0,0.0,0.0,>=95%
-219054274#12,3.32,3.32,0.0,1.0,0.0,0.0,>=95%
-219054274#13,103.42,103.42,0.0,1.0,0.0,0.0,>=95%
-219054274#15,14.75,14.75,0.0,1.0,0.0,0.0,>=95%
-219054274#16,15.57,15.57,0.0,1.0,0.0,0.0,>=95%
-219054274#17,6.51,6.51,0.0,1.0,0.0,0.0,>=95%
-219054274#18,2.82,2.82,0.0,1.0,0.0,0.0,>=95%
-219054274#19,0.2,0.2,0.0,1.0,0.0,0.0,>=95%
-219054274#2,10.61,10.61,0.0,1.0,0.0,0.0,>=95%
-219054274#3,78.78,78.78,0.0,1.0,0.0,0.0,>=95%
-219054274#4,33.61,33.61,0.0,1.0,0.0,0.0,>=95%
-219054274#5,0.2,0.2,0.0,1.0,0.0,0.0,>=95%
-219054274#6,69.05,69.05,0.0,1.0,0.0,0.0,>=95%
-219054274#7,11.03,11.03,0.0,1.0,0.0,0.0,>=95%
-219054274#8,102.96,102.96,0.0,1.0,0.0,0.0,>=95%
-219054274#9,24.48,24.48,0.0,1.0,0.0,0.0,>=95%
-219054278#0,4.52,4.52,0.0,1.0,0.0,0.0,>=95%
-219054278#1,19.27,19.27,0.0,1.0,0.0,0.0,>=95%
-219054278#2,0.2,0.2,0.0,1.0,0.0,0.0,>=95%
-219054278#3,0.93,0.93,0.0,1.0,0.0,0.0,>=95%
-219054278#4,16.05,16.05,0.0,1.0,0.0,0.0,>=95%
-219054278#5,11.93,11.93,0.0,1.0,0.0,0.0,>=95%
-219054278#6,18.76,18.76,0.0,1.0,0.0,0.0,>=95%
-219055002#0,289.01,253.191045,35.81895499999999,0.8760632677069998,0.0,0.0,50-95%
-219055002#1,62.03,62.03,0.0,1.0,0.0,0.0,>=95%
-219055002#2,44.81,44.81,0.0,1.0,0.0,0.0,>=95%
-219055002#3,5.1,5.1,0.0,1.0,0.0,0.0,>=95%
-219055002#4,114.57,114.57,0.0,1.0,0.0,0.0,>=95%
-219055002#5,31.66,31.66,0.0,1.0,0.0,0.0,>=95%
-219055003#0,22.14,1.0087510000000002,21.131249,0.045562375790424575,0.0,0.0,<50%
-260067415#0,142.74,6.24609700000002,136.493903,0.04375856102003657,0.0,0.0,<50%
-261995707#0,84.95,84.606679,0.3433210000000031,0.9959585520894644,0.0,0.0,>=95%
-261995707#1,40.56,40.56,0.0,1.0,0.0,0.0,>=95%
-261995707#2,55.31,55.31,0.0,1.0,0.0,0.0,>=95%
-261995707#3,47.29,47.29,0.0,1.0,0.0,0.0,>=95%
-261995707#4,225.05,225.05,0.0,1.0,0.0,0.0,>=95%
-261995707#5,35.9,35.9,0.0,1.0,0.0,0.0,>=95%
-37399902#1,75.23,2.659551,72.57044900000001,0.03535226638309185,0.0,0.0,<50%
-37400153#1,15.44,15.44,0.0,1.0,0.0,0.0,>=95%
-37400153#10,38.97,38.97,0.0,1.0,0.0,0.0,>=95%
-37400153#11,23.56,23.56,0.0,1.0,0.0,0.0,>=95%
-37400153#12,51.54,51.54,0.0,1.0,0.0,0.0,>=95%
-37400153#13,0.16,0.16,0.0,1.0,0.0,0.0,>=95%
-37400153#14,0.54,0.54,0.0,1.0,0.0,0.0,>=95%
-37400153#15,33.52,33.52,0.0,1.0,0.0,0.0,>=95%
-37400153#16,12.66,12.66,0.0,1.0,0.0,0.0,>=95%
-37400153#17,7.85,7.85,0.0,1.0,0.0,0.0,>=95%
-37400153#18,7.66,7.66,0.0,1.0,0.0,0.0,>=95%
-37400153#19,0.2,0.2,0.0,1.0,0.2,1.0,>=95%
-37400153#2,39.14,39.14,0.0,1.0,0.0,0.0,>=95%
-37400153#3,130.33,130.33,0.0,1.0,0.0,0.0,>=95%
-37400153#4,238.92,238.92,0.0,1.0,0.0,0.0,>=95%
-37400153#5,20.53,20.53,0.0,1.0,1.6839779999999998,0.08202523136872868,>=95%
-37400153#6,7.1,7.1,0.0,1.0,0.0,0.0,>=95%
-37400153#8,0.2,0.2,0.0,1.0,0.0,0.0,>=95%
-37400153#9,31.01,31.01,0.0,1.0,0.0,0.0,>=95%
-37400306#9,6.91,1.0,5.91,0.1447178002894356,0.0,0.0,<50%
-37400834#5,5.17,5.17,0.0,1.0,0.0,0.0,>=95%
-37400956#0,172.85,172.85,0.0,1.0,0.0,0.0,>=95%
-37400956#1,668.93,668.93,0.0,1.0,0.0,0.0,>=95%
-37400956#2,13.16,12.27078,0.8892199999999999,0.9324300911854103,0.0,0.0,50-95%
-37401320#0,23.53,1.0075660000000006,22.522434,0.042820484487887826,0.0,0.0,<50%
-37401478,98.38,98.38,0.0,1.0,0.0,0.0,>=95%
-37401789,5.87,5.87,0.0,1.0,0.0,0.0,>=95%
-37402230#0,6.68,6.68,0.0,1.0,0.0,0.0,>=95%
-37402230#1,29.13,29.13,0.0,1.0,0.0,0.0,>=95%
-37402230#10,20.85,20.85,0.0,1.0,0.0,0.0,>=95%
-37402230#11,23.48,23.48,0.0,1.0,0.0,0.0,>=95%
-37402230#2,353.48,353.48,0.0,1.0,0.0,0.0,>=95%
-37402230#3,64.78,64.78,0.0,1.0,0.0,0.0,>=95%
-37402230#4,38.29,38.29,0.0,1.0,0.0,0.0,>=95%
-37402230#5,24.71,24.71,0.0,1.0,0.0,0.0,>=95%
-37402230#6,13.2,13.2,0.0,1.0,0.0,0.0,>=95%
-37402230#7,9.26,9.26,0.0,1.0,0.0,0.0,>=95%
-37402230#8,84.97,84.97,0.0,1.0,0.0,0.0,>=95%
-37402230#9,52.99,52.99,0.0,1.0,0.0,0.0,>=95%
-37402268#0,0.2,0.2,0.0,1.0,0.0,0.0,>=95%
-37402268#2,143.15,143.15,0.0,1.0,0.0,0.0,>=95%
-37402268#3,219.94,219.94,0.0,1.0,0.0,0.0,>=95%
-37402268#4,84.08,84.08,0.0,1.0,0.0,0.0,>=95%
-37402268#5,159.91,159.91,0.0,1.0,0.0,0.0,>=95%
-37402533#0,76.15,76.15,0.0,1.0,1.0,0.013131976362442547,>=95%
-37402533#1,67.41,67.41,0.0,1.0,0.9986590000000035,0.014814701082925435,>=95%
-37402533#2,124.55,124.55,0.0,1.0,0.0,0.0,>=95%
-37402533#3,59.75,59.75,0.0,1.0,0.0,0.0,>=95%
-37402533#4,21.9,21.148894,0.751106,0.9657029223744292,0.0,0.0,>=95%
-37402533#5,44.34,44.34,0.0,1.0,0.0,0.0,>=95%
-37402533#6,13.91,13.91,0.0,1.0,1.0,0.07189072609633357,>=95%
-381081170,32.28,0.0,32.28,0.0,0.0,0.0,0%
-381204497,294.63,293.561742,1.0682580000000144,0.9963742388758782,0.0,0.0,>=95%
-393793274#0,20.28,20.28,0.0,1.0,0.0,0.0,>=95%
-393793274#1,1.0,1.0,0.0,1.0,0.0,0.0,>=95%
-414896138,0.2,0.2,0.0,1.0,0.0,0.0,>=95%
-415667973#0,45.5,45.5,0.0,1.0,0.0,0.0,>=95%
-415667973#1,28.0,28.0,0.0,1.0,0.0,0.0,>=95%
-415667974,44.57,43.611981,0.9580190000000002,0.9785052950415077,0.0,0.0,>=95%
-448204368#0,0.83,0.83,0.0,1.0,0.0,0.0,>=95%
-448204368#2,17.91,17.91,0.0,1.0,1.006654000000001,0.056206253489670635,>=95%
-448204368#3,10.67,10.67,0.0,1.0,0.0,0.0,>=95%
-448204368#4,8.79,8.79,0.0,1.0,0.0,0.0,>=95%
-448204368#5,26.55,26.55,0.0,1.0,0.0,0.0,>=95%
-448204368#6,38.18,38.18,0.0,1.0,0.0,0.0,>=95%
-448204368#7,29.91,29.91,0.0,1.0,0.0,0.0,>=95%
-448204368#8,6.79,6.79,0.0,1.0,0.0,0.0,>=95%
-448704565,9.56,9.56,0.0,1.0,2.958037,0.3094180962343096,>=95%
-481393629,15.43,15.43,0.0,1.0,10.579087000000001,0.6856180816591058,>=95%
-481573080,114.45,114.45,0.0,1.0,0.0,0.0,>=95%
-505438085#11,594.44,348.427659,246.01234100000005,0.586144369490613,0.0,0.0,50-95%
-517329803#0,50.97,50.97,0.0,1.0,0.0,0.0,>=95%
-517329803#1,0.2,0.2,0.0,1.0,0.0,0.0,>=95%
-517329803#2,18.86,18.86,0.0,1.0,0.0,0.0,>=95%
-517329803#3,199.54,199.54,0.0,1.0,0.0,0.0,>=95%
-517329808#1,85.72,85.72,0.0,1.0,0.0,0.0,>=95%
-517329808#10,40.04,40.04,0.0,1.0,0.0,0.0,>=95%
-517329808#11,3.8,3.8,0.0,1.0,0.0,0.0,>=95%
-517329808#12,6.59,6.59,0.0,1.0,0.0,0.0,>=95%
-517329808#13,158.85,158.85,0.0,1.0,0.0,0.0,>=95%
-517329808#14,8.77,8.77,0.0,1.0,0.0,0.0,>=95%
-517329808#15,56.93,56.93,0.0,1.0,0.0,0.0,>=95%
-517329808#16,81.18,81.18,0.0,1.0,0.0,0.0,>=95%
-517329808#17,44.58,44.58,0.0,1.0,0.0,0.0,>=95%
-517329808#18,28.36,28.36,0.0,1.0,0.0,0.0,>=95%
-517329808#19,61.5,61.5,0.0,1.0,0.0,0.0,>=95%
-517329808#2,2.35,2.35,0.0,1.0,0.0,0.0,>=95%
-517329808#20,13.05,13.05,0.0,1.0,0.0,0.0,>=95%
-517329808#21,5.76,5.76,0.0,1.0,0.0,0.0,>=95%
-517329808#22,60.42,60.42,0.0,1.0,0.0,0.0,>=95%
-517329808#23,4.27,4.27,0.0,1.0,0.0,0.0,>=95%
-517329808#24,54.28,54.28,0.0,1.0,0.0,0.0,>=95%
-517329808#25,31.63,31.63,0.0,1.0,0.0,0.0,>=95%
-517329808#3,48.19,48.19,0.0,1.0,0.0,0.0,>=95%
-517329808#5,81.06,81.06,0.0,1.0,0.0,0.0,>=95%
-517329808#6,54.49,54.49,0.0,1.0,0.0,0.0,>=95%
-517329808#7,32.22,32.22,0.0,1.0,0.0,0.0,>=95%
-517329808#8,72.98,72.98,0.0,1.0,0.0,0.0,>=95%
-517329808#9,97.73,97.73,0.0,1.0,0.0,0.0,>=95%
-517638484#0,56.33,56.33,0.0,1.0,0.0,0.0,>=95%
-517638484#1,44.58,44.58,0.0,1.0,0.0,0.0,>=95%
-517638484#3,17.58,17.58,0.0,1.0,0.0,0.0,>=95%
-517638484#4,185.9,185.9,0.0,1.0,0.0,0.0,>=95%
-517638484#5,171.83,171.83,0.0,1.0,0.0,0.0,>=95%
-517638484#7,717.32,717.32,0.0,1.0,0.0,0.0,>=95%
-518701059#0,137.81,137.1743,0.6357000000000141,0.9953871272041215,0.0,0.0,>=95%
-518701059#1,68.31,68.31,0.0,1.0,0.0,0.0,>=95%
-518701059#2,55.5,55.5,0.0,1.0,0.0,0.0,>=95%
-518702429#0,103.12,103.12,0.0,1.0,0.0,0.0,>=95%
-518702429#2,23.85,19.544679000000002,4.305320999999999,0.8194833962264151,0.0,0.0,50-95%
-518702965#0,30.55,30.55,0.0,1.0,0.0,0.0,>=95%
-518702965#1,45.66,45.66,0.0,1.0,0.0,0.0,>=95%
-518702965#11,57.8,57.8,0.0,1.0,0.0,0.0,>=95%
-518702965#12,139.45,139.45,0.0,1.0,0.0,0.0,>=95%
-518702965#13,13.7,13.460906999999999,0.23909300000000044,0.9825479562043795,0.0,0.0,>=95%
-518702965#2,22.09,22.09,0.0,1.0,0.0,0.0,>=95%
-518702965#3,0.2,0.2,0.0,1.0,0.0,0.0,>=95%
-518702965#4,0.48,0.48,0.0,1.0,0.0,0.0,>=95%
-518702965#5,40.03,40.03,0.0,1.0,0.0,0.0,>=95%
-518702965#6,34.79,34.79,0.0,1.0,0.0,0.0,>=95%
-518702965#7,19.75,19.75,0.0,1.0,0.0,0.0,>=95%
-518702965#8,56.03,56.03,0.0,1.0,0.0,0.0,>=95%
-518702965#9,92.26,92.26,0.0,1.0,0.0,0.0,>=95%
-518702967#0,73.29,73.29,0.0,1.0,0.0,0.0,>=95%
-518702967#1,87.65,87.65,0.0,1.0,0.0,0.0,>=95%
-518702967#2,111.01,111.01,0.0,1.0,0.0,0.0,>=95%
-518705243#0,86.84,86.84,0.0,1.0,0.0,0.0,>=95%
-518705243#1,19.33,19.33,0.0,1.0,0.0,0.0,>=95%
-518705243#2,0.49,0.49,0.0,1.0,0.0,0.0,>=95%
-518709393,56.14,56.14,0.0,1.0,0.0,0.0,>=95%
-518709394#0,93.5,93.5,0.0,1.0,0.0,0.0,>=95%
-518709394#1,63.98,63.98,0.0,1.0,0.0,0.0,>=95%
-518709394#2,18.39,18.39,0.0,1.0,0.0,0.0,>=95%
-518709394#3,25.33,25.33,0.0,1.0,0.0,0.0,>=95%
-518709394#4,53.93,53.93,0.0,1.0,0.0,0.0,>=95%
-518709394#5,49.74,49.74,0.0,1.0,0.0,0.0,>=95%
-518709394#6,5.61,5.61,0.0,1.0,0.0,0.0,>=95%
-518709394#7,19.59,19.59,0.0,1.0,0.0,0.0,>=95%
-518709394#8,29.02,29.02,0.0,1.0,0.0,0.0,>=95%
-518709394#9,6.65,6.65,0.0,1.0,1.0,0.15037593984962405,>=95%
-518709396#0,15.23,15.23,0.0,1.0,0.0,0.0,>=95%
-518709396#1,127.32,127.32,0.0,1.0,0.0,0.0,>=95%
-518709396#2,157.04,157.04,0.0,1.0,0.0,0.0,>=95%
-518709822#0,36.59,36.59,0.0,1.0,0.0,0.0,>=95%
-518709822#1,30.61,30.61,0.0,1.0,0.0,0.0,>=95%
-518709822#3,16.0,16.0,0.0,1.0,0.0,0.0,>=95%
-518709822#4,50.13,50.13,0.0,1.0,0.0,0.0,>=95%
-518796208#0,57.18,57.18,0.0,1.0,0.0,0.0,>=95%
-518796208#1,11.71,11.71,0.0,1.0,0.0,0.0,>=95%
-518796208#10,12.03,12.03,0.0,1.0,0.0,0.0,>=95%
-518796208#11,46.4,46.4,0.0,1.0,0.0,0.0,>=95%
-518796208#12,10.07,10.07,0.0,1.0,0.0,0.0,>=95%
-518796208#13,16.6,16.6,0.0,1.0,0.0,0.0,>=95%
-518796208#15,16.11,16.11,0.0,1.0,0.0,0.0,>=95%
-518796208#16,16.95,16.95,0.0,1.0,0.0,0.0,>=95%
-518796208#2,16.4,16.4,0.0,1.0,0.0,0.0,>=95%
-518796208#3,2.78,2.78,0.0,1.0,0.0,0.0,>=95%
-518796208#4,14.3,14.3,0.0,1.0,0.0,0.0,>=95%
-518796208#6,32.01,32.01,0.0,1.0,0.0,0.0,>=95%
-518796208#7,17.31,17.31,0.0,1.0,0.0,0.0,>=95%
-518796208#8,20.45,20.45,0.0,1.0,0.0,0.0,>=95%
-518796208#9,21.72,21.72,0.0,1.0,0.0,0.0,>=95%
-518796239#1,233.9,1.0,232.9,0.004275331338178708,0.0,0.0,<50%
-518807040#0,60.13,60.13,0.0,1.0,0.0,0.0,>=95%
-518807040#1,134.86,134.86,0.0,1.0,0.0,0.0,>=95%
-518807040#10,4.55,4.55,0.0,1.0,0.0,0.0,>=95%
-518807040#11,63.01,63.01,0.0,1.0,0.0,0.0,>=95%
-518807040#12,18.05,18.05,0.0,1.0,0.0,0.0,>=95%
-518807040#13,5.18,5.18,0.0,1.0,0.0,0.0,>=95%
-518807040#14,1.95,1.95,0.0,1.0,0.0,0.0,>=95%
-518807040#15,6.76,1.0,5.76,0.14792899408284024,0.0,0.0,<50%
-518807040#16,18.38,18.38,0.0,1.0,0.0,0.0,>=95%
-518807040#18,56.06,56.06,0.0,1.0,0.0,0.0,>=95%
-518807040#2,46.12,46.12,0.0,1.0,0.0,0.0,>=95%
-518807040#20,43.13,43.13,0.0,1.0,0.0,0.0,>=95%
-518807040#21,43.34,43.34,0.0,1.0,0.0,0.0,>=95%
-518807040#22,3.87,3.87,0.0,1.0,0.0,0.0,>=95%
-518807040#23,93.92,93.92,0.0,1.0,0.0,0.0,>=95%
-518807040#24,13.58,13.58,0.0,1.0,0.0,0.0,>=95%
-518807040#25,61.42,61.42,0.0,1.0,0.0,0.0,>=95%
-518807040#26,15.93,15.93,0.0,1.0,0.0,0.0,>=95%
-518807040#3,7.18,7.18,0.0,1.0,0.0,0.0,>=95%
-518807040#5,6.01,6.01,0.0,1.0,0.0,0.0,>=95%
-518807040#7,0.42,0.42,0.0,1.0,0.0,0.0,>=95%
-518807040#8,33.71,33.71,0.0,1.0,0.0,0.0,>=95%
-518807040#9,19.57,19.57,0.0,1.0,0.0,0.0,>=95%
-518807041#1,8.76,8.76,0.0,1.0,0.0,0.0,>=95%
-518807041#10,31.76,31.76,0.0,1.0,0.0,0.0,>=95%
-518807041#11,88.3,88.3,0.0,1.0,0.0,0.0,>=95%
-518807041#12,18.79,18.79,0.0,1.0,0.0,0.0,>=95%
-518807041#13,91.99,91.99,0.0,1.0,0.0,0.0,>=95%
-518807041#3,51.73,51.73,0.0,1.0,0.0,0.0,>=95%
-518807041#4,30.81,30.81,0.0,1.0,0.0,0.0,>=95%
-518807041#5,60.74,60.74,0.0,1.0,0.0,0.0,>=95%
-518807041#6,50.91,50.91,0.0,1.0,0.0,0.0,>=95%
-518807041#7,24.82,24.82,0.0,1.0,0.0,0.0,>=95%
-518807041#8,22.68,22.68,0.0,1.0,0.0,0.0,>=95%
-518807041#9,67.89,67.89,0.0,1.0,0.0,0.0,>=95%
-518958915#0,19.04,19.04,0.0,1.0,0.0,0.0,>=95%
-518958915#1,16.51,16.51,0.0,1.0,0.0,0.0,>=95%
-518958915#11,9.9,9.9,0.0,1.0,0.0,0.0,>=95%
-518958915#12,29.88,29.88,0.0,1.0,0.0,0.0,>=95%
-518958915#13,13.67,13.67,0.0,1.0,0.0,0.0,>=95%
-518958915#2,11.71,11.71,0.0,1.0,0.0,0.0,>=95%
-518958915#3,41.25,41.25,0.0,1.0,0.0,0.0,>=95%
-518958915#4,13.46,13.46,0.0,1.0,0.0,0.0,>=95%
-518958915#6,0.89,0.89,0.0,1.0,0.0,0.0,>=95%
-518958915#7,17.7,17.7,0.0,1.0,0.0,0.0,>=95%
-518958915#8,14.27,14.27,0.0,1.0,0.0,0.0,>=95%
-518958915#9,51.3,51.3,0.0,1.0,0.0,0.0,>=95%
-518958916,198.08,197.37521700000002,0.7047829999999919,0.9964419275040388,0.0,0.0,>=95%
-518959776#0,23.51,23.51,0.0,1.0,0.0,0.0,>=95%
-518959776#2,130.53,130.53,0.0,1.0,0.0,0.0,>=95%
-518959782,0.2,0.2,0.0,1.0,0.0,0.0,>=95%
-518962606#0,42.99,42.99,0.0,1.0,0.0,0.0,>=95%
-518962606#1,53.62,53.62,0.0,1.0,0.0,0.0,>=95%
-518962606#2,1.36,1.36,0.0,1.0,0.0,0.0,>=95%
-518962607#0,7.85,7.85,0.0,1.0,0.0,0.0,>=95%
-518962607#1,36.98,36.98,0.0,1.0,0.0,0.0,>=95%
-519292263#0,14.9,14.9,0.0,1.0,0.0,0.0,>=95%
-519292263#1,20.58,20.58,0.0,1.0,0.0,0.0,>=95%
-519292263#2,47.67,34.482897,13.187103,0.7233668344870988,0.0,0.0,50-95%
-519319010#0,154.12,154.12,0.0,1.0,0.0,0.0,>=95%
-519319010#1,134.92,134.92,0.0,1.0,0.0,0.0,>=95%
-519319010#3,19.86,19.86,0.0,1.0,0.0,0.0,>=95%
-520307307#1,73.08,73.08,0.0,1.0,0.0,0.0,>=95%
-520307307#2,11.25,11.25,0.0,1.0,0.0,0.0,>=95%
-536149445#0,34.64,34.64,0.0,1.0,0.0,0.0,>=95%
-536149445#1,13.88,13.88,0.0,1.0,0.0,0.0,>=95%
-538081779,5.95,2.0,3.95,0.3361344537815126,0.0,0.0,<50%
-538081780#0,126.32,125.921382,0.39861799999999903,0.9968443793540216,0.0,0.0,>=95%
-538081780#1,9.62,9.62,0.0,1.0,0.0,0.0,>=95%
-538081780#2,142.06,142.06,0.0,1.0,0.0,0.0,>=95%
-538081780#3,93.81,93.81,0.0,1.0,0.0,0.0,>=95%
-538081780#4,1.74,1.74,0.0,1.0,0.0,0.0,>=95%
-538081780#5,132.77,132.77,0.0,1.0,0.0,0.0,>=95%
-539134822,26.29,26.29,0.0,1.0,0.0,0.0,>=95%
-563109702#0,37.3,37.3,0.0,1.0,0.0,0.0,>=95%
-563109702#1,46.92,46.92,0.0,1.0,0.0,0.0,>=95%
-563109702#2,36.95,36.95,0.0,1.0,0.0,0.0,>=95%
-563109702#4,0.2,0.2,0.0,1.0,0.0,0.0,>=95%
-563109702#5,53.47,53.47,0.0,1.0,0.0,0.0,>=95%
-563109702#7,32.63,32.63,0.0,1.0,0.0,0.0,>=95%
-563109707#0,9.6,9.6,0.0,1.0,0.0,0.0,>=95%
-563109707#1,15.27,15.27,0.0,1.0,0.0,0.0,>=95%
-563109707#2,28.7,28.7,0.0,1.0,0.0,0.0,>=95%
-573169790#0,18.41,18.41,0.0,1.0,0.0,0.0,>=95%
-573169790#1,27.14,27.14,0.0,1.0,0.0,0.0,>=95%
-573169792,2.3,2.3,0.0,1.0,0.0,0.0,>=95%
-573169793,12.22,12.22,0.0,1.0,0.0,0.0,>=95%
-573169794#0,42.08,42.08,0.0,1.0,0.0,0.0,>=95%
-573169794#1,5.58,5.58,0.0,1.0,0.0,0.0,>=95%
-573169794#2,65.08,65.08,0.0,1.0,0.0,0.0,>=95%
-573169794#3,24.29,24.29,0.0,1.0,0.0,0.0,>=95%
-573169795#1,39.88,39.88,0.0,1.0,0.0,0.0,>=95%
-573169795#2,5.41,5.41,0.0,1.0,0.0,0.0,>=95%
-573169795#3,7.1,7.1,0.0,1.0,0.0,0.0,>=95%
-573169795#4,2.6,2.6,0.0,1.0,0.0,0.0,>=95%
-617286516#0,5.64,5.64,0.0,1.0,0.0,0.0,>=95%
-617286516#1,10.16,10.16,0.0,1.0,0.0,0.0,>=95%
-617286516#2,0.11,0.11,0.0,1.0,0.0,0.0,>=95%
-617286516#3,13.89,13.89,0.0,1.0,0.0,0.0,>=95%
-617286516#4,23.67,23.67,0.0,1.0,0.0,0.0,>=95%
-617286516#5,32.27,32.27,0.0,1.0,0.0,0.0,>=95%
-617286516#6,28.37,28.37,0.0,1.0,0.0,0.0,>=95%
-617286516#7,63.81,63.81,0.0,1.0,0.0,0.0,>=95%
-617286516#8,138.03,138.03,0.0,1.0,0.0,0.0,>=95%
-634224224,23.22,22.485042,0.7349579999999989,0.9683480620155039,0.0,0.0,>=95%
-635356833#0,110.82,110.82,0.0,1.0,0.0,0.0,>=95%
-635356833#1,45.89,45.89,0.0,1.0,0.0,0.0,>=95%
-635356833#2,21.93,21.93,0.0,1.0,0.0,0.0,>=95%
-635356833#3,0.2,0.2,0.0,1.0,0.2,1.0,>=95%
-635356834#0,200.56,200.56,0.0,1.0,0.0,0.0,>=95%
-635356834#1,50.2,50.2,0.0,1.0,0.0,0.0,>=95%
-635356834#2,105.27,105.27,0.0,1.0,0.0,0.0,>=95%
-635356834#3,39.08,39.08,0.0,1.0,0.0,0.0,>=95%
-635356834#4,44.8,44.8,0.0,1.0,0.0,0.0,>=95%
-635356834#5,13.92,13.92,0.0,1.0,0.0,0.0,>=95%
-635356834#6,30.72,30.72,0.0,1.0,0.0,0.0,>=95%
-635356834#7,40.04,40.04,0.0,1.0,0.0,0.0,>=95%
-635356835#0,16.05,16.05,0.0,1.0,0.99362,0.061907788161993764,>=95%
-635356835#1,32.75,32.75,0.0,1.0,0.0,0.0,>=95%
-635356835#2,10.18,10.18,0.0,1.0,0.0,0.0,>=95%
-635356835#3,66.9,66.9,0.0,1.0,0.0,0.0,>=95%
-635356835#4,24.82,24.396613,0.42338700000000173,0.9829417002417404,0.0,0.0,>=95%
-635356835#5,0.28,0.28,0.0,1.0,0.0,0.0,>=95%
-665555263,12.48,1.1278300000000012,11.35217,0.09037099358974368,0.0,0.0,<50%
-700433853#0,11.68,11.68,0.0,1.0,0.0,0.0,>=95%
-736707764,0.2,0.2,0.0,1.0,0.0,0.0,>=95%
-779710379#1,20.01,1.0042760000000008,19.005724,0.05018870564717645,0.0,0.0,<50%
-801008456#0,11.48,11.48,0.0,1.0,0.0,0.0,>=95%
-801008456#1,25.06,25.06,0.0,1.0,0.0,0.0,>=95%
-801008456#2,19.45,19.45,0.0,1.0,0.0,0.0,>=95%
-801008456#3,110.89,110.89,0.0,1.0,0.0,0.0,>=95%
-803506243,0.2,0.2,0.0,1.0,0.0,0.0,>=95%
-820363544,11.42,11.201821,0.21817899999999923,0.9808950087565675,0.0,0.0,>=95%
-820363545#0,21.31,21.31,0.0,1.0,0.0,0.0,>=95%
-820363545#1,23.53,23.53,0.0,1.0,2.0,0.08499787505312367,>=95%
-820363545#10,37.19,37.19,0.0,1.0,0.0,0.0,>=95%
-820363545#11,13.52,13.52,0.0,1.0,0.0,0.0,>=95%
-820363545#12,215.82,215.490797,0.3292030000000068,0.9984746409044574,0.0,0.0,>=95%
-820363545#2,508.5,508.5,0.0,1.0,0.0,0.0,>=95%
-820363545#3,184.44,184.44,0.0,1.0,0.0,0.0,>=95%
-820363545#4,114.57,114.57,0.0,1.0,0.0,0.0,>=95%
-820363545#5,267.81,267.81,0.0,1.0,0.0,0.0,>=95%
-820363545#6,122.01,122.01,0.0,1.0,0.0,0.0,>=95%
-820363545#7,406.94,405.441205,1.4987949999999728,0.9963169140413821,0.0,0.0,>=95%
-820363545#8,108.16,108.16,0.0,1.0,0.0,0.0,>=95%
-820363545#9,145.67,145.67,0.0,1.0,0.0,0.0,>=95%
-824655022#0,138.22,138.22,0.0,1.0,0.0,0.0,>=95%
-824655022#1,29.85,29.85,0.0,1.0,0.0,0.0,>=95%
-824655022#4,58.84,58.84,0.0,1.0,0.0,0.0,>=95%
-824655022#5,46.47,46.47,0.0,1.0,0.0,0.0,>=95%
-824655022#6,30.57,30.57,0.0,1.0,0.0,0.0,>=95%
-916055955#1,41.94,40.725158,1.2148419999999973,0.9710338102050549,0.0,0.0,>=95%
-916055955#2,26.47,26.47,0.0,1.0,0.0,0.0,>=95%
-916055955#3,0.2,0.2,0.0,1.0,0.0,0.0,>=95%
-937503408#0,45.55,45.55,0.0,1.0,0.0,0.0,>=95%
-937503408#1,74.63,74.63,0.0,1.0,0.0,0.0,>=95%
-937503408#2,61.86,61.86,0.0,1.0,0.0,0.0,>=95%
-937503408#3,21.58,21.58,0.0,1.0,0.0,0.0,>=95%
-937503408#4,34.36,34.36,0.0,1.0,0.0,0.0,>=95%
-976309329,41.58,41.58,0.0,1.0,0.0,0.0,>=95%
1026941327,82.59,82.02596600000001,0.5640339999999924,0.9931706744157889,0.0,0.0,>=95%
1026944504,31.29,21.733033,9.556967,0.6945680089485459,0.0,0.0,50-95%
1028953202,4.18,3.5731789999999997,0.606821,0.8548275119617225,0.0,0.0,50-95%
1028953203,14.63,14.63,0.0,1.0,0.0,0.0,>=95%
1069452218#1,30.21,30.21,0.0,1.0,0.0,0.0,>=95%
1069452218#10,22.38,22.38,0.0,1.0,0.0,0.0,>=95%
1069452218#11,41.46,37.992939,3.467061000000001,0.9163757597684515,0.0,0.0,50-95%
1069452218#2,54.82,54.82,0.0,1.0,0.0,0.0,>=95%
1069452218#3,25.05,25.05,0.0,1.0,0.0,0.0,>=95%
1069452218#7,70.26,70.26,0.0,1.0,0.0,0.0,>=95%
1069452218#8,14.68,14.68,0.0,1.0,0.0,0.0,>=95%
1069452218#9,80.49,80.49,0.0,1.0,0.0,0.0,>=95%
1069458443#0,114.57,114.57,0.0,1.0,0.0,0.0,>=95%
1069458443#1,17.39,17.39,0.0,1.0,0.0,0.0,>=95%
1069458450,0.2,0.2,0.0,1.0,0.2,1.0,>=95%
1069458451#0,25.84,25.84,0.0,1.0,0.0,0.0,>=95%
1069458451#1,6.43,6.43,0.0,1.0,1.0075659999999997,0.15669766718506994,>=95%
1069458452#3,21.57,21.57,0.0,1.0,0.0,0.0,>=95%
1069458452#4,109.24,109.24,0.0,1.0,0.0,0.0,>=95%
1069458452#5,40.66,40.66,0.0,1.0,0.0,0.0,>=95%
1069458452#6,62.35,62.35,0.0,1.0,0.0,0.0,>=95%
1069458452#7,21.93,21.612385,0.317615,0.9855168718650251,0.0,0.0,>=95%
1069458453,45.93,45.246269,0.6837310000000016,0.9851136294360984,2.0,0.043544524276072284,>=95%
1069458458,3.21,3.21,0.0,1.0,0.0,0.0,>=95%
1069458459#0,6.68,6.601997,0.07800299999999982,0.9883229041916168,0.0,0.0,>=95%
1069458459#1,2.39,2.39,0.0,1.0,0.994796,0.4162326359832636,>=95%
1069861682#0,0.2,0.0,0.2,0.0,0.0,0.0,0%
1069861682#2,9.29,9.29,0.0,1.0,0.0,0.0,>=95%
1127921498#0,106.26,106.26,0.0,1.0,0.0,0.0,>=95%
1127921498#1,40.36,40.36,0.0,1.0,0.0,0.0,>=95%
1127921499#4,16.62,0.995769000000001,15.624231,0.059913898916967565,0.0,0.0,<50%
1127921499#6,17.14,14.376648,2.763352000000001,0.8387775962660443,0.0,0.0,50-95%
1127921501,12.93,12.93,0.0,1.0,0.0,0.0,>=95%
1127921504,44.02,44.02,0.0,1.0,0.0,0.0,>=95%
1127921505,46.98,46.98,0.0,1.0,0.0,0.0,>=95%
1147954124,158.71,158.71,0.0,1.0,0.0,0.0,>=95%
1209313353#0,7.18,7.18,0.0,1.0,0.0,0.0,>=95%
1209313353#0-AddedOnRampEdge,25.37,25.37,0.0,1.0,0.0,0.0,>=95%
1209313353#4,94.65,94.65,0.0,1.0,0.0,0.0,>=95%
1209313353#5,12.04,12.04,0.0,1.0,1.0025099999999991,0.08326495016611289,>=95%
1211909480#7,0.2,0.0,0.2,0.0,0.0,0.0,0%
1211909480#8,7.96,0.9942919999999997,6.965708,0.12491105527638188,0.0,0.0,<50%
1389567234#0,22.44,1.0,21.44,0.044563279857397504,0.0,0.0,<50%
1389567234#16,130.92,50.669533999999985,80.250466,0.3870266880537732,0.0,0.0,<50%
1389567236#5,0.2,0.2,0.0,1.0,0.0,0.0,>=95%
1389983443#0,12.26,2.660619,9.599381,0.2170162316476346,0.0,0.0,<50%
1391302387,19.61,19.61,0.0,1.0,0.9938739999999981,0.050681998980112095,>=95%
1391302389,6.02,6.02,0.0,1.0,0.0,0.0,>=95%
1414379206,275.83,125.79817599999998,150.031824,0.4560714063009825,0.0,0.0,<50%
1414379213,260.12,260.12,0.0,1.0,0.0,0.0,>=95%
1416455118#0,3.64,3.64,0.0,1.0,0.0,0.0,>=95%
1416455119,34.75,31.105873,3.644127000000001,0.895133035971223,0.0,0.0,50-95%
1419371349#0,34.81,34.81,0.0,1.0,0.0,0.0,>=95%
1419371349#1,183.43,183.43,0.0,1.0,0.0,0.0,>=95%
1419371349#2,25.06,25.06,0.0,1.0,0.0,0.0,>=95%
1419371349#3,19.59,19.59,0.0,1.0,0.0,0.0,>=95%
1419371350,54.84,53.988574,0.8514260000000036,0.9844743617797228,0.0,0.0,>=95%
1454595849,98.97,98.97,0.0,1.0,0.0,0.0,>=95%
1454595850,78.41,78.41,0.0,1.0,0.0,0.0,>=95%
1454595851,70.59,70.59,0.0,1.0,0.0,0.0,>=95%
1454595852,87.68,87.68,0.0,1.0,0.0,0.0,>=95%
1454595855#0,30.91,30.91,0.0,1.0,0.0,0.0,>=95%
1454595855#1,24.2,24.2,0.0,1.0,0.0,0.0,>=95%
1454595855#2,17.4,17.4,0.0,1.0,0.0,0.0,>=95%
1454595855#3,40.69,40.69,0.0,1.0,0.0,0.0,>=95%
1455063474#0,5.39,5.39,0.0,1.0,0.0,0.0,>=95%
1455063474#1,96.16,96.16,0.0,1.0,0.0,0.0,>=95%
1455063477,33.33,28.499924999999998,4.830075000000001,0.8550832583258325,0.0,0.0,50-95%
1455063478,0.2,0.2,0.0,1.0,0.0,0.0,>=95%
1455063479#0,36.66,36.66,0.0,1.0,1.0,0.02727768685215494,>=95%
1455063479#3,1.03,1.03,0.0,1.0,0.0,0.0,>=95%
1455063479#4,12.99,12.99,0.0,1.0,0.0,0.0,>=95%
1455063479#5,95.93,95.93,0.0,1.0,0.0,0.0,>=95%
1455063479#6,10.34,10.34,0.0,1.0,0.0,0.0,>=95%
1455063479#7,0.2,0.2,0.0,1.0,0.0,0.0,>=95%
1455063479#8,159.79,159.79,0.0,1.0,0.0,0.0,>=95%
1455063483,98.01,95.346382,2.6636179999999996,0.9728229976533007,0.0,0.0,>=95%
1455536607#0,49.73,49.73,0.0,1.0,0.0,0.0,>=95%
1455536607#1,5.53,5.53,0.0,1.0,0.0,0.0,>=95%
1455536608#0,18.59,18.59,0.0,1.0,0.0,0.0,>=95%
1455536608#1,0.2,0.2,0.0,1.0,0.0,0.0,>=95%
1455536609,9.15,9.15,0.0,1.0,0.0,0.0,>=95%
1455536610#1,9.94,9.94,0.0,1.0,0.0,0.0,>=95%
1455536610#2,35.01,35.01,0.0,1.0,0.0,0.0,>=95%
1455536610#8,14.2,14.2,0.0,1.0,0.0,0.0,>=95%
1455536612#0,82.03,82.03,0.0,1.0,0.0,0.0,>=95%
1455536612#1,87.14,87.14,0.0,1.0,0.0,0.0,>=95%
1455536612#2,36.83,36.83,0.0,1.0,0.0,0.0,>=95%
1455536616,0.2,0.2,0.0,1.0,0.2,1.0,>=95%
1455536617#0,57.29,57.29,0.0,1.0,0.0,0.0,>=95%
1455536617#1,13.54,13.54,0.0,1.0,0.0,0.0,>=95%
1455536617#2,12.83,12.83,0.0,1.0,0.0,0.0,>=95%
1455536617#3,14.5,14.5,0.0,1.0,0.0,0.0,>=95%
1455536617#4,9.12,9.12,0.0,1.0,0.0,0.0,>=95%
1455536617#5,31.75,31.75,0.0,1.0,0.0,0.0,>=95%
1455536617#6,32.18,32.18,0.0,1.0,0.0,0.0,>=95%
1455536618,1.37,1.37,0.0,1.0,0.0,0.0,>=95%
1455537633,14.22,14.22,0.0,1.0,0.0,0.0,>=95%
1455538686#0,8.1,8.1,0.0,1.0,0.0,0.0,>=95%
1455538686#1,8.3,8.3,0.0,1.0,0.0,0.0,>=95%
1455538687#0,15.24,15.24,0.0,1.0,0.0,0.0,>=95%
1455538687#1,23.8,23.8,0.0,1.0,0.0,0.0,>=95%
1455538687#2,8.58,8.58,0.0,1.0,0.0,0.0,>=95%
1455538687#3,31.12,31.12,0.0,1.0,0.0,0.0,>=95%
1455538687#4,114.09,114.09,0.0,1.0,0.0,0.0,>=95%
1455538687#5,108.34,108.34,0.0,1.0,0.0,0.0,>=95%
1455538687#7,119.37,119.37,0.0,1.0,0.0,0.0,>=95%
1455538687#8,112.72,112.72,0.0,1.0,0.0,0.0,>=95%
1455538687#9,24.15,24.15,0.0,1.0,0.0,0.0,>=95%
1455540413#0,3.21,3.21,0.0,1.0,0.0,0.0,>=95%
1455540413#1,0.2,0.2,0.0,1.0,0.0,0.0,>=95%
1455541230#0,18.45,18.45,0.0,1.0,0.0,0.0,>=95%
1455541230#1,32.84,32.84,0.0,1.0,0.0,0.0,>=95%
1455541230#2,3.25,2.862712,0.38728799999999985,0.8808344615384616,0.0,0.0,50-95%
1459747340#0,14.64,14.64,0.0,1.0,0.0,0.0,>=95%
1459747340#1,22.07,22.07,0.0,1.0,0.0,0.0,>=95%
1463443081#0,10.58,10.58,0.0,1.0,0.0,0.0,>=95%
1463443081#1,92.51,92.51,0.0,1.0,0.0,0.0,>=95%
1463443081#2,24.43,24.43,0.0,1.0,0.0,0.0,>=95%
1463443081#3,1.79,1.79,0.0,1.0,0.0,0.0,>=95%
1463443082,10.1,10.1,0.0,1.0,0.0,0.0,>=95%
1471625093,24.85,24.85,0.0,1.0,0.0,0.0,>=95%
1471625096,30.3,30.3,0.0,1.0,0.0,0.0,>=95%
1471626821#0,34.69,34.69,0.0,1.0,0.0,0.0,>=95%
1471626821#1,2.44,2.44,0.0,1.0,0.0,0.0,>=95%
1479671378,25.82,25.82,0.0,1.0,5.3655919999999995,0.20780759101471724,>=95%
1479671379#0,0.2,0.2,0.0,1.0,0.0,0.0,>=95%
1479671379#1,42.8,42.8,0.0,1.0,7.830214000000001,0.1829489252336449,>=95%
1479671380,15.53,15.53,0.0,1.0,0.0,0.0,>=95%
1492450443,198.42,198.035514,0.38448599999998123,0.9980622618687633,0.0,0.0,>=95%
1492450445#0,40.15,40.15,0.0,1.0,0.0,0.0,>=95%
1492450445#1,0.2,0.2,0.0,1.0,0.0,0.0,>=95%
1492450445#2,5.61,5.61,0.0,1.0,0.0,0.0,>=95%
1496591683#0,100.97,100.97,0.0,1.0,0.0,0.0,>=95%
1496591683#1,19.47,19.47,0.0,1.0,0.0,0.0,>=95%
1496591683#2,9.86,9.86,0.0,1.0,0.0,0.0,>=95%
1496591683#3,56.29,56.29,0.0,1.0,0.0,0.0,>=95%
1496591684#0,25.92,25.92,0.0,1.0,0.0,0.0,>=95%
1496591684#2,15.69,15.69,0.0,1.0,0.0,0.0,>=95%
1496591684#3,7.93,7.93,0.0,1.0,0.0,0.0,>=95%
1496591684#4,2.19,2.19,0.0,1.0,0.0,0.0,>=95%
1496591684#5,15.78,15.78,0.0,1.0,0.0,0.0,>=95%
1496591684#6,2.69,2.69,0.0,1.0,0.0,0.0,>=95%
1496591684#7,0.2,0.2,0.0,1.0,0.0,0.0,>=95%
1496600603#0,101.24,101.24,0.0,1.0,0.0,0.0,>=95%
1496600603#1,31.69,31.69,0.0,1.0,0.0,0.0,>=95%
1496600603#2,4.54,4.54,0.0,1.0,0.0,0.0,>=95%
1517880569#0,0.2,0.2,0.0,1.0,0.0,0.0,>=95%
1517880569#1,281.17,2.68504,278.48496,0.00954952519827862,0.0,0.0,<50%
1528761960,0.2,0.2,0.0,1.0,0.2,1.0,>=95%
1528761962#0,1.43,1.43,0.0,1.0,0.0,0.0,>=95%
1528761962#1,0.48,0.48,0.0,1.0,0.48,1.0,>=95%
1528761963#0,0.2,0.2,0.0,1.0,0.0,0.0,>=95%
1528761963#1,0.2,0.2,0.0,1.0,0.0,0.0,>=95%
1528761963#2,205.74,205.74,0.0,1.0,0.0,0.0,>=95%
1528761963#5,20.97,20.97,0.0,1.0,0.0,0.0,>=95%
1528761963#6,0.2,0.0,0.2,0.0,0.0,0.0,0%
1528761963#7,0.2,0.2,0.0,1.0,0.0,0.0,>=95%
1528761965#0,0.2,0.0,0.2,0.0,0.0,0.0,0%
1528761965#1,114.81,110.417298,4.392702,0.9617393781029527,0.0,0.0,>=95%
1528761966#0,22.14,22.14,0.0,1.0,0.0,0.0,>=95%
1528761966#1,64.38,64.38,0.0,1.0,0.0,0.0,>=95%
1528761966#2,0.79,0.79,0.0,1.0,0.0,0.0,>=95%
1528816939#0,31.22,31.22,0.0,1.0,0.0,0.0,>=95%
1528816939#1,8.27,8.27,0.0,1.0,0.0,0.0,>=95%
1528816939#2,1.69,1.69,0.0,1.0,0.0,0.0,>=95%
1530928390#0,66.86,66.86,0.0,1.0,0.0,0.0,>=95%
1530928392,10.42,10.42,0.0,1.0,0.0,0.0,>=95%
1530928434,3.38,3.38,0.0,1.0,0.0,0.0,>=95%
1532869454,107.36,107.36,0.0,1.0,0.0,0.0,>=95%
1534267660,13.42,13.42,0.0,1.0,0.0,0.0,>=95%
1534267661,30.33,30.33,0.0,1.0,2.0,0.06594131223211343,>=95%
1539122285#0,31.9,31.118257,0.7817429999999987,0.9754939498432602,0.0,0.0,>=95%
1539122285#1,20.57,20.57,0.0,1.0,0.0,0.0,>=95%
1539122285#2,0.2,0.2,0.0,1.0,0.0,0.0,>=95%
1539122286#0,7.84,7.84,0.0,1.0,0.0,0.0,>=95%
1539122286#1,104.01,103.806419,0.2035809999999998,0.9980426785885973,0.0,0.0,>=95%
1539122286#2,7.48,7.48,0.0,1.0,0.0,0.0,>=95%
1539122287#0,75.86,75.86,0.0,1.0,0.0,0.0,>=95%
1539122287#1,46.93,46.93,0.0,1.0,0.0,0.0,>=95%
1539122297#1,27.8,12.920392000000001,14.879608,0.4647623021582734,0.0,0.0,<50%
1539122301#0,152.67,152.67,0.0,1.0,2.0,0.013100150651732496,>=95%
1539122301#1,24.56,24.56,0.0,1.0,0.0,0.0,>=95%
1539122302#0,101.88,101.88,0.0,1.0,0.0,0.0,>=95%
1539122302#1,23.87,23.87,0.0,1.0,0.0,0.0,>=95%
168369487,22.29,17.108515999999998,5.181484000000001,0.7675422162404665,0.0,0.0,50-95%
169728820#0,86.97,47.315473,39.654527,0.5440436127400252,0.0,0.0,50-95%
172670186#5,1.8,0.0,1.8,0.0,0.0,0.0,0%
172670186#6,4.51,1.00101,3.50899,0.22195343680709534,0.0,0.0,<50%
180192152#0,77.66,77.592472,0.06752799999999581,0.9991304661344322,0.0,0.0,>=95%
180192152#1,74.5,74.5,0.0,1.0,0.9976589999999987,0.013391395973154346,>=95%
183272297#0,1258.81,1258.804429,0.005570999999918058,0.9999955743916874,0.0,0.0,>=95%
183272297#1,257.75,256.73670799999996,1.0132920000000354,0.9960687022308437,0.0,0.0,>=95%
183272300,726.56,725.9111399999999,0.6488600000000133,0.9991069423034574,0.0,0.0,>=95%
183272304,290.81,290.81,0.0,1.0,277.267146,0.9534305766651766,>=95%
183272339,824.79,146.53014999999994,678.25985,0.1776575249457437,0.0,0.0,<50%
183272350#0,101.01,100.38257700000001,0.6274229999999932,0.9937885060885061,0.0,0.0,>=95%
183272350#1,91.12,89.99243399999999,1.1275660000000158,0.9876254828797189,0.0,0.0,>=95%
183272352,389.6,389.6,0.0,1.0,0.0,0.0,>=95%
183272352-AddedOnRampEdge,3.19,3.19,0.0,1.0,0.0,0.0,>=95%
183272408#0,62.66,62.66,0.0,1.0,0.0,0.0,>=95%
183272408#1,24.81,24.81,0.0,1.0,0.0,0.0,>=95%
183272408#2,22.05,22.05,0.0,1.0,0.0,0.0,>=95%
183272408#3,0.36,0.36,0.0,1.0,0.0,0.0,>=95%
183272408#4,1.61,1.61,0.0,1.0,0.0,0.0,>=95%
183272408#5,3.61,3.61,0.0,1.0,0.0,0.0,>=95%
183272408#6,34.9,34.9,0.0,1.0,0.0,0.0,>=95%
183272408#6-AddedOnRampEdge,96.0,96.0,0.0,1.0,0.0,0.0,>=95%
183272408#7,68.88,68.88,0.0,1.0,0.0,0.0,>=95%
183272408#8,37.92,37.92,0.0,1.0,0.0,0.0,>=95%
183272409#0,6.09,1.0,5.09,0.16420361247947454,0.0,0.0,<50%
183272432#1,73.24,73.24,0.0,1.0,0.0,0.0,>=95%
183272437#0,40.24,1.004012000000003,39.235988,0.024950596421471245,0.0,0.0,<50%
183272437#1,0.89,0.89,0.0,1.0,0.89,1.0,>=95%
183272438,60.5,56.99028,3.5097200000000015,0.9419880991735536,0.0,0.0,50-95%
183272438-AddedOnRampEdge,97.54,96.613462,0.9265380000000079,0.9905009432027885,0.0,0.0,>=95%
183272440#0,33.84,33.84,0.0,1.0,0.0,0.0,>=95%
183272440#1,43.64,43.64,0.0,1.0,0.0,0.0,>=95%
183272440#2,76.37,76.37,0.0,1.0,0.0,0.0,>=95%
183272440#3,24.52,24.52,0.0,1.0,0.0,0.0,>=95%
183272540#0,24.63,24.63,0.0,1.0,0.0,0.0,>=95%
183272540#1,159.06,159.06,0.0,1.0,0.0,0.0,>=95%
183272540#1-AddedOnRampEdge,94.08,94.08,0.0,1.0,0.0,0.0,>=95%
183272540#2,20.65,20.65,0.0,1.0,0.0,0.0,>=95%
183272560,46.03,46.03,0.0,1.0,0.0,0.0,>=95%
183521062#0,749.77,749.77,0.0,1.0,0.0,0.0,>=95%
183521062#0-AddedOffRampEdge,94.21,93.920414,0.2895859999999999,0.9969261649506422,0.0,0.0,>=95%
183521062#0-AddedOnRampEdge,94.55,93.185298,1.364701999999994,0.9855663458487574,0.0,0.0,>=95%
183521062#1,256.85,256.85,0.0,1.0,0.0,0.0,>=95%
183521062#2,27.93,27.93,0.0,1.0,0.0,0.0,>=95%
183521062#2-AddedOnRampEdge,98.98,98.444382,0.5356179999999995,0.9945886239644373,0.0,0.0,>=95%
183521062#3,1286.2,624.3852109999999,661.8147890000001,0.4854495498367283,0.0,0.0,<50%
183521063#0,16.52,16.52,0.0,1.0,0.0,0.0,>=95%
183521063#1,86.47,86.47,0.0,1.0,0.0,0.0,>=95%
183521063#2,0.66,0.66,0.0,1.0,0.0,0.0,>=95%
183521063#3,80.07,80.07,0.0,1.0,0.0,0.0,>=95%
183521064,7.53,7.53,0.0,1.0,0.995565,0.13221314741035856,>=95%
183521066#0,36.11,36.11,0.0,1.0,2.0,0.055386319579063974,>=95%
183521066#1,82.0,82.0,0.0,1.0,0.0,0.0,>=95%
183521066#2,186.66,186.66,0.0,1.0,0.0,0.0,>=95%
183521066#3,3.46,3.46,0.0,1.0,0.0,0.0,>=95%
183521066#4,6.55,6.55,0.0,1.0,0.0,0.0,>=95%
183521066#5,112.78,112.78,0.0,1.0,0.0,0.0,>=95%
183521066#8,28.72,28.72,0.0,1.0,0.0,0.0,>=95%
183521066#9,46.03,46.03,0.0,1.0,0.0,0.0,>=95%
183521067#1,23.12,23.12,0.0,1.0,0.0,0.0,>=95%
183521067#2,27.67,27.67,0.0,1.0,0.0,0.0,>=95%
183521067#3,0.2,0.2,0.0,1.0,0.0,0.0,>=95%
183521068#0,1.98,1.0,0.98,0.5050505050505051,0.0,0.0,50-95%
183521068#1,98.77,98.77,0.0,1.0,0.0,0.0,>=95%
183521076,14.12,14.12,0.0,1.0,0.0,0.0,>=95%
183521078,51.38,50.878653,0.5013470000000027,0.990242370572207,0.0,0.0,>=95%
183521079,2.81,2.81,0.0,1.0,0.0,0.0,>=95%
183521084#0,20.31,1.0,19.31,0.049236829148202856,0.0,0.0,<50%
183521092#0,31.69,1.0,30.69,0.031555695803092455,0.0,0.0,<50%
183521095#0,1528.28,1461.425263,66.85473699999989,0.956254915983982,1444.871787,0.9454234741016044,>=95%
183521095#1,290.67,290.67,0.0,1.0,290.198163,0.9983767261843328,>=95%
183521096,840.14,840.14,0.0,1.0,839.436164,0.9991622396267289,>=95%
183521097#0,357.03,338.191759,18.838240999999982,0.9472362518555865,0.0,0.0,50-95%
183521097#1,1445.99,1445.11122,0.8787800000000061,0.9993922641235417,269.458803,0.18634900863768075,>=95%
183521097#1-AddedOnRampEdge,94.43,94.43,0.0,1.0,0.0,0.0,>=95%
183521099,413.15,413.15,0.0,1.0,0.0,0.0,>=95%
183521100,390.64,390.64,0.0,1.0,0.0,0.0,>=95%
183521107#0,34.24,34.24,0.0,1.0,0.0,0.0,>=95%
183521107#1,44.12,44.12,0.0,1.0,0.0,0.0,>=95%
183521107#2,80.6,80.6,0.0,1.0,0.0,0.0,>=95%
183521107#3,103.42,103.42,0.0,1.0,0.0,0.0,>=95%
183521107#4,51.77,51.77,0.0,1.0,0.0,0.0,>=95%
183521107#6,42.58,42.58,0.0,1.0,0.0,0.0,>=95%
183521112#0,13.29,13.29,0.0,1.0,0.0,0.0,>=95%
183521112#2,60.87,60.87,0.0,1.0,0.0,0.0,>=95%
183521113,19.74,19.74,0.0,1.0,0.0,0.0,>=95%
183521120#0,24.41,24.41,0.0,1.0,9.211912,0.37738271200327733,>=95%
183521120#1,76.73,76.73,0.0,1.0,0.0,0.0,>=95%
183521163#0,35.98,35.98,0.0,1.0,0.0,0.0,>=95%
183521163#1,60.14,60.14,0.0,1.0,0.0,0.0,>=95%
183521163#2,0.2,0.2,0.0,1.0,0.0,0.0,>=95%
183521169,11.58,11.58,0.0,1.0,0.0,0.0,>=95%
183521171#0,92.01,92.01,0.0,1.0,0.0,0.0,>=95%
183521171#2,0.2,0.2,0.0,1.0,0.0,0.0,>=95%
183521171#2-AddedOffRampEdge,92.69,92.69,0.0,1.0,0.0,0.0,>=95%
183521196#1,21.72,21.72,0.0,1.0,0.0,0.0,>=95%
183521196#2,26.54,26.54,0.0,1.0,0.0,0.0,>=95%
183521196#3,11.49,11.49,0.0,1.0,0.0,0.0,>=95%
183521196#4,44.67,44.67,0.0,1.0,0.0,0.0,>=95%
183521196#5,65.51,65.51,0.0,1.0,0.0,0.0,>=95%
183521247#1,9.17,9.17,0.0,1.0,0.0,0.0,>=95%
183521247#2,21.81,21.81,0.0,1.0,0.0,0.0,>=95%
183521249#3,14.48,2.026433000000001,12.453567,0.1399470303867404,0.0,0.0,<50%
183521250,67.2,15.007684,52.192316000000005,0.22332863095238092,0.0,0.0,<50%
183521262,408.92,408.412685,0.5073150000000055,0.9987593783625159,0.0,0.0,>=95%
183895350#0,0.2,0.2,0.0,1.0,0.0,0.0,>=95%
183895353#0,63.05,13.996519999999997,49.05348,0.22199080095162566,0.0,0.0,<50%
183895353#1,48.92,48.92,0.0,1.0,0.0,0.0,>=95%
183895353#2,34.49,34.49,0.0,1.0,1.0085130000000007,0.029240736445346496,>=95%
183895355#0,33.55,33.55,0.0,1.0,0.0,0.0,>=95%
183895355#1,74.48,74.48,0.0,1.0,0.0,0.0,>=95%
183895355#2,60.1,47.033363,13.066637,0.782585074875208,0.0,0.0,50-95%
203924741,1863.07,7.121895,1855.948105,0.0038226663517742223,0.0,0.0,<50%
203924742,130.54,130.54,0.0,1.0,0.0,0.0,>=95%
204782620,334.98,334.98,0.0,1.0,0.0,0.0,>=95%
216881807#7,5.22,1.006278,4.213722,0.19277356321839081,0.0,0.0,<50%
218647394#0,96.06,96.06,0.0,1.0,0.0,0.0,>=95%
218647394#1,20.28,20.28,0.0,1.0,0.0,0.0,>=95%
218647394#2,50.56,50.56,0.0,1.0,0.0,0.0,>=95%
218647396#0,61.14,61.14,0.0,1.0,0.0,0.0,>=95%
218647396#1,33.85,33.85,0.0,1.0,0.0,0.0,>=95%
218647396#10,11.06,11.06,0.0,1.0,0.0,0.0,>=95%
218647396#11,49.68,49.68,0.0,1.0,0.0,0.0,>=95%
218647396#13,41.01,41.01,0.0,1.0,0.0,0.0,>=95%
218647396#14,11.17,11.17,0.0,1.0,0.0,0.0,>=95%
218647396#15,17.05,17.05,0.0,1.0,0.0,0.0,>=95%
218647396#17,6.53,6.53,0.0,1.0,0.0,0.0,>=95%
218647396#2,39.7,39.7,0.0,1.0,0.0,0.0,>=95%
218647396#3,22.32,22.32,0.0,1.0,0.0,0.0,>=95%
218647396#4,36.28,36.28,0.0,1.0,0.0,0.0,>=95%
218647396#5,11.6,11.6,0.0,1.0,0.0,0.0,>=95%
218647396#7,39.99,39.99,0.0,1.0,0.0,0.0,>=95%
218647396#9,29.95,29.95,0.0,1.0,0.0,0.0,>=95%
218647397#0,25.53,25.53,0.0,1.0,0.0,0.0,>=95%
218647397#1,18.76,18.76,0.0,1.0,0.0,0.0,>=95%
218647397#10,9.49,9.49,0.0,1.0,0.0,0.0,>=95%
218647397#11,24.38,24.38,0.0,1.0,0.998034999999998,0.04093662838392117,>=95%
218647397#2,16.67,16.67,0.0,1.0,0.0,0.0,>=95%
218647397#4,9.63,9.63,0.0,1.0,0.0,0.0,>=95%
218647397#5,14.79,14.79,0.0,1.0,0.0,0.0,>=95%
218647397#6,13.79,13.79,0.0,1.0,0.0,0.0,>=95%
218647397#7,10.75,10.75,0.0,1.0,0.0,0.0,>=95%
218647397#8,38.98,38.98,0.0,1.0,0.0,0.0,>=95%
218647397#9,28.6,28.6,0.0,1.0,0.0,0.0,>=95%
218647840#0,12.59,12.222225,0.36777499999999996,0.9707883240667197,0.0,0.0,>=95%
218647840#1,57.53,57.53,0.0,1.0,0.0,0.0,>=95%
218647841#0,11.04,11.04,0.0,1.0,1.0,0.09057971014492755,>=95%
218647841#1,128.3,128.3,0.0,1.0,0.0,0.0,>=95%
218647841#2,64.22,64.22,0.0,1.0,0.0,0.0,>=95%
218647841#3,31.29,31.29,0.0,1.0,0.0,0.0,>=95%
218655245#0,138.46,5.724504,132.735496,0.041344099378881984,0.0,0.0,<50%
218655246,895.53,895.427922,0.10207800000000589,0.9998860138688821,0.0,0.0,>=95%
218681381#0,69.31,4.353555,64.956445,0.06281279757610735,0.0,0.0,<50%
218769245#0,104.16,104.16,0.0,1.0,0.0,0.0,>=95%
218769245#1,90.77,90.77,0.0,1.0,0.0,0.0,>=95%
218769245#2,78.2,78.2,0.0,1.0,0.0,0.0,>=95%
218769245#3,79.88,79.88,0.0,1.0,0.0,0.0,>=95%
218779908#0,15.08,15.08,0.0,1.0,0.0,0.0,>=95%
218779908#1,79.89,79.89,0.0,1.0,0.0,0.0,>=95%
218779908#2,21.44,21.44,0.0,1.0,0.0,0.0,>=95%
218779908#3,55.86,55.86,0.0,1.0,0.0,0.0,>=95%
218779908#4,49.47,49.47,0.0,1.0,0.0,0.0,>=95%
218779910#0,0.2,0.2,0.0,1.0,0.0,0.0,>=95%
218779910#1,7.53,7.53,0.0,1.0,0.0,0.0,>=95%
218779910#2,75.1,75.1,0.0,1.0,0.0,0.0,>=95%
218779910#3,207.04,207.04,0.0,1.0,0.0,0.0,>=95%
218779911,68.02,51.395630999999995,16.624369,0.7555958688620994,0.7479359999999993,0.010995824757424277,50-95%
218799087#1,16.67,16.67,0.0,1.0,0.0,0.0,>=95%
218799087#11,18.79,18.79,0.0,1.0,0.0,0.0,>=95%
218799087#12,16.29,16.29,0.0,1.0,0.0,0.0,>=95%
218799087#13,14.21,14.21,0.0,1.0,0.0,0.0,>=95%
218799087#14,26.65,26.65,0.0,1.0,0.0,0.0,>=95%
218799087#15,46.64,46.64,0.0,1.0,0.0,0.0,>=95%
218799087#17,18.86,18.86,0.0,1.0,0.0,0.0,>=95%
218799087#18,34.24,34.24,0.0,1.0,0.0,0.0,>=95%
218799087#19,9.21,9.21,0.0,1.0,0.0,0.0,>=95%
218799087#2,24.08,24.08,0.0,1.0,0.0,0.0,>=95%
218799087#20,32.06,32.06,0.0,1.0,0.0,0.0,>=95%
218799087#3,17.25,17.25,0.0,1.0,0.0,0.0,>=95%
218799087#4,3.85,3.85,0.0,1.0,0.0,0.0,>=95%
218799087#5,33.71,33.71,0.0,1.0,0.0,0.0,>=95%
218799087#7,2.19,2.19,0.0,1.0,0.0,0.0,>=95%
218799087#8,8.39,8.39,0.0,1.0,0.0,0.0,>=95%
218799087#9,50.78,50.78,0.0,1.0,0.0,0.0,>=95%
218838668#2,47.9,1.003149999999998,46.89685,0.020942588726513528,0.0,0.0,<50%
219054273#0,36.9,36.9,0.0,1.0,0.0,0.0,>=95%
219054273#1,9.63,9.63,0.0,1.0,0.0,0.0,>=95%
219054273#2,6.55,6.55,0.0,1.0,0.0,0.0,>=95%
219054273#3,0.24,0.24,0.0,1.0,0.0,0.0,>=95%
219054273#4,40.37,40.37,0.0,1.0,0.0,0.0,>=95%
219054274#0,21.2,21.2,0.0,1.0,0.0,0.0,>=95%
219054274#1,33.51,33.51,0.0,1.0,0.0,0.0,>=95%
219054274#10,41.16,41.16,0.0,1.0,0.0,0.0,>=95%
219054274#11,12.99,12.99,0.0,1.0,0.0,0.0,>=95%
219054274#12,3.32,3.32,0.0,1.0,0.0,0.0,>=95%
219054274#13,103.06,103.06,0.0,1.0,0.0,0.0,>=95%
219054274#15,15.06,15.06,0.0,1.0,0.0,0.0,>=95%
219054274#16,15.8,15.8,0.0,1.0,0.0,0.0,>=95%
219054274#17,6.51,6.51,0.0,1.0,0.0,0.0,>=95%
219054274#18,2.82,2.82,0.0,1.0,0.0,0.0,>=95%
219054274#2,10.61,10.61,0.0,1.0,0.0,0.0,>=95%
219054274#3,78.81,78.81,0.0,1.0,0.0,0.0,>=95%
219054274#4,33.61,33.61,0.0,1.0,0.0,0.0,>=95%
219054274#5,0.2,0.2,0.0,1.0,0.0,0.0,>=95%
219054274#6,69.05,69.05,0.0,1.0,0.0,0.0,>=95%
219054274#7,11.03,11.03,0.0,1.0,0.0,0.0,>=95%
219054274#8,103.02,103.02,0.0,1.0,0.0,0.0,>=95%
219054274#9,24.48,24.48,0.0,1.0,0.0,0.0,>=95%
219054275#1,118.51,118.51,0.0,1.0,1.0,0.00843810648890389,>=95%
219054275#2,29.33,29.33,0.0,1.0,0.0,0.0,>=95%
219054275#3,0.2,0.2,0.0,1.0,0.0,0.0,>=95%
219054275#4,9.86,9.86,0.0,1.0,0.0,0.0,>=95%
219054275#5,65.86,65.86,0.0,1.0,0.0,0.0,>=95%
219054275#6,16.26,16.26,0.0,1.0,0.0,0.0,>=95%
219054275#7,30.5,30.5,0.0,1.0,0.0,0.0,>=95%
219054275#9,11.19,11.19,0.0,1.0,1.005922,0.08989472743521001,>=95%
219054276,39.27,39.27,0.0,1.0,0.0,0.0,>=95%
219054277#0,0.45,0.45,0.0,1.0,0.0,0.0,>=95%
219054277#1,0.82,0.82,0.0,1.0,0.0,0.0,>=95%
219054278#1,19.27,15.208547,4.061453,0.7892344058121432,0.0,0.0,50-95%
219054278#2,0.2,0.2,0.0,1.0,0.0,0.0,>=95%
219054278#3,0.93,0.93,0.0,1.0,0.0,0.0,>=95%
219054278#4,16.05,16.05,0.0,1.0,0.0,0.0,>=95%
219054278#5,11.93,11.93,0.0,1.0,0.0,0.0,>=95%
219054278#6,18.76,16.66368,2.096320000000002,0.8882558635394455,0.0,0.0,50-95%
219055002#0,289.28,241.85218399999997,47.42781600000001,0.8360487555309735,0.0,0.0,50-95%
219055002#1,62.03,62.03,0.0,1.0,0.0,0.0,>=95%
219055002#2,44.81,44.81,0.0,1.0,0.0,0.0,>=95%
219055002#3,5.1,5.1,0.0,1.0,0.0,0.0,>=95%
219055002#4,114.57,114.57,0.0,1.0,0.0,0.0,>=95%
219055002#5,31.66,31.66,0.0,1.0,1.1709700000000005,0.03698578648136451,>=95%
219055003#0,22.14,22.14,0.0,1.0,0.0,0.0,>=95%
219055003#1,280.42,280.42,0.0,1.0,0.0,0.0,>=95%
219073859,38.14,18.940756,19.199244,0.4966113266911379,0.0,0.0,<50%
219095464#0,39.5,39.5,0.0,1.0,0.0,0.0,>=95%
219095464#1,47.96,47.96,0.0,1.0,0.0,0.0,>=95%
219095464#2,1.31,1.31,0.0,1.0,0.0,0.0,>=95%
219095464#3,110.03,110.03,0.0,1.0,0.0,0.0,>=95%
219095464#4,17.65,17.65,0.0,1.0,2.9996159999999996,0.1699499150141643,>=95%
261995707#5,35.7,1.5194040000000015,34.180596,0.04256033613445382,0.0,0.0,<50%
26238056,485.97,463.408824,22.561176000000046,0.9535749614173713,0.0,0.0,>=95%
26271772#0,127.41,1.933269,125.476731,0.015173604897574758,0.0,0.0,<50%
27186878,6.96,6.96,0.0,1.0,0.0,0.0,>=95%
37395770,190.85,190.85,0.0,1.0,0.0,0.0,>=95%
37396914#0,6.97,1.0,5.97,0.14347202295552366,0.0,0.0,<50%
37399354#0,14.61,14.61,0.0,1.0,0.0,0.0,>=95%
37399354#1,8.45,8.45,0.0,1.0,0.0,0.0,>=95%
37399354#3,16.68,16.68,0.0,1.0,0.0,0.0,>=95%
37399354#4,18.87,18.87,0.0,1.0,0.0,0.0,>=95%
37399354#5,13.34,13.34,0.0,1.0,0.0,0.0,>=95%
37399354#6,49.51,49.51,0.0,1.0,0.0,0.0,>=95%
37399354#7,21.43,21.43,0.0,1.0,0.0,0.0,>=95%
37400153#1,15.48,15.48,0.0,1.0,0.0,0.0,>=95%
37400153#10,38.85,38.85,0.0,1.0,0.0,0.0,>=95%
37400153#11,23.89,23.89,0.0,1.0,0.0,0.0,>=95%
37400153#12,51.7,51.7,0.0,1.0,0.0,0.0,>=95%
37400153#13,0.16,0.16,0.0,1.0,0.0,0.0,>=95%
37400153#14,0.64,0.64,0.0,1.0,0.0,0.0,>=95%
37400153#15,33.52,33.52,0.0,1.0,0.0,0.0,>=95%
37400153#16,12.66,12.66,0.0,1.0,0.0,0.0,>=95%
37400153#17,8.04,8.04,0.0,1.0,0.0,0.0,>=95%
37400153#18,7.66,7.66,0.0,1.0,0.0,0.0,>=95%
37400153#19,0.2,0.2,0.0,1.0,0.0,0.0,>=95%
37400153#2,39.14,39.14,0.0,1.0,0.0,0.0,>=95%
37400153#3,130.38,130.38,0.0,1.0,0.0,0.0,>=95%
37400153#4,239.4,239.4,0.0,1.0,0.9910859999999957,0.004139874686716774,>=95%
37400153#5,20.42,20.42,0.0,1.0,0.0,0.0,>=95%
37400153#6,7.55,7.55,0.0,1.0,0.0,0.0,>=95%
37400153#8,0.2,0.2,0.0,1.0,0.0,0.0,>=95%
37400153#9,31.13,31.13,0.0,1.0,0.0,0.0,>=95%
37400220#0,2.43,2.43,0.0,1.0,0.0,0.0,>=95%
37400220#1,12.69,12.69,0.0,1.0,0.0,0.0,>=95%
37400220#2,0.2,0.2,0.0,1.0,0.0,0.0,>=95%
37400220#2-AddedOnRampEdge,94.5,94.5,0.0,1.0,0.0,0.0,>=95%
37400220#3,57.79,57.79,0.0,1.0,0.0,0.0,>=95%
37400220#4,168.77,168.77,0.0,1.0,0.0,0.0,>=95%
37400220#5,123.91,123.769517,0.14048300000000324,0.9988662496973609,0.0,0.0,>=95%
37400220#6,0.2,0.2,0.0,1.0,0.0,0.0,>=95%
37400588#0,51.34,51.34,0.0,1.0,0.0,0.0,>=95%
37400588#1,34.79,34.79,0.0,1.0,0.0,0.0,>=95%
37400588#2,89.75,89.75,0.0,1.0,0.0,0.0,>=95%
37400588#3,28.69,28.69,0.0,1.0,0.0,0.0,>=95%
37400588#4,15.53,15.53,0.0,1.0,0.0,0.0,>=95%
37400588#5,11.61,11.61,0.0,1.0,2.466023999999999,0.21240516795865627,>=95%
37400589#0,8.07,8.07,0.0,1.0,0.0,0.0,>=95%
37400589#1,33.48,33.48,0.0,1.0,0.0,0.0,>=95%
37400589#2,6.1,6.1,0.0,1.0,0.0,0.0,>=95%
37400589#3,34.45,34.45,0.0,1.0,0.0,0.0,>=95%
37400589#4,63.44,63.44,0.0,1.0,0.0,0.0,>=95%
37400589#5,9.24,9.24,0.0,1.0,0.0,0.0,>=95%
37400589#6,71.94,71.94,0.0,1.0,0.9978890000000007,0.013871128718376435,>=95%
37401109#0,70.23,70.23,0.0,1.0,0.0,0.0,>=95%
37401109#1,62.46,62.46,0.0,1.0,0.0,0.0,>=95%
37401109#10,144.25,144.25,0.0,1.0,0.0,0.0,>=95%
37401109#2,66.9,66.9,0.0,1.0,0.0,0.0,>=95%
37401109#3,41.52,41.52,0.0,1.0,0.0,0.0,>=95%
37401109#4,74.65,74.65,0.0,1.0,0.0,0.0,>=95%
37401109#5,110.06,110.06,0.0,1.0,0.0,0.0,>=95%
37401109#6,130.98,130.98,0.0,1.0,0.0,0.0,>=95%
37401109#7,146.37,146.37,0.0,1.0,0.0,0.0,>=95%
37401109#8,109.87,109.87,0.0,1.0,0.0,0.0,>=95%
37401109#9,27.86,27.86,0.0,1.0,0.0,0.0,>=95%
37401320#19,8.37,0.9988289999999989,7.371171,0.11933440860215042,0.0,0.0,<50%
37401394#0,88.89,1.0,87.89,0.01124985937675779,0.0,0.0,<50%
37401438,162.82,162.82,0.0,1.0,0.0,0.0,>=95%
37401477#0,24.41,24.41,0.0,1.0,1.0,0.04096681687832855,>=95%
37401477#1,24.05,24.05,0.0,1.0,0.0,0.0,>=95%
37401477#2,182.76,182.76,0.0,1.0,0.0,0.0,>=95%
37401477#3,65.57,65.57,0.0,1.0,0.0,0.0,>=95%
37401789,5.8,5.8,0.0,1.0,0.0,0.0,>=95%
37402127#0,30.16,30.16,0.0,1.0,0.0,0.0,>=95%
37402127#1,0.21,0.21,0.0,1.0,0.0,0.0,>=95%
37402215,24.13,24.13,0.0,1.0,0.0,0.0,>=95%
37402230#0,6.68,6.68,0.0,1.0,0.0,0.0,>=95%
37402230#1,29.24,29.24,0.0,1.0,0.0,0.0,>=95%
37402230#10,20.85,20.85,0.0,1.0,0.0,0.0,>=95%
37402230#11,23.48,23.48,0.0,1.0,0.0,0.0,>=95%
37402230#2,353.29,353.29,0.0,1.0,0.0,0.0,>=95%
37402230#3,65.0,65.0,0.0,1.0,0.0,0.0,>=95%
37402230#4,38.37,38.37,0.0,1.0,0.0,0.0,>=95%
37402230#5,24.71,24.71,0.0,1.0,0.0,0.0,>=95%
37402230#6,13.43,13.43,0.0,1.0,0.0,0.0,>=95%
37402230#7,9.26,9.26,0.0,1.0,0.0,0.0,>=95%
37402230#8,86.74,86.74,0.0,1.0,0.0,0.0,>=95%
37402230#9,51.47,51.47,0.0,1.0,0.0,0.0,>=95%
37402533#0,76.07,76.07,0.0,1.0,0.9983479999999929,0.013124069935585552,>=95%
37402533#1,66.33,64.957013,1.3729869999999949,0.9793006633499172,0.0,0.0,>=95%
37402533#2,124.68,124.68,0.0,1.0,0.0,0.0,>=95%
37402533#3,58.84,58.839711,0.00028900000000220416,0.9999950883752549,0.0,0.0,>=95%
37402533#4,21.6,21.6,0.0,1.0,0.0,0.0,>=95%
37402533#5,43.55,43.55,0.0,1.0,0.0,0.0,>=95%
37402533#6,13.91,13.91,0.0,1.0,0.0,0.0,>=95%
37402584#0,7.0,7.0,0.0,1.0,0.0,0.0,>=95%
37402584#1,22.08,22.08,0.0,1.0,0.0,0.0,>=95%
37402584#11,166.68,166.68,0.0,1.0,166.68,1.0,>=95%
37402584#12,17.61,17.61,0.0,1.0,0.0,0.0,>=95%
37402584#13,7.71,7.71,0.0,1.0,0.0,0.0,>=95%
37402584#13-AddedOffRampEdge,92.77,92.77,0.0,1.0,0.0,0.0,>=95%
37402584#14,28.26,28.26,0.0,1.0,0.0,0.0,>=95%
37402584#17,165.13,165.13,0.0,1.0,0.0,0.0,>=95%
37402584#2,110.0,110.0,0.0,1.0,0.0,0.0,>=95%
37402584#3,17.07,17.07,0.0,1.0,0.0,0.0,>=95%
37402584#4,19.07,19.07,0.0,1.0,0.0,0.0,>=95%
37402584#5,57.68,57.68,0.0,1.0,0.0,0.0,>=95%
37402584#6,6.83,6.83,0.0,1.0,6.83,1.0,>=95%
37402584#7,6.95,6.95,0.0,1.0,0.0,0.0,>=95%
37402584#8,47.42,47.42,0.0,1.0,0.0,0.0,>=95%
37402584#9,111.33,111.33,0.0,1.0,0.0,0.0,>=95%
37930333,1648.82,1648.82,0.0,1.0,0.0,0.0,>=95%
37930346,762.48,762.48,0.0,1.0,0.0,0.0,>=95%
37930346-AddedOnRampEdge,51.01,51.01,0.0,1.0,0.0,0.0,>=95%
37930423#0,64.27,64.27,0.0,1.0,0.0,0.0,>=95%
37930423#1,63.25,63.25,0.0,1.0,2.0,0.03162055335968379,>=95%
37930423#1-AddedOffRampEdge,94.62,94.62,0.0,1.0,0.0,0.0,>=95%
37930423#2,544.12,544.12,0.0,1.0,0.0,0.0,>=95%
380249127#1,73.2,2.063886999999994,71.13611300000001,0.028195177595628333,0.0,0.0,<50%
380270711#6,18.12,1.0042740000000023,17.115726,0.05542350993377496,0.0,0.0,<50%
380291625#8,20.4,1.001503999999997,19.398496,0.04909333333333319,0.0,0.0,<50%
380312333,109.89,109.89,0.0,1.0,0.0,0.0,>=95%
381080918#0,76.93,75.54150100000001,1.388498999999996,0.9819511373976343,0.0,0.0,>=95%
381080918#1,50.19,50.19,0.0,1.0,0.0,0.0,>=95%
381080918#2,0.2,0.2,0.0,1.0,0.0,0.0,>=95%
381081066#0,0.2,0.2,0.0,1.0,0.0,0.0,>=95%
381081066#2,0.68,0.0,0.68,0.0,0.0,0.0,0%
393793274#0,18.81,18.81,0.0,1.0,0.0,0.0,>=95%
393793274#1,1.0,1.0,0.0,1.0,0.0,0.0,>=95%
399174157#0,675.52,675.52,0.0,1.0,675.52,1.0,>=95%
399174157#1,1551.01,1551.01,0.0,1.0,1551.01,1.0,>=95%
399174158,1086.14,945.665746,140.4742540000001,0.8706665310181008,0.0,0.0,50-95%
400120971,136.63,136.073307,0.5566929999999957,0.9959255434384835,0.0,0.0,>=95%
400120973#0,607.56,607.56,0.0,1.0,0.0,0.0,>=95%
400120973#1,11.4,11.4,0.0,1.0,0.0,0.0,>=95%
400120973#1-AddedOnRampEdge,94.51,93.25733500000001,1.2526649999999933,0.9867456882869539,2.0,0.021161781822029414,>=95%
400120973#2,2512.29,2512.29,0.0,1.0,1000.5427490000001,0.3982592570921351,>=95%
400120973#3,699.5,699.5,0.0,1.0,1.0012020000000348,0.0014313109363831805,>=95%
414740176#0,0.3,0.3,0.0,1.0,0.0,0.0,>=95%
414740176#1,51.33,51.33,0.0,1.0,0.0,0.0,>=95%
414740177,38.65,38.65,0.0,1.0,0.0,0.0,>=95%
414744248,0.72,0.72,0.0,1.0,0.0,0.0,>=95%
414896139#1,13.31,13.31,0.0,1.0,0.0,0.0,>=95%
414896139#2,12.21,12.21,0.0,1.0,0.0,0.0,>=95%
414896139#3,21.05,21.05,0.0,1.0,0.0,0.0,>=95%
415336553,38.56,0.9994280000000018,37.560572,0.025918775933610003,0.0,0.0,<50%
415395382#0,41.53,41.53,0.0,1.0,0.0,0.0,>=95%
415395382#2,71.76,71.76,0.0,1.0,0.0,0.0,>=95%
415395382#3,99.33,99.33,0.0,1.0,0.0,0.0,>=95%
415395382#4,17.16,17.16,0.0,1.0,0.0,0.0,>=95%
415395382#5,90.67,90.67,0.0,1.0,0.0,0.0,>=95%
415667971#0,4.17,3.242971,0.9270290000000001,0.7776908872901679,0.0,0.0,50-95%
415667971#1,143.8,143.313046,0.4869539999999972,0.9966136717663422,0.0,0.0,>=95%
415667972#0,29.35,29.35,0.0,1.0,0.0,0.0,>=95%
415667972#1,0.2,0.2,0.0,1.0,0.0,0.0,>=95%
415667973#0,45.42,44.832416,0.5875839999999997,0.9870633201232937,0.0,0.0,>=95%
415667973#1,28.0,27.612104,0.38789600000000135,0.9861465714285714,0.0,0.0,>=95%
415667974,44.3,43.547132999999995,0.752867000000002,0.9830052595936795,0.0,0.0,>=95%
448204368#0,0.83,0.83,0.0,1.0,0.0,0.0,>=95%
448204368#2,16.78,16.78,0.0,1.0,0.0,0.0,>=95%
448204368#3,10.38,10.38,0.0,1.0,0.0,0.0,>=95%
448204368#4,8.79,8.79,0.0,1.0,0.0,0.0,>=95%
448204368#5,26.35,26.35,0.0,1.0,0.0,0.0,>=95%
448204368#6,37.97,37.97,0.0,1.0,0.0,0.0,>=95%
448204368#7,30.08,30.08,0.0,1.0,0.0,0.0,>=95%
448204368#8,6.82,6.82,0.0,1.0,0.0,0.0,>=95%
448704565,9.56,5.425259,4.134741000000001,0.5674957112970711,0.0,0.0,50-95%
459488062,251.24,251.24,0.0,1.0,0.0,0.0,>=95%
480014976#0,4.46,4.46,0.0,1.0,0.0,0.0,>=95%
480014976#1,74.2,74.2,0.0,1.0,0.0,0.0,>=95%
480014976#2,5.26,5.26,0.0,1.0,0.0,0.0,>=95%
480014976#3,20.6,20.6,0.0,1.0,0.0,0.0,>=95%
480014976#4,39.91,39.91,0.0,1.0,0.0,0.0,>=95%
480014976#5,5.38,5.38,0.0,1.0,0.0,0.0,>=95%
481779209#0,3.73,3.73,0.0,1.0,0.0,0.0,>=95%
481779209#1,67.82,67.82,0.0,1.0,0.0,0.0,>=95%
481779209#2,42.1,42.1,0.0,1.0,0.0,0.0,>=95%
481779209#3,63.08,63.08,0.0,1.0,0.0,0.0,>=95%
481779209#4,22.67,21.956479,0.7135210000000001,0.9685257609175121,0.0,0.0,>=95%
481779210#1,132.31,132.31,0.0,1.0,0.0,0.0,>=95%
505438085#11,594.73,335.32834,259.40166,0.5638328989625545,0.0,0.0,50-95%
518701055#0,14.05,14.05,0.0,1.0,0.0,0.0,>=95%
518701055#1,0.2,0.2,0.0,1.0,0.0,0.0,>=95%
518701055#2,131.97,131.97,0.0,1.0,0.0,0.0,>=95%
518701057#0,4.76,4.76,0.0,1.0,0.0,0.0,>=95%
518701057#2,82.75,82.75,0.0,1.0,0.0,0.0,>=95%
518701057#3,94.2,94.2,0.0,1.0,0.0,0.0,>=95%
518701057#5,16.32,16.32,0.0,1.0,0.0,0.0,>=95%
518701057#6,15.46,15.46,0.0,1.0,0.0,0.0,>=95%
518701057#7,24.99,24.99,0.0,1.0,0.0,0.0,>=95%
518701058#0,0.2,0.0,0.2,0.0,0.0,0.0,0%
518701058#1,20.22,20.22,0.0,1.0,0.0,0.0,>=95%
518701058#2,0.2,0.2,0.0,1.0,0.0,0.0,>=95%
518701058#3,27.26,27.26,0.0,1.0,0.0,0.0,>=95%
518701058#5,33.98,33.98,0.0,1.0,0.0,0.0,>=95%
518701059#0,137.81,137.81,0.0,1.0,0.0,0.0,>=95%
518701059#1,68.31,68.31,0.0,1.0,0.0,0.0,>=95%
518701059#2,55.5,55.5,0.0,1.0,0.0,0.0,>=95%
518702435#0,12.97,12.97,0.0,1.0,0.0,0.0,>=95%
518702435#1,10.8,10.8,0.0,1.0,0.0,0.0,>=95%
518702965#0,30.63,30.63,0.0,1.0,0.0,0.0,>=95%
518702965#1,47.27,47.27,0.0,1.0,0.0,0.0,>=95%
518702965#11,56.58,56.58,0.0,1.0,0.0,0.0,>=95%
518702965#12,139.27,139.27,0.0,1.0,0.0,0.0,>=95%
518702965#13,13.76,13.76,0.0,1.0,0.0,0.0,>=95%
518702965#2,22.97,22.97,0.0,1.0,0.0,0.0,>=95%
518702965#3,0.2,0.2,0.0,1.0,0.0,0.0,>=95%
518702965#4,0.39,0.39,0.0,1.0,0.0,0.0,>=95%
518702965#5,40.21,40.21,0.0,1.0,0.0,0.0,>=95%
518702965#6,35.7,35.7,0.0,1.0,0.0,0.0,>=95%
518702965#7,21.82,21.82,0.0,1.0,0.0,0.0,>=95%
518702965#8,52.57,52.57,0.0,1.0,0.0,0.0,>=95%
518702965#9,91.77,91.77,0.0,1.0,0.0,0.0,>=95%
518702967#0,72.19,72.19,0.0,1.0,0.0,0.0,>=95%
518702967#1,87.34,87.34,0.0,1.0,0.0,0.0,>=95%
518702967#2,111.26,111.26,0.0,1.0,1.0058000000000078,0.009040086284379002,>=95%
518705243#0,83.69,83.69,0.0,1.0,0.0,0.0,>=95%
518705243#1,21.03,21.03,0.0,1.0,0.0,0.0,>=95%
518705243#2,0.49,0.49,0.0,1.0,0.0,0.0,>=95%
518705249#0,0.2,0.0,0.2,0.0,0.0,0.0,0%
518705249#1,7.68,7.68,0.0,1.0,0.0,0.0,>=95%
518705249#10,0.2,0.2,0.0,1.0,0.0,0.0,>=95%
518705249#2,27.45,27.45,0.0,1.0,0.0,0.0,>=95%
518705249#4,18.0,18.0,0.0,1.0,0.0,0.0,>=95%
518705249#5,5.28,5.28,0.0,1.0,0.0,0.0,>=95%
518705249#6,21.13,21.13,0.0,1.0,0.0,0.0,>=95%
518705249#7,26.3,26.3,0.0,1.0,0.0,0.0,>=95%
518705249#8,14.54,14.54,0.0,1.0,0.0,0.0,>=95%
518705249#9,57.33,57.33,0.0,1.0,0.0,0.0,>=95%
518705250#0,15.34,15.34,0.0,1.0,0.0,0.0,>=95%
518705250#1,8.05,8.05,0.0,1.0,0.0,0.0,>=95%
518705250#10,27.02,25.623958,1.3960420000000013,0.9483330125832716,0.0,0.0,50-95%
518705250#11,59.0,59.0,0.0,1.0,0.0,0.0,>=95%
518705250#12,21.37,21.37,0.0,1.0,0.0,0.0,>=95%
518705250#13,87.18,82.988437,4.191563000000002,0.9519205895847671,0.0,0.0,>=95%
518705250#2,14.06,14.06,0.0,1.0,0.0,0.0,>=95%
518705250#3,31.22,31.22,0.0,1.0,0.0,0.0,>=95%
518705250#4,30.14,30.14,0.0,1.0,0.0,0.0,>=95%
518705250#5,30.02,30.02,0.0,1.0,0.0,0.0,>=95%
518705250#6,36.09,36.09,0.0,1.0,0.0,0.0,>=95%
518705250#7,16.02,16.02,0.0,1.0,0.0,0.0,>=95%
518705250#8,31.43,31.43,0.0,1.0,0.0,0.0,>=95%
518705250#9,39.99,38.674096,1.3159040000000033,0.9670941735433858,0.0,0.0,>=95%
518709393,56.14,56.14,0.0,1.0,0.0,0.0,>=95%
518709394#0,93.39,93.39,0.0,1.0,0.0,0.0,>=95%
518709394#1,63.99,63.99,0.0,1.0,0.0,0.0,>=95%
518709394#2,18.39,18.39,0.0,1.0,0.0,0.0,>=95%
518709394#3,25.33,25.33,0.0,1.0,0.0,0.0,>=95%
518709394#4,53.39,53.39,0.0,1.0,0.0,0.0,>=95%
518709394#5,48.72,48.72,0.0,1.0,0.0,0.0,>=95%
518709394#6,5.61,5.61,0.0,1.0,0.0,0.0,>=95%
518709394#7,19.59,19.59,0.0,1.0,0.0,0.0,>=95%
518709394#8,29.06,29.06,0.0,1.0,0.0,0.0,>=95%
518709394#9,6.65,6.65,0.0,1.0,0.0,0.0,>=95%
518709396#0,15.2,15.2,0.0,1.0,0.0,0.0,>=95%
518709396#1,126.89,126.89,0.0,1.0,0.0,0.0,>=95%
518709396#2,157.59,157.59,0.0,1.0,0.0,0.0,>=95%
518709822#0,36.59,36.59,0.0,1.0,0.0,0.0,>=95%
518709822#1,30.61,30.61,0.0,1.0,0.0,0.0,>=95%
518709822#3,16.99,16.99,0.0,1.0,0.0,0.0,>=95%
518709822#4,50.59,41.610709,8.979291000000003,0.822508578770508,0.0,0.0,50-95%
518780122#0,78.47,78.47,0.0,1.0,0.0,0.0,>=95%
518780122#1,0.2,0.2,0.0,1.0,0.0,0.0,>=95%
518780123#0,11.99,11.99,0.0,1.0,0.0,0.0,>=95%
518780123#1,30.73,30.73,0.0,1.0,0.0,0.0,>=95%
518780123#2,9.48,9.48,0.0,1.0,0.0,0.0,>=95%
518780123#3,84.0,84.0,0.0,1.0,0.0,0.0,>=95%
518780124#0,0.2,0.2,0.0,1.0,0.0,0.0,>=95%
518780124#1,182.68,182.68,0.0,1.0,0.0,0.0,>=95%
518780124#2,112.68,112.68,0.0,1.0,0.0,0.0,>=95%
518796200#0,60.44,60.44,0.0,1.0,0.0,0.0,>=95%
518796200#1,15.34,15.34,0.0,1.0,0.0,0.0,>=95%
518796234#0,17.28,17.28,0.0,1.0,0.0,0.0,>=95%
518796234#1,8.6,8.6,0.0,1.0,0.0,0.0,>=95%
518796234#2,23.96,23.96,0.0,1.0,0.0,0.0,>=95%
518807022#0,13.38,3.608003,9.771997,0.2696564275037369,2.47379,0.18488714499252615,<50%
518807030,76.18,9.214284000000006,66.965716,0.12095410868994494,0.0,0.0,<50%
518807039#6,105.69,0.992840000000001,104.69716,0.009393887785031706,0.0,0.0,<50%
518807040#0,60.18,59.974802,0.20519800000000288,0.9965902625456962,0.0,0.0,>=95%
518807040#1,134.97,134.97,0.0,1.0,0.0,0.0,>=95%
518807040#10,4.55,4.55,0.0,1.0,0.0,0.0,>=95%
518807040#11,63.01,63.01,0.0,1.0,0.0,0.0,>=95%
518807040#12,18.05,18.05,0.0,1.0,0.0,0.0,>=95%
518807040#13,5.18,5.18,0.0,1.0,0.0,0.0,>=95%
518807040#14,1.95,1.95,0.0,1.0,0.0,0.0,>=95%
518807040#15,6.76,6.76,0.0,1.0,0.0,0.0,>=95%
518807040#16,18.13,18.13,0.0,1.0,0.0,0.0,>=95%
518807040#18,56.06,56.06,0.0,1.0,0.0,0.0,>=95%
518807040#2,46.12,46.12,0.0,1.0,0.0,0.0,>=95%
518807040#20,43.24,43.24,0.0,1.0,0.0,0.0,>=95%
518807040#21,43.31,43.31,0.0,1.0,0.0,0.0,>=95%
518807040#22,3.87,3.87,0.0,1.0,0.0,0.0,>=95%
518807040#23,92.22,92.22,0.0,1.0,0.0,0.0,>=95%
518807040#24,13.53,13.53,0.0,1.0,0.0,0.0,>=95%
518807040#25,60.78,60.78,0.0,1.0,0.0,0.0,>=95%
518807040#26,15.89,15.89,0.0,1.0,0.0,0.0,>=95%
518807040#3,7.18,7.18,0.0,1.0,0.0,0.0,>=95%
518807040#5,6.01,6.01,0.0,1.0,0.0,0.0,>=95%
518807040#7,0.42,0.42,0.0,1.0,0.0,0.0,>=95%
518807040#8,33.71,33.71,0.0,1.0,0.0,0.0,>=95%
518807040#9,19.57,19.57,0.0,1.0,0.0,0.0,>=95%
518807041#0,0.2,0.2,0.0,1.0,0.0,0.0,>=95%
518807041#1,8.76,8.76,0.0,1.0,0.0,0.0,>=95%
518807041#10,31.79,31.79,0.0,1.0,0.0,0.0,>=95%
518807041#11,88.8,88.8,0.0,1.0,0.0,0.0,>=95%
518807041#12,18.79,18.79,0.0,1.0,0.0,0.0,>=95%
518807041#13,92.29,92.29,0.0,1.0,1.720866000000001,0.018646288872033814,>=95%
518807041#3,51.69,51.69,0.0,1.0,0.0,0.0,>=95%
518807041#4,30.81,24.983769,5.826231,0.8108980525803311,0.0,0.0,50-95%
518807041#5,60.79,60.79,0.0,1.0,0.0,0.0,>=95%
518807041#6,50.49,50.49,0.0,1.0,0.0,0.0,>=95%
518807041#7,24.82,24.82,0.0,1.0,0.0,0.0,>=95%
518807041#8,22.48,22.48,0.0,1.0,0.0,0.0,>=95%
518807041#9,67.89,67.89,0.0,1.0,0.0,0.0,>=95%
518807043#1,29.0,0.9994410000000009,28.000559,0.03446348275862072,0.0,0.0,<50%
518958915#0,19.04,19.04,0.0,1.0,0.0,0.0,>=95%
518958915#1,16.51,16.51,0.0,1.0,0.0,0.0,>=95%
518958915#11,9.67,9.67,0.0,1.0,0.0,0.0,>=95%
518958915#12,29.88,29.88,0.0,1.0,0.0,0.0,>=95%
518958915#13,13.67,13.67,0.0,1.0,10.236842,0.7488545720555961,>=95%
518958915#2,11.57,11.57,0.0,1.0,0.0,0.0,>=95%
518958915#3,41.03,41.03,0.0,1.0,0.0,0.0,>=95%
518958915#4,13.46,13.46,0.0,1.0,0.0,0.0,>=95%
518958915#6,0.89,0.89,0.0,1.0,0.0,0.0,>=95%
518958915#7,17.64,17.64,0.0,1.0,0.0,0.0,>=95%
518958915#8,14.27,14.27,0.0,1.0,0.0,0.0,>=95%
518958915#9,51.3,51.3,0.0,1.0,0.0,0.0,>=95%
518958916,197.92,197.571146,0.3488539999999887,0.9982373989490704,0.0,0.0,>=95%
518959777,118.44,118.44,0.0,1.0,0.0,0.0,>=95%
518959784#0,65.85,65.85,0.0,1.0,0.0,0.0,>=95%
518959784#1,339.43,339.43,0.0,1.0,0.0,0.0,>=95%
518959786#0,41.26,41.26,0.0,1.0,0.0,0.0,>=95%
518959786#1,145.13,145.13,0.0,1.0,0.0,0.0,>=95%
518962606#0,42.99,42.99,0.0,1.0,0.0,0.0,>=95%
518962606#1,53.62,53.62,0.0,1.0,0.0,0.0,>=95%
518962606#2,1.42,1.42,0.0,1.0,0.0,0.0,>=95%
518962607#0,8.11,8.11,0.0,1.0,0.0,0.0,>=95%
518962607#1,36.28,36.28,0.0,1.0,0.0,0.0,>=95%
519219577#0,6.35,1.0,5.35,0.15748031496062992,0.0,0.0,<50%
519304013#0,9.36,9.36,0.0,1.0,0.0,0.0,>=95%
519304013#1,2.61,1.9053309999999999,0.704669,0.730011877394636,0.0,0.0,50-95%
519304013#2,20.31,20.31,0.0,1.0,0.0,0.0,>=95%
519304013#3,112.18,112.18,0.0,1.0,0.0,0.0,>=95%
519304013#4,89.98,89.98,0.0,1.0,0.0,0.0,>=95%
519304013#5,0.2,0.2,0.0,1.0,0.0,0.0,>=95%
519304014#0,85.23,85.23,0.0,1.0,0.0,0.0,>=95%
519304014#1,29.71,29.71,0.0,1.0,0.0,0.0,>=95%
519304016#0,133.61,133.61,0.0,1.0,0.0,0.0,>=95%
519304016#1,47.82,47.82,0.0,1.0,0.0,0.0,>=95%
519304016#2,266.48,266.48,0.0,1.0,0.0,0.0,>=95%
519304016#3,4.28,4.28,0.0,1.0,0.0,0.0,>=95%
519304016#4,8.79,8.79,0.0,1.0,0.0,0.0,>=95%
519304016#5,31.74,28.1151,3.6248999999999967,0.8857939508506617,0.0,0.0,50-95%
519304020#1,35.64,35.64,0.0,1.0,0.0,0.0,>=95%
519304023#0,306.05,306.05,0.0,1.0,0.0,0.0,>=95%
519304023#1,59.03,59.03,0.0,1.0,0.0,0.0,>=95%
519313935,5.82,5.82,0.0,1.0,0.0,0.0,>=95%
519943894#1,3.14,3.14,0.0,1.0,0.0,0.0,>=95%
519943894#2,37.72,37.72,0.0,1.0,0.0,0.0,>=95%
520307307#1,73.08,73.08,0.0,1.0,0.0,0.0,>=95%
520307307#2,11.25,11.25,0.0,1.0,0.0,0.0,>=95%
535711085#10,66.66,66.66,0.0,1.0,0.0,0.0,>=95%
535711085#11,4.19,4.19,0.0,1.0,0.0,0.0,>=95%
535711085#12,6.19,6.19,0.0,1.0,0.0,0.0,>=95%
535711085#13,165.37,165.37,0.0,1.0,0.0,0.0,>=95%
535711085#14,23.57,23.57,0.0,1.0,0.0,0.0,>=95%
535711085#15,31.13,31.13,0.0,1.0,0.0,0.0,>=95%
535711085#17,5.89,5.89,0.0,1.0,1.0058349999999994,0.17076994906621382,>=95%
535711085#2,11.05,11.05,0.0,1.0,0.0,0.0,>=95%
535711085#3,55.44,55.44,0.0,1.0,0.0,0.0,>=95%
535711085#4,190.2,190.2,0.0,1.0,0.0,0.0,>=95%
535711085#5,0.2,0.2,0.0,1.0,0.0,0.0,>=95%
535711085#6,0.2,0.2,0.0,1.0,0.0,0.0,>=95%
535711085#7,111.48,111.48,0.0,1.0,0.0,0.0,>=95%
535711085#8,66.76,66.76,0.0,1.0,0.0,0.0,>=95%
535711085#9,22.29,22.29,0.0,1.0,0.0,0.0,>=95%
535722776,1.75,1.373287,0.3767130000000001,0.7847354285714285,0.0,0.0,50-95%
535722777,12.28,12.28,0.0,1.0,0.0,0.0,>=95%
536149360#0,82.97,82.97,0.0,1.0,0.0,0.0,>=95%
536149360#1,44.71,44.71,0.0,1.0,0.0,0.0,>=95%
536149360#2,58.36,58.36,0.0,1.0,0.0,0.0,>=95%
536149360#3,11.52,11.52,0.0,1.0,0.0,0.0,>=95%
536149361#0,7.94,7.94,0.0,1.0,0.0,0.0,>=95%
536149361#1,25.98,25.98,0.0,1.0,0.0,0.0,>=95%
536149361#2,36.32,36.32,0.0,1.0,0.0,0.0,>=95%
536149361#3,4.61,4.61,0.0,1.0,0.0,0.0,>=95%
536149361#4,98.64,98.64,0.0,1.0,0.0,0.0,>=95%
536149361#5,22.0,22.0,0.0,1.0,0.0,0.0,>=95%
536149370,19.44,19.44,0.0,1.0,0.0,0.0,>=95%
536149379,10.7,10.7,0.0,1.0,0.0,0.0,>=95%
536149384#0,0.2,0.2,0.0,1.0,0.0,0.0,>=95%
536149384#1,85.28,85.28,0.0,1.0,0.0,0.0,>=95%
536149384#2,60.68,60.68,0.0,1.0,0.0,0.0,>=95%
536149384#3,0.9,0.9,0.0,1.0,0.0,0.0,>=95%
536149388,66.57,66.57,0.0,1.0,0.0,0.0,>=95%
536149407#0,48.05,48.05,0.0,1.0,0.0,0.0,>=95%
536149407#1,177.88,177.88,0.0,1.0,0.0,0.0,>=95%
536149423,93.78,93.78,0.0,1.0,0.0,0.0,>=95%
536149445#0,34.64,34.64,0.0,1.0,0.0,0.0,>=95%
536149445#1,14.64,14.64,0.0,1.0,0.0,0.0,>=95%
536149447#1,50.67,50.67,0.0,1.0,0.0,0.0,>=95%
536149447#2,66.86,66.330265,0.5297350000000023,0.9920769518396649,0.0,0.0,>=95%
536149452,46.26,46.26,0.0,1.0,0.0,0.0,>=95%
536369056,160.04,159.295984,0.7440159999999878,0.9953510622344415,0.0,0.0,>=95%
537813376,12.25,10.452428,1.7975720000000006,0.8532594285714286,0.0,0.0,50-95%
538081779,5.95,5.95,0.0,1.0,0.0,0.0,>=95%
538081780#0,124.21,124.21,0.0,1.0,0.0,0.0,>=95%
538081780#1,9.62,9.62,0.0,1.0,0.0,0.0,>=95%
538081780#2,142.79,142.79,0.0,1.0,0.0,0.0,>=95%
538081780#3,94.4,94.4,0.0,1.0,0.0,0.0,>=95%
538081780#4,2.11,2.11,0.0,1.0,0.0,0.0,>=95%
538081780#5,132.94,132.94,0.0,1.0,0.0,0.0,>=95%
538108333#0,1.3,0.0,1.3,0.0,0.0,0.0,0%
538108333#1,34.85,34.85,0.0,1.0,0.0,0.0,>=95%
538108333#2,46.36,39.892918,6.467081999999998,0.8605029767040553,0.0,0.0,50-95%
538108333#3,93.58,93.58,0.0,1.0,0.0,0.0,>=95%
538108338#0,92.94,92.94,0.0,1.0,0.0,0.0,>=95%
539134822,26.31,26.31,0.0,1.0,0.0,0.0,>=95%
539135850,244.13,244.13,0.0,1.0,0.0,0.0,>=95%
539135854#0,51.58,51.018631,0.5613689999999991,0.9891165374176037,0.0,0.0,>=95%
539135854#1,31.0,31.0,0.0,1.0,0.0,0.0,>=95%
539135854#4,15.28,15.28,0.0,1.0,4.280080999999999,0.2801100130890052,>=95%
539136614,28.96,6.526571000000001,22.433429,0.22536502071823206,0.0,0.0,<50%
540235865#0,20.33,20.266527,0.06347299999999834,0.9968778652238073,0.0,0.0,>=95%
540235865#1,30.9,30.9,0.0,1.0,0.0,0.0,>=95%
540235865#2,24.19,24.19,0.0,1.0,0.0,0.0,>=95%
540235865#3,17.48,17.48,0.0,1.0,0.0,0.0,>=95%
540235869,38.36,38.36,0.0,1.0,0.0,0.0,>=95%
540235870#3,97.47,97.47,0.0,1.0,0.0,0.0,>=95%
540235870#4,76.54,76.54,0.0,1.0,0.0,0.0,>=95%
542790323#0,137.5,1.0,136.5,0.007272727272727273,0.0,0.0,<50%
563109702#0,37.61,37.61,0.0,1.0,0.0,0.0,>=95%
563109702#1,46.91,46.91,0.0,1.0,0.0,0.0,>=95%
563109702#2,36.95,36.95,0.0,1.0,0.0,0.0,>=95%
563109702#4,0.2,0.2,0.0,1.0,0.0,0.0,>=95%
563109702#5,53.47,53.47,0.0,1.0,0.0,0.0,>=95%
563109702#7,32.63,32.63,0.0,1.0,0.0,0.0,>=95%
563109707#0,9.93,9.93,0.0,1.0,0.0,0.0,>=95%
563109707#1,15.27,15.27,0.0,1.0,0.0,0.0,>=95%
563109707#2,28.7,28.7,0.0,1.0,0.0,0.0,>=95%
573169790#0,18.41,18.41,0.0,1.0,0.0,0.0,>=95%
573169790#1,27.14,27.14,0.0,1.0,0.0,0.0,>=95%
573169791#0,24.55,21.810158,2.7398419999999994,0.8883974745417516,0.0,0.0,50-95%
573169791#1,18.44,18.44,0.0,1.0,0.0,0.0,>=95%
573169791#2,49.13,49.13,0.0,1.0,0.0,0.0,>=95%
573169791#3,174.32,174.32,0.0,1.0,0.0,0.0,>=95%
573169791#5,39.9,39.9,0.0,1.0,0.0,0.0,>=95%
573169792,2.3,2.3,0.0,1.0,0.0,0.0,>=95%
573169793,12.22,12.22,0.0,1.0,0.0,0.0,>=95%
573169794#0,42.08,42.08,0.0,1.0,0.0,0.0,>=95%
573169794#1,5.58,5.58,0.0,1.0,0.0,0.0,>=95%
573169794#2,64.5,64.5,0.0,1.0,0.0,0.0,>=95%
573169794#3,24.29,24.29,0.0,1.0,0.0,0.0,>=95%
573169795#1,39.88,39.88,0.0,1.0,0.0,0.0,>=95%
616217914#0,1.39,1.39,0.0,1.0,0.0,0.0,>=95%
616217914#1,1.73,1.73,0.0,1.0,0.0,0.0,>=95%
617286516#0,5.64,5.64,0.0,1.0,0.0,0.0,>=95%
617286516#1,10.16,10.16,0.0,1.0,0.0,0.0,>=95%
617286516#2,0.11,0.11,0.0,1.0,0.0,0.0,>=95%
617286516#3,14.1,14.1,0.0,1.0,0.0,0.0,>=95%
617286516#4,23.67,23.67,0.0,1.0,0.0,0.0,>=95%
617286516#5,32.27,32.27,0.0,1.0,0.0,0.0,>=95%
617286516#6,28.0,28.0,0.0,1.0,0.0,0.0,>=95%
617286516#7,63.18,63.18,0.0,1.0,0.0,0.0,>=95%
617286516#8,137.94,137.94,0.0,1.0,0.0,0.0,>=95%
617286974,0.2,0.2,0.0,1.0,0.2,1.0,>=95%
628897988,18.15,8.303598000000001,9.846401999999998,0.4574985123966943,0.0,0.0,<50%
628899677#0,19.61,0.9987659999999998,18.611234,0.0509314635390107,0.0,0.0,<50%
628900161#1,0.2,0.0,0.2,0.0,0.0,0.0,0%
629055191#1,43.18,43.18,0.0,1.0,0.0,0.0,>=95%
629055193#0,7.12,7.12,0.0,1.0,0.0,0.0,>=95%
629055193#1,13.27,13.27,0.0,1.0,0.0,0.0,>=95%
629055193#2,165.88,165.88,0.0,1.0,0.0,0.0,>=95%
629055193#3,118.57,118.57,0.0,1.0,0.0,0.0,>=95%
629055193#5,7.25,0.0,7.25,0.0,0.0,0.0,0%
629055193#6,0.18,0.0,0.18,0.0,0.0,0.0,0%
629055193#7,146.96,0.0,146.96,0.0,0.0,0.0,0%
629055196,51.86,51.86,0.0,1.0,0.0,0.0,>=95%
629928374#0,243.75,243.75,0.0,1.0,0.0,0.0,>=95%
629928374#1,139.4,139.4,0.0,1.0,1.2430229999999938,0.00891695121951215,>=95%
629928374#2,565.31,565.31,0.0,1.0,0.0,0.0,>=95%
629928374#3,27.22,27.22,0.0,1.0,0.0,0.0,>=95%
629928374#4,164.23,162.318011,1.911988999999977,0.9883578578822385,0.0,0.0,>=95%
629928374#5,32.63,28.263086,4.366914000000001,0.8661687404229237,0.0,0.0,50-95%
632698279#0,0.2,0.2,0.0,1.0,0.2,1.0,>=95%
632698279#1,5.29,5.29,0.0,1.0,0.0,0.0,>=95%
632698281#0,22.99,22.99,0.0,1.0,0.0,0.0,>=95%
634224224,23.22,23.22,0.0,1.0,0.0,0.0,>=95%
635356833#0,105.53,105.53,0.0,1.0,0.0,0.0,>=95%
635356833#1,40.97,40.97,0.0,1.0,0.0,0.0,>=95%
635356833#2,21.09,21.09,0.0,1.0,0.0,0.0,>=95%
635356833#3,0.2,0.2,0.0,1.0,0.2,1.0,>=95%
635356834#0,200.66,200.66,0.0,1.0,0.0,0.0,>=95%
635356834#1,50.25,50.25,0.0,1.0,0.0,0.0,>=95%
635356834#2,105.89,105.89,0.0,1.0,0.0,0.0,>=95%
635356834#3,39.02,39.02,0.0,1.0,0.0,0.0,>=95%
635356834#4,45.19,45.19,0.0,1.0,0.0,0.0,>=95%
635356834#5,13.92,13.92,0.0,1.0,0.0,0.0,>=95%
635356834#6,30.87,30.87,0.0,1.0,0.0,0.0,>=95%
635356834#7,39.35,39.35,0.0,1.0,0.0,0.0,>=95%
635356835#0,18.62,18.62,0.0,1.0,0.0,0.0,>=95%
635356835#1,34.77,34.77,0.0,1.0,0.0,0.0,>=95%
635356835#2,11.57,11.57,0.0,1.0,0.0,0.0,>=95%
635356835#3,71.2,71.2,0.0,1.0,0.0,0.0,>=95%
635356835#4,22.3,22.3,0.0,1.0,0.0,0.0,>=95%
635356835#5,0.28,0.28,0.0,1.0,0.0,0.0,>=95%
664389978,38.48,38.48,0.0,1.0,2.9797590000000014,0.0774365644490645,>=95%
665555263,12.48,11.437303,1.0426970000000004,0.9164505608974358,0.0,0.0,50-95%
668991972#0,13.03,13.03,0.0,1.0,0.0,0.0,>=95%
668991972#1,53.84,53.84,0.0,1.0,0.0,0.0,>=95%
668991972#2,4.73,4.73,0.0,1.0,0.0,0.0,>=95%
668991972#3,32.02,32.02,0.0,1.0,0.0,0.0,>=95%
668991972#4,32.26,32.26,0.0,1.0,0.0,0.0,>=95%
668991972#5,45.8,45.8,0.0,1.0,0.0,0.0,>=95%
668991972#6,257.86,257.86,0.0,1.0,0.0,0.0,>=95%
668991973,36.54,36.54,0.0,1.0,4.4404140000000005,0.12152200328407227,>=95%
668991974,6.08,6.08,0.0,1.0,0.0,0.0,>=95%
669609356,6.67,0.0,6.67,0.0,0.0,0.0,0%
700433853#0,11.7,11.7,0.0,1.0,0.0,0.0,>=95%
704467806#0,9.96,9.96,0.0,1.0,0.0,0.0,>=95%
704467806#1,16.72,16.72,0.0,1.0,0.0,0.0,>=95%
736707764,0.2,0.2,0.0,1.0,0.0,0.0,>=95%
779506247,0.2,0.2,0.0,1.0,0.0,0.0,>=95%
800201571#0,50.82,50.82,0.0,1.0,0.0,0.0,>=95%
800201571#1,4.03,4.03,0.0,1.0,0.0,0.0,>=95%
800201572#0,130.22,130.22,0.0,1.0,0.0,0.0,>=95%
800201572#1,85.26,85.26,0.0,1.0,0.0,0.0,>=95%
800201572#2,0.2,0.2,0.0,1.0,0.0,0.0,>=95%
800201572#3,14.28,14.28,0.0,1.0,0.0,0.0,>=95%
800890968,46.21,45.182312,1.0276879999999977,0.977760484743562,0.0,0.0,>=95%
801008455#0,5.72,5.72,0.0,1.0,0.0,0.0,>=95%
801008455#1,232.17,232.17,0.0,1.0,0.0,0.0,>=95%
801008455#2,15.86,15.86,0.0,1.0,0.0,0.0,>=95%
801008455#3,20.97,20.97,0.0,1.0,0.0,0.0,>=95%
801008455#7,35.49,35.49,0.0,1.0,0.0,0.0,>=95%
801008455#8,18.72,18.72,0.0,1.0,0.0,0.0,>=95%
801008456#3,110.91,110.91,0.0,1.0,0.0,0.0,>=95%
801428773#0,47.18,47.18,0.0,1.0,0.0,0.0,>=95%
801428773#1,20.98,20.98,0.0,1.0,0.0,0.0,>=95%
801428774#0,0.35,0.35,0.0,1.0,0.0,0.0,>=95%
801428774#1,40.98,40.98,0.0,1.0,0.0,0.0,>=95%
803506243,0.2,0.2,0.0,1.0,0.0,0.0,>=95%
820363545#1,23.53,8.510131000000001,15.019869,0.36167152571185723,0.0,0.0,<50%
820363545#10,39.51,39.51,0.0,1.0,0.0,0.0,>=95%
820363545#11,13.52,13.52,0.0,1.0,0.0,0.0,>=95%
820363545#12,211.37,211.37,0.0,1.0,0.0,0.0,>=95%
820363545#2,506.2,506.2,0.0,1.0,0.0,0.0,>=95%
820363545#3,184.72,184.72,0.0,1.0,0.0,0.0,>=95%
820363545#4,116.44,116.44,0.0,1.0,0.0,0.0,>=95%
820363545#5,270.0,270.0,0.0,1.0,0.0,0.0,>=95%
820363545#6,127.3,127.3,0.0,1.0,0.0,0.0,>=95%
820363545#7,403.2,403.2,0.0,1.0,0.0,0.0,>=95%
820363545#8,103.37,103.37,0.0,1.0,0.0,0.0,>=95%
820363545#9,149.08,149.08,0.0,1.0,0.0,0.0,>=95%
824655022#0,137.63,137.63,0.0,1.0,0.0,0.0,>=95%
824655022#1,30.86,30.86,0.0,1.0,0.0,0.0,>=95%
824655022#4,57.68,57.68,0.0,1.0,0.0,0.0,>=95%
824655022#5,46.38,46.38,0.0,1.0,0.0,0.0,>=95%
824655022#6,30.57,30.57,0.0,1.0,0.0,0.0,>=95%
86165653#0,98.2,98.2,0.0,1.0,0.0,0.0,>=95%
86165653#1,101.05,101.05,0.0,1.0,0.0,0.0,>=95%
913943264,11.92,3.959797,7.960203,0.33219773489932886,0.0,0.0,<50%
914604025#0,26.23,26.23,0.0,1.0,0.0,0.0,>=95%
914604025#1,0.2,0.2,0.0,1.0,0.0,0.0,>=95%
914621831#0,0.62,0.62,0.0,1.0,0.0,0.0,>=95%
914621831#1,0.97,0.97,0.0,1.0,0.0,0.0,>=95%
914621831#2,24.25,24.25,0.0,1.0,0.0,0.0,>=95%
915035148#0,33.4,33.4,0.0,1.0,0.0,0.0,>=95%
915035148#1,6.35,6.35,0.0,1.0,0.0,0.0,>=95%
915035148#2,29.53,29.53,0.0,1.0,0.0,0.0,>=95%
915035148#4,71.17,71.17,0.0,1.0,0.0,0.0,>=95%
915035148#5,1.12,1.12,0.0,1.0,0.0,0.0,>=95%
915035148#6,52.88,52.88,0.0,1.0,0.0,0.0,>=95%
915035148#7,33.13,33.13,0.0,1.0,0.0,0.0,>=95%
916055955#1,41.94,41.94,0.0,1.0,0.0,0.0,>=95%
916055955#2,26.47,26.47,0.0,1.0,0.0,0.0,>=95%
916055955#3,0.2,0.2,0.0,1.0,0.0,0.0,>=95%
921278983#0,42.32,42.32,0.0,1.0,0.0,0.0,>=95%
921278983#1,3.87,3.87,0.0,1.0,0.0,0.0,>=95%
921278983#2,3.96,3.96,0.0,1.0,0.0,0.0,>=95%
921278985,112.77,112.021495,0.7485049999999944,0.993362552097189,0.0,0.0,>=95%
937503408#0,46.64,46.64,0.0,1.0,0.0,0.0,>=95%
937503408#1,75.28,75.28,0.0,1.0,0.0,0.0,>=95%
937503408#2,60.15,60.15,0.0,1.0,0.0,0.0,>=95%
937503408#3,21.58,21.58,0.0,1.0,0.0,0.0,>=95%
937503408#4,34.42,34.42,0.0,1.0,0.0,0.0,>=95%
976309329,41.58,41.58,0.0,1.0,0.0,0.0,>=95%
976309330#0,11.09,11.09,0.0,1.0,0.0,0.0,>=95%
976309330#1,4.14,0.0,4.14,0.0,0.0,0.0,0%
976309330#2,261.02,257.93321599999996,3.086784000000023,0.9881741475748984,0.0,0.0,>=95%
976309330#3,2.18,2.18,0.0,1.0,0.0,0.0,>=95%
976309330#4,205.52,205.52,0.0,1.0,1.3463069999999995,0.006550734721681585,>=95%
976309330#5,0.2,0.2,0.0,1.0,0.0,0.0,>=95%
976309330#6,35.22,35.22,0.0,1.0,0.0,0.0,>=95%
976309330#7,21.39,21.39,0.0,1.0,0.0,0.0,>=95%
976309330#8,83.37,83.37,0.0,1.0,0.0,0.0,>=95%
976312216#0,37.55,37.55,0.0,1.0,0.0,0.0,>=95%
