링크아이디,~01시,~02시,~03시,~04시,~05시,~06시,~07시,~08시,~09시,~10시,~11시,~12시,~13시,~14시,~15시,~16시,~17시,~18시,~19시,~20시,~21시,~22시,~23시,~24시
1000002500,53.75,59.625,68.08500000000001,69.75,65.75,71.53999999999999,70.03999999999999,67.28999999999999,63.915,56.79,57.165,56.585,56.625,51.375,48.5,46.875,43.665,45.71,54.67,57.415,62.75,57.375,68.08500000000001,58.125
1000016700,46.295,47.0,47.335,46.79,47.085,45.955,46.08,46.045,47.08,46.915,47.085,47.165,46.230000000000004,47.165,46.54,48.155,47.045,46.415,46.71,46.665,46.04,47.08,46.54,46.665
1000019300,26.835,26.91,27.64,29.19,29.185000000000002,29.33,28.245,26.835,23.61,20.52,19.705,19.0,20.185000000000002,19.785,22.310000000000002,24.310000000000002,25.115000000000002,23.91,25.810000000000002,25.71,25.705,26.005000000000003,25.535,24.71
1000019900,23.245,24.89,22.090000000000003,23.79,23.595,23.035,22.875,22.994999999999997,22.845,22.64,20.32,20.625,19.42,20.36,19.384999999999998,20.490000000000002,20.314999999999998,20.924999999999997,23.085,20.72,20.1,20.46,20.619999999999997,22.060000000000002
1000020100,30.59,27.515,29.5,30.845,34.03,30.9,31.85,32.78,29.82,29.35,30.14,28.89,30.365,27.715,27.564999999999998,28.125,27.799999999999997,29.195,28.14,28.060000000000002,27.75,29.450000000000003,30.975,31.85
1000021200,28.625,30.165,31.085,29.665,30.57,30.085,27.96,28.975,31.445,30.29,28.25,28.395,30.745,28.53,27.950000000000003,28.165,28.295,28.615000000000002,27.75,28.0,27.61,27.125,28.54,30.54
1000021700,28.125,29.075,31.965,32.31,32.225,30.384999999999998,29.535,27.855,28.28,26.435000000000002,22.49,21.68,20.75,20.33,19.78,16.45,15.875,17.34,21.244999999999997,24.805,26.44,28.64,27.92,30.055
1005002700,37.71,38.75,37.415,41.0,42.5,37.085,35.915,31.835,32.489999999999995,27.125,25.96,24.375,27.96,23.21,25.54,25.67,27.555,27.83,29.29,27.585,29.869999999999997,30.295,33.33,38.665
1005003300,44.735,44.42,44.144999999999996,43.0,43.15,38.900000000000006,45.015,44.83,46.905,46.05,42.245000000000005,40.905,43.865,44.395,45.935,46.86,43.735,42.89,44.370000000000005,46.78,45.07,44.84,31.855000000000004,37.74
1005003400,52.5,55.455,55.725,54.77,54.995000000000005,54.370000000000005,53.165,51.795,51.185,49.400000000000006,44.08,36.945,40.86,35.995000000000005,25.835,26.46,28.09,28.134999999999998,36.665,37.555,41.1,37.57,44.36,49.36
1005003500,24.855,47.64,49.425,49.8,48.535,37.2,44.135000000000005,45.235,46.06,46.275,47.085,44.805,45.59,45.405,47.555,46.625,47.425,46.980000000000004,45.975,45.114999999999995,45.95,42.675,21.744999999999997,27.51
1005003600,45.85,49.09,49.245000000000005,49.11,49.565,49.305,48.55,46.375,44.015,43.989999999999995,39.94,33.095,38.285,34.855000000000004,23.025,23.215,24.284999999999997,23.700000000000003,28.549999999999997,31.015,36.035,32.52,39.71,47.94
1005003700,32.285,37.59,38.64,37.955,37.9,37.86,35.65,31.81,25.009999999999998,24.045,22.64,21.200000000000003,23.59,28.515,27.075,28.759999999999998,29.215,28.27,27.8,28.535,27.505000000000003,30.005000000000003,30.119999999999997,32.185
1005003800,16.42,18.825,16.744999999999997,17.57,20.490000000000002,20.15,20.16,18.5,17.130000000000003,15.39,12.795,11.44,13.67,13.989999999999998,12.8,11.2,10.36,10.585,10.545,13.155000000000001,14.915,15.855,16.439999999999998,18.005
1005003900,31.295,32.695,32.65,33.48,32.275,31.54,30.3,34.865,34.11,26.095,24.884999999999998,26.21,25.975,24.259999999999998,27.340000000000003,22.924999999999997,22.85,25.355,24.515,30.67,30.585,32.91,31.905,31.82
1005004000,31.68,33.715,33.955,37.91,36.35,35.739999999999995,35.33,36.045,33.705,30.794999999999998,26.845,26.025,28.729999999999997,29.615000000000002,23.64,21.015,18.205,17.565,19.145,22.134999999999998,27.424999999999997,26.450000000000003,30.59,32.82
1005004100,51.019999999999996,53.019999999999996,55.379999999999995,54.36,53.29,50.53,40.18,41.065,37.56,31.195,27.21,26.880000000000003,26.689999999999998,26.155,26.025,24.935000000000002,26.09,26.534999999999997,26.205,31.064999999999998,31.85,34.32,45.379999999999995,49.48
1005004200,48.96,49.42,52.015,51.795,49.644999999999996,48.615,48.045,44.53,39.925,36.56,34.69,33.480000000000004,36.545,36.635000000000005,31.71,30.119999999999997,29.93,28.415,30.725,30.924999999999997,32.28,33.775000000000006,38.19,46.894999999999996
1005004300,53.32,56.37,60.855000000000004,58.84,58.565,54.49,46.370000000000005,43.55,44.975,42.785,41.735,36.269999999999996,35.019999999999996,33.004999999999995,37.120000000000005,31.779999999999998,35.29,37.81,40.730000000000004,37.3,37.095,38.125,47.230000000000004,51.755
1005004400,48.53,49.89,52.54,50.730000000000004,52.065,50.269999999999996,50.105000000000004,42.504999999999995,36.775,30.314999999999998,27.814999999999998,25.854999999999997,29.455,28.060000000000002,22.93,20.97,17.8,18.634999999999998,24.240000000000002,22.25,26.745,26.045,34.78,44.36
1050003200,83.42,81.42,82.75,81.16499999999999,81.75,80.83500000000001,83.42,83.08,83.705,83.375,85.375,84.125,81.25,82.125,81.125,79.91499999999999,77.17,77.46000000000001,78.67,79.0,78.75,80.41499999999999,80.625,80.25
1050003600,87.75,89.53999999999999,89.545,90.67,88.75,82.545,81.96000000000001,83.0,75.375,65.67,51.83,53.915,77.375,63.955,44.795,72.625,55.46,63.875,76.455,75.33500000000001,75.08500000000001,78.42,83.25,86.66499999999999
1050020300,35.155,35.735,35.129999999999995,39.81,38.235,35.41,31.435000000000002,31.9,28.490000000000002,27.935000000000002,27.735,27.715000000000003,27.06,26.94,27.745,28.465,29.12,29.755,31.674999999999997,30.275,30.335,33.010000000000005,32.989999999999995,31.425
1050021500,22.365000000000002,20.755,21.415,26.825,25.060000000000002,21.1,21.03,22.89,22.275,21.33,21.0,21.705,21.375,17.825,19.87,20.63,18.74,19.115000000000002,19.560000000000002,19.08,19.07,20.525,21.125,24.61
1050021700,25.495,25.84,20.77,22.805,24.78,23.395000000000003,18.63,11.545,18.295,19.795,17.085,12.75,12.364999999999998,12.535,16.82,14.695,14.31,12.225,15.485,14.575,10.305,13.02,19.310000000000002,19.105
1050021900,35.57,36.92,37.33,38.224999999999994,39.56,38.379999999999995,39.89,36.95,37.894999999999996,37.445,36.585,35.435,36.5,36.345,35.03,35.525000000000006,35.74,35.065,36.04,36.415,36.29,37.285,36.019999999999996,36.05
1060006800,82.92,85.67,86.33,89.0,81.66499999999999,71.33500000000001,47.165,49.125,56.705,44.21,20.625,19.33,34.0,35.79,26.375,17.54,41.21,54.04,69.0,72.46000000000001,71.91499999999999,70.0,70.03999999999999,76.875
1070000100,74.375,73.375,74.955,76.33500000000001,76.03999999999999,73.375,75.03999999999999,72.875,71.75,72.205,72.21000000000001,73.03999999999999,72.21000000000001,66.21000000000001,56.96,50.665,41.375,43.835,42.545,56.625,59.25,42.54,70.17,71.045
1070000200,44.5,49.04,49.75,54.585,54.625,58.25,55.25,69.41499999999999,62.92,35.33,41.0,42.25,41.04,36.29,43.75,25.54,39.67,42.295,42.54,59.83,54.75,55.375,50.71,52.705
1070000300,69.41499999999999,71.75,72.21000000000001,72.91499999999999,71.25,65.08500000000001,72.46000000000001,72.03999999999999,72.125,71.41499999999999,67.08,68.16499999999999,66.295,68.75,69.33500000000001,69.25,68.875,65.58500000000001,69.83500000000001,67.75,67.53999999999999,63.875,43.165,67.75
1070000400,65.25,73.41499999999999,73.75,73.21000000000001,73.33500000000001,70.58500000000001,71.91499999999999,69.78999999999999,68.125,60.205,46.0,43.165,52.045,33.33,28.42,29.665,29.79,37.295,47.205,50.54,46.295,48.46,63.04,50.295
1070000500,42.0,59.045,61.21,64.78999999999999,63.29,50.665,69.83,69.375,71.045,69.875,70.125,64.96000000000001,60.875,65.03999999999999,67.71000000000001,67.125,67.71000000000001,67.91499999999999,67.33,64.875,65.21000000000001,50.335,19.96,40.125
1070000600,65.91499999999999,67.03999999999999,67.045,66.83,65.455,65.91499999999999,68.21000000000001,66.0,66.5,64.5,58.165,51.625,64.03999999999999,45.835,35.5,39.75,29.665,39.21,40.96,50.33,50.165,40.625,60.665,64.625
1070001300,72.17,72.71000000000001,73.91499999999999,73.875,73.08500000000001,71.46000000000001,72.33500000000001,75.41499999999999,74.71000000000001,68.0,65.75,62.75,72.625,70.625,69.41499999999999,69.78999999999999,66.66499999999999,57.705,62.25,66.875,68.21000000000001,68.03999999999999,67.21000000000001,68.66499999999999
1070001400,45.0,54.795,59.915,56.54,58.375,58.71,65.625,65.41499999999999,64.41499999999999,55.21,59.165,45.25,46.165,28.71,23.71,22.205,25.085,32.08,44.665,56.085,58.375,52.045,61.875,44.29
1070001500,85.83500000000001,88.625,89.625,87.0,85.545,76.03999999999999,70.92,58.375,42.835,38.96,33.955,35.21,40.205,38.08,30.96,29.835,28.25,26.625,34.125,30.875,35.165,35.415,61.96,78.78999999999999
1070001600,75.08500000000001,79.625,81.78999999999999,83.58500000000001,78.625,71.28999999999999,58.92,64.28999999999999,59.875,57.29,48.83,44.54,48.125,44.795,43.5,42.92,49.17,48.125,49.0,48.54,49.75,53.375,68.58500000000001,71.0
1070002500,25.415,25.665,26.28,24.54,25.41,24.240000000000002,24.799999999999997,22.525,22.065,21.810000000000002,21.64,21.475,22.715000000000003,22.82,24.064999999999998,22.54,24.57,23.48,24.275,25.615000000000002,24.15,26.55,27.564999999999998,28.84
1070002700,27.755,29.305,29.375,28.97,29.880000000000003,27.21,30.695,29.005,28.6,27.415,26.715,26.475,26.905,28.225,25.355,26.765,26.59,25.56,26.665,27.884999999999998,26.585,27.28,26.38,26.575
1070003500,32.83,31.83,32.815,34.870000000000005,33.4,33.230000000000004,35.405,35.39,35.82,34.12,33.935,34.04,31.625,33.31,32.08,33.5,34.03,34.07,31.595,31.745,31.81,31.31,31.990000000000002,30.79
1070003600,14.275,14.46,14.57,13.055,13.14,15.765,16.43,14.77,18.564999999999998,13.48,12.915,18.085,18.65,13.88,13.440000000000001,14.435,15.55,13.145,14.4,12.07,15.605,16.25,12.23,13.219999999999999
1070003700,17.695,21.799999999999997,22.924999999999997,27.3,16.825,18.865000000000002,16.35,21.215000000000003,24.295,21.33,19.19,18.155,13.185,10.59,9.895,9.49,10.35,10.855,14.075,17.855,19.369999999999997,16.495,15.65,18.23
1070003800,17.9,14.61,15.57,16.43,21.465,18.345,15.095,19.725,22.565,23.375,23.735,23.28,17.045,12.315,11.715,11.565,11.305,13.075,20.945,24.545,24.66,18.384999999999998,20.09,19.27
1070004100,17.625,18.575,17.759999999999998,18.015,19.92,18.619999999999997,19.285,20.355,20.505,21.18,19.740000000000002,18.115000000000002,18.68,19.8,18.33,18.155,19.34,18.755000000000003,17.735,17.515,17.765,16.585,16.2,17.375
1070004200,18.735,19.43,18.92,19.815,18.395,19.134999999999998,21.5,23.16,22.365000000000002,22.535,22.615000000000002,21.135,21.22,20.935000000000002,21.549999999999997,22.189999999999998,21.240000000000002,20.36,19.64,21.310000000000002,20.630000000000003,19.93,18.215,18.515
1070004400,21.799999999999997,21.395,22.950000000000003,22.645,24.07,23.39,21.195,22.86,24.854999999999997,21.34,23.009999999999998,27.1,26.07,24.495,21.72,24.14,24.509999999999998,24.41,25.515,23.630000000000003,24.25,23.380000000000003,20.83,21.020000000000003
1070004500,20.685000000000002,23.125,25.09,24.38,24.509999999999998,22.805,22.759999999999998,22.634999999999998,24.995,21.689999999999998,20.52,20.805,20.04,18.515,20.86,19.965,20.939999999999998,19.66,19.22,19.255000000000003,20.84,23.91,21.575,22.21
1070004600,24.07,24.195,24.82,25.825,27.17,28.299999999999997,25.759999999999998,25.7,25.52,24.89,25.01,25.165,24.31,24.955,21.97,23.490000000000002,20.79,21.6,22.935000000000002,22.345,24.060000000000002,23.060000000000002,23.384999999999998,23.445
1070004700,19.905,22.515,20.345,21.74,22.85,21.4,21.48,16.865000000000002,16.13,14.39,15.35,14.175,15.740000000000002,15.575,14.43,17.13,14.649999999999999,13.405,14.2,14.195,14.65,16.415,19.26,17.159999999999997
1070004800,14.715,17.78,14.88,19.2,15.02,14.795,15.585,15.215,15.45,13.705,13.5,13.715,13.51,12.71,12.66,13.31,13.715,14.17,13.600000000000001,12.895,13.015,14.44,14.445,14.57
1070004900,17.725,19.355,21.295,20.700000000000003,22.92,23.905,20.575,15.565000000000001,15.43,16.759999999999998,14.415000000000001,13.02,13.81,14.105,13.8,13.745000000000001,14.530000000000001,14.825,14.239999999999998,15.535,13.7,13.82,15.145,15.629999999999999
1070005000,17.945,17.665,18.515,19.384999999999998,19.939999999999998,17.255,17.105,20.28,17.11,16.924999999999997,15.385,14.015,14.25,13.165,13.6,13.82,13.135,14.16,15.235,14.815000000000001,15.94,15.155000000000001,15.38,15.79
1070005500,29.525,30.23,30.665,30.305,33.04,34.68,32.285,31.015,32.44,30.130000000000003,27.490000000000002,27.365000000000002,26.695,24.075000000000003,26.97,26.490000000000002,28.2,25.625,27.765,27.985,28.655,28.28,29.69,28.5
1070005600,16.17,17.265,22.33,24.88,24.185000000000002,22.715,20.105,19.14,21.985,18.025,14.719999999999999,16.165,15.695,14.605,15.465,14.535,17.29,13.295,13.285,15.66,18.445,17.955,15.370000000000001,18.28
1070005700,24.23,24.915,26.03,29.37,26.645000000000003,22.895,21.98,19.73,23.075,24.18,22.15,18.990000000000002,23.494999999999997,25.095,22.935,23.975,25.455,24.535,25.275,24.08,21.865000000000002,27.68,23.869999999999997,19.535
1070005800,26.759999999999998,29.189999999999998,27.939999999999998,30.265,27.335,26.785,25.9,24.83,23.485,23.159999999999997,22.09,20.450000000000003,15.524999999999999,18.47,17.88,18.439999999999998,16.43,12.41,17.05,19.07,19.075000000000003,21.700000000000003,23.509999999999998,25.240000000000002
1070005900,18.045,25.744999999999997,20.29,20.48,21.384999999999998,19.905,25.22,19.79,15.294999999999998,16.395,14.76,17.09,14.195,14.375,14.1,14.815,17.369999999999997,16.235,13.95,11.865,18.03,14.940000000000001,17.354999999999997,15.23
1070006000,15.915,24.055,24.384999999999998,27.384999999999998,24.79,19.23,11.965,16.61,12.945,12.41,13.405000000000001,14.02,10.825,13.27,8.93,10.435,11.065000000000001,9.719999999999999,11.305,10.22,10.690000000000001,10.915,13.399999999999999,15.625
1070006300,25.025,26.575,26.565,26.125,26.25,25.145,23.775,24.015,23.33,22.25,18.86,17.880000000000003,17.18,18.225,19.115000000000002,20.59,21.115000000000002,21.035,23.215,24.415,23.47,24.03,24.91,25.380000000000003
1070006400,19.915,24.759999999999998,26.165,27.485,28.455,27.665,27.935000000000002,25.975,25.17,23.895,21.799999999999997,20.215,19.21,16.78,14.09,11.73,9.25,7.99,9.945,12.86,13.68,15.875,14.504999999999999,16.79
1070006700,17.165,17.165,18.5,19.35,21.3,19.905,19.14,18.81,16.715,17.23,15.055,14.67,18.555,19.265,18.915,19.244999999999997,18.17,18.325,19.115000000000002,18.215,16.66,15.504999999999999,15.325,16.62
1070006800,21.244999999999997,23.33,23.57,24.515,24.509999999999998,26.37,25.01,25.085,21.6,20.6,19.424999999999997,17.855,18.235,17.075,17.615000000000002,15.195,14.719999999999999,17.47,17.08,16.46,15.36,17.310000000000002,17.455,21.305
1070007100,10.74,18.119999999999997,20.57,23.575000000000003,25.195,17.23,11.265,12.69,12.225,9.135,8.76,8.91,9.61,11.195,8.205,9.235,12.79,9.195,9.695,10.440000000000001,10.89,10.27,12.605,10.42
1070007200,13.565,15.17,12.945,15.345,19.43,20.215,20.880000000000003,22.3,18.59,13.795,16.48,18.655,15.175,11.719999999999999,11.53,9.940000000000001,12.08,11.295,11.835,10.440000000000001,11.165,12.649999999999999,13.685,14.49
1070007300,23.505,22.41,27.909999999999997,23.634999999999998,25.3,18.23,30.854999999999997,21.645000000000003,24.21,24.729999999999997,23.825000000000003,24.35,22.13,18.245,20.43,22.84,25.1,23.29,24.45,24.42,20.81,23.15,22.295,17.205
1070007400,24.299999999999997,26.235,26.845,26.6,25.035,25.305,21.93,22.435000000000002,21.79,21.55,19.605,21.5,20.95,20.17,21.295,21.47,22.384999999999998,21.990000000000002,22.090000000000003,21.54,22.845,23.22,24.31,23.58
1070007500,31.3,30.335,29.2,28.875,28.185000000000002,25.72,28.475,28.88,27.85,25.765,25.705,23.075,24.705,24.14,24.240000000000002,25.85,24.375,25.475,26.125,26.47,26.3,26.41,26.82,31.04
1070007700,25.75,25.15,26.155,25.22,28.384999999999998,27.77,25.37,24.975,21.29,16.105,14.195,13.455,12.585,12.745,13.5,13.59,13.675,15.27,15.425,17.675,18.945,19.56,20.735,24.455
1070007800,31.015,33.15,34.739999999999995,33.86,35.849999999999994,36.41,34.41,32.980000000000004,33.025000000000006,29.55,28.235,29.205,27.43,26.82,27.285,29.1,28.53,27.43,28.46,27.189999999999998,27.6,28.265,28.765,30.53
1070008100,25.695,25.845,24.785,26.95,24.310000000000002,23.13,20.740000000000002,23.205,23.485,21.845,20.95,23.759999999999998,23.255000000000003,21.14,22.795,22.53,23.740000000000002,21.5,22.615000000000002,19.955,21.82,21.7,22.825000000000003,22.67
1070008200,22.51,24.945,23.75,19.735,19.465,23.625,17.915,19.439999999999998,19.439999999999998,16.55,18.865000000000002,16.9,15.365,15.725,15.594999999999999,18.435,16.05,17.635,15.385000000000002,16.685,15.864999999999998,16.485,18.605,19.09
1070008500,27.855,27.36,28.495,29.915,29.92,28.68,25.945,26.97,24.405,17.439999999999998,11.33,12.74,11.55,13.184999999999999,14.95,17.155,19.78,22.16,24.685000000000002,24.785,24.485,25.104999999999997,25.97,27.14
1070008600,34.275,36.655,38.370000000000005,38.93,40.935,43.18,45.620000000000005,45.095,43.205,40.040000000000006,39.435,38.965,37.629999999999995,36.325,36.55500000000001,36.43000000000001,36.625,30.674999999999997,36.230000000000004,36.629999999999995,35.760000000000005,35.045,36.82,35.445
1070008700,22.314999999999998,24.685000000000002,25.22,24.994999999999997,25.994999999999997,24.689999999999998,23.799999999999997,20.66,22.75,22.31,22.205,21.6,19.195,18.979999999999997,20.07,20.125,20.6,20.935,18.985,20.795,19.655,22.45,21.740000000000002,20.405
1070008800,22.985,28.33,26.240000000000002,26.744999999999997,27.03,27.310000000000002,25.015,25.185000000000002,24.744999999999997,25.08,23.759999999999998,21.689999999999998,20.695,18.92,20.125,21.41,20.675,20.799999999999997,20.534999999999997,21.575000000000003,22.84,23.36,25.685000000000002,25.475
1070009100,21.275,19.935000000000002,25.805,25.04,22.369999999999997,20.95,18.42,19.75,21.295,20.310000000000002,18.91,18.735,18.61,17.92,18.58,16.555,18.185000000000002,18.045,17.950000000000003,18.97,17.17,18.155,19.835,20.04
1070009200,20.65,23.005000000000003,22.740000000000002,23.450000000000003,20.86,18.53,19.02,18.165,18.21,18.89,16.43,17.759999999999998,17.645,16.12,16.57,17.4,16.740000000000002,14.26,16.55,16.765,14.93,16.27,19.305,17.66
1070009300,37.165,38.379999999999995,37.730000000000004,38.695,39.915,39.52,38.215,38.864999999999995,36.345,33.07,33.025,33.52,29.65,33.845,32.235,35.7,36.11,36.230000000000004,36.675,35.019999999999996,35.675,36.19,36.495000000000005,36.644999999999996
1070009400,24.195,26.515,27.285,28.335,28.68,29.1,31.47,29.92,28.53,26.5,25.97,26.744999999999997,23.585,22.985,21.994999999999997,23.405,22.025,21.17,19.740000000000002,22.035,24.34,22.13,23.145,24.674999999999997
1070009500,21.02,21.560000000000002,23.32,22.715,23.564999999999998,24.15,22.07,22.265,20.46,19.035,17.869999999999997,18.740000000000002,15.995000000000001,16.93,16.605,17.705,18.740000000000002,20.835,19.605,20.03,20.495,21.5,19.44,17.27
1070009600,16.265,18.185,19.104999999999997,19.865000000000002,19.83,19.375,19.685000000000002,19.625,17.875,16.165,15.82,16.075000000000003,16.16,15.425,14.675,16.255000000000003,16.525,17.380000000000003,15.73,16.86,16.43,17.130000000000003,16.015,14.895
1070010300,22.895,25.605,26.73,26.509999999999998,27.16,29.62,31.61,30.32,29.975,28.715,28.985,29.5,29.314999999999998,29.119999999999997,28.32,29.02,29.98,30.055,30.0,29.465,30.29,30.9,24.72,22.75
1070010400,19.375,22.244999999999997,23.57,23.345,23.535,23.34,25.185,24.235,27.189999999999998,23.245,21.265,20.775,22.23,21.77,23.305,22.675,19.82,18.08,20.275,22.52,24.17,25.68,21.645,18.65
1070010500,33.015,30.66,31.590000000000003,29.47,27.064999999999998,27.21,30.5,30.22,30.835,32.795,31.415,32.24,30.865000000000002,33.205,31.255,31.535,32.425,31.985,32.515,31.225,29.064999999999998,28.625,31.25,30.42
1070010600,31.1,33.665,30.805,31.015,32.405,33.735,34.075,32.995000000000005,32.59,32.245000000000005,32.86,32.76,32.19,31.865000000000002,30.93,31.689999999999998,31.74,32.555,32.93,30.69,31.125,30.555,32.53,31.085
1070010700,25.625,28.65,28.134999999999998,28.265,28.135,28.884999999999998,25.68,27.15,27.2,26.46,26.445,26.049999999999997,27.485,26.035,24.72,24.700000000000003,26.325,26.04,26.46,25.45,25.07,25.68,25.355,26.455
1070010800,26.075,24.770000000000003,23.555,24.064999999999998,23.865,22.53,23.049999999999997,22.700000000000003,21.43,23.005000000000003,21.935,23.549999999999997,23.240000000000002,23.115000000000002,22.405,20.55,21.93,22.425,21.705,20.71,20.64,20.795,23.689999999999998,24.994999999999997
1070010900,25.75,25.0,24.58,26.435,27.775,20.755000000000003,21.675,22.705,18.189999999999998,18.23,17.205000000000002,17.355,18.11,17.765,17.41,15.77,16.794999999999998,17.990000000000002,19.625,19.365000000000002,18.92,16.92,22.915,21.085
1070011000,24.03,23.455,23.515,21.64,24.205,23.74,19.79,20.18,19.005000000000003,20.07,19.18,18.75,17.52,17.485,18.020000000000003,18.869999999999997,17.615,17.84,15.73,18.775,18.585,19.384999999999998,18.96,22.36
1070011100,28.259999999999998,32.575,33.095,36.035,36.965,33.925,30.755000000000003,33.125,28.634999999999998,26.795,29.135,27.78,24.799999999999997,28.485,27.605,30.045,29.515,30.925,29.615000000000002,30.244999999999997,31.924999999999997,29.88,28.950000000000003,27.865000000000002
1070011200,36.754999999999995,38.045,38.114999999999995,38.85,38.900000000000006,38.965,40.290000000000006,38.595,37.685,36.224999999999994,36.7,37.519999999999996,36.735,35.695,34.7,35.584999999999994,33.995000000000005,31.64,33.64,34.585,36.015,35.58,35.805,37.239999999999995
1070011700,16.325,19.765,21.845,23.395,22.25,21.295,19.335,21.200000000000003,17.83,16.84,15.07,13.18,16.009999999999998,16.39,16.515,15.49,17.015,16.14,15.9,16.54,16.3,17.21,15.504999999999999,15.505
1070011800,26.29,29.02,30.28,30.555,31.27,28.244999999999997,27.795,28.28,26.75,22.66,20.585,21.75,23.765,21.38,21.365000000000002,17.625,17.689999999999998,18.735,23.049999999999997,24.445,24.060000000000002,23.765,26.085,25.659999999999997
1070012100,20.395,19.59,20.055,19.75,19.725,20.295,18.685000000000002,22.814999999999998,22.09,20.505000000000003,20.07,18.64,16.96,16.715,15.934999999999999,15.524999999999999,15.715,16.725,18.314999999999998,19.54,19.395,20.924999999999997,19.89,20.79
1070012200,19.08,18.675,19.439999999999998,20.02,20.195,19.27,20.16,21.415,24.78,14.815000000000001,17.34,18.935000000000002,15.575,19.1,16.18,15.435,14.95,12.495000000000001,15.785,19.4,20.975,20.545,19.77,19.005000000000003
1070012300,41.36,39.625,40.084999999999994,43.04,43.155,38.665,42.25,41.765,42.0,44.504999999999995,39.59,38.33,38.504999999999995,41.135000000000005,41.325,41.44,37.864999999999995,39.349999999999994,40.769999999999996,39.769999999999996,40.825,38.285,32.475,35.230000000000004
1070012400,44.69,51.655,53.125,53.06,51.114999999999995,52.629999999999995,51.43000000000001,49.474999999999994,50.625,46.59,38.730000000000004,32.894999999999996,36.58,31.15,24.68,21.73,23.665,25.455,33.07,37.035,38.89,36.32,44.335,44.845
1070012500,25.21,25.725,27.54,23.32,28.729999999999997,22.055,19.740000000000002,20.509999999999998,22.28,21.810000000000002,18.73,16.885,19.125,18.69,18.125,21.275,20.835,16.810000000000002,16.62,19.32,19.045,22.04,22.925,23.950000000000003
1070012600,16.835,15.969999999999999,17.28,14.04,19.525,12.915,12.370000000000001,13.365,13.865,11.215,10.015,9.955,9.45,11.87,10.51,10.405,11.43,10.155000000000001,13.315,12.36,12.185,14.095,12.545,14.64
1070012700,32.535,35.67,33.315,35.91,36.31,34.805,33.989999999999995,34.735,33.31,32.765,33.055,33.29,31.215,31.509999999999998,31.009999999999998,30.27,30.985,31.67,32.235,31.76,31.705,33.0,31.57,31.770000000000003
1070012800,14.85,18.755,20.590000000000003,23.09,24.305,25.61,24.485,24.455,23.895,20.295,19.305,18.3,14.585,13.215,12.235,13.190000000000001,11.015,10.469999999999999,12.64,14.024999999999999,15.155000000000001,15.68,13.54,13.71
1070012900,28.305,26.075,32.66,29.415,28.009999999999998,28.075000000000003,28.270000000000003,27.159999999999997,28.365000000000002,28.07,26.985,28.4,25.4,26.355,31.225,29.28,27.505000000000003,25.685000000000002,25.895,27.325000000000003,25.405,26.465,25.83,25.195
1070013000,19.42,22.119999999999997,26.085,30.744999999999997,28.09,25.065,24.045,21.555,19.259999999999998,22.799999999999997,15.95,13.075,14.445,14.8,15.67,15.825,17.195,17.65,19.700000000000003,16.385,18.27,19.380000000000003,20.759999999999998,22.93
1070013100,42.635000000000005,42.805,45.965,45.155,49.33,47.955,44.625,47.085,49.004999999999995,47.385,48.334999999999994,47.83,48.585,46.08,49.2,48.03,48.010000000000005,47.32,47.75,47.769999999999996,46.625,48.785,37.725,45.195
1070013200,39.535,48.86,46.055,48.55,46.42,46.99,47.31999999999999,45.72,44.655,42.7,33.145,29.15,33.7,26.925,23.065,21.145,22.435000000000002,23.025,32.370000000000005,34.375,35.9,32.97,40.605000000000004,40.644999999999996
1070013300,40.93,39.055,45.94,42.8,47.33,50.16,47.035,45.269999999999996,47.385,48.245000000000005,48.485,49.155,48.9,48.56,52.435,50.815,47.44,48.535,49.0,49.705,46.86,46.31,36.905,43.685
1070013400,26.78,31.15,31.384999999999998,26.945,27.675,25.015,25.86,24.82,25.244999999999997,21.485,14.805,16.425,24.060000000000002,23.42,20.950000000000003,19.89,18.505000000000003,22.435000000000002,21.380000000000003,17.085,23.015,25.515,25.884999999999998,25.83
1070013700,26.52,26.995,23.0,19.925,20.009999999999998,22.990000000000002,24.465,25.755000000000003,24.17,22.770000000000003,20.38,19.645000000000003,21.689999999999998,20.795,18.195,16.05,14.834999999999999,13.280000000000001,17.66,17.795,18.55,19.36,23.305,25.44
1070013800,21.490000000000002,22.990000000000002,23.445,24.665,24.34,24.555,23.68,23.255000000000003,21.915,19.200000000000003,15.905,14.47,13.260000000000002,14.835,15.155000000000001,14.465,13.1,12.285,12.27,15.175,16.625,18.85,19.17,20.095
1070013900,25.5,26.095,26.884999999999998,26.155,25.295,26.555,24.905,26.85,25.38,23.845,25.3,24.895,23.77,22.325,20.009999999999998,16.435,16.740000000000002,16.615,17.82,20.055,20.75,24.92,27.03,27.41
1070014000,26.085,27.82,29.35,29.55,29.22,28.48,29.935000000000002,27.95,26.21,20.545,19.14,19.615000000000002,20.065,18.55,16.775,17.564999999999998,20.685,17.759999999999998,18.41,18.744999999999997,21.395,24.965,26.465,27.369999999999997
1070014700,41.59,42.91,44.705,46.415,43.405,45.625,46.29,45.585,42.75,27.295,20.21,23.725,34.135,28.835,25.37,26.075000000000003,25.415,22.845,24.695,33.475,36.004999999999995,39.75,38.595,39.769999999999996
1070014800,27.23,38.400000000000006,35.8,34.14,38.620000000000005,32.835,36.29,34.3,29.755,28.125,26.83,26.07,28.595,28.995,26.955,25.53,24.83,26.655,28.68,28.84,29.21,32.67,33.72,33.05
1070014900,17.93,18.89,19.43,20.28,20.36,20.46,19.065,19.755000000000003,17.35,16.36,14.89,13.075,13.879999999999999,16.155,16.76,16.955000000000002,14.65,14.990000000000002,17.045,20.1,18.95,20.165,21.205,19.27
1070015000,21.130000000000003,20.064999999999998,24.229999999999997,20.25,21.465,20.225,18.52,20.9,19.465,17.515,16.08,17.65,16.04,15.965,18.705,15.504999999999999,13.774999999999999,15.11,14.645,17.345,19.58,20.48,20.47,19.92
1070015100,25.965,30.68,36.955,35.325,31.085,33.25,25.924999999999997,27.08,26.335,23.605,21.174999999999997,16.045,14.535,14.605,19.025,18.165,23.439999999999998,18.814999999999998,21.935,18.375,23.225,25.975,25.415,23.744999999999997
1070015200,25.03,22.439999999999998,25.21,30.145000000000003,28.57,29.854999999999997,28.37,28.384999999999998,24.62,24.155,22.1,25.799999999999997,24.555,23.01,24.035,25.07,22.259999999999998,20.045,20.925,20.585,20.03,23.744999999999997,19.549999999999997,23.825
1070015300,24.655,26.215000000000003,27.6,25.744999999999997,24.17,23.365000000000002,26.04,24.785,21.82,23.619999999999997,21.285,21.585,22.59,21.175,21.310000000000002,20.47,21.125,21.765,23.47,22.17,24.585,23.84,22.42,25.88
1070015400,16.59,17.28,17.975,18.095,18.305,16.52,17.255,15.594999999999999,14.719999999999999,14.05,14.525,14.335,14.255,14.435,13.21,13.04,12.72,12.094999999999999,12.515,13.54,14.565,15.334999999999999,17.02,16.78
1070015500,31.71,32.730000000000004,35.44,33.99,26.955,27.939999999999998,29.235,25.939999999999998,27.665,26.525,25.845,25.515,26.939999999999998,24.25,22.835,25.985,22.4,24.35,25.645000000000003,26.53,23.05,26.950000000000003,26.6,25.615000000000002
1070015600,32.135,32.735,32.45,31.605,32.17,31.740000000000002,33.67,33.58,33.97,32.07,32.135,30.744999999999997,32.835,32.625,33.730000000000004,32.215,31.48,29.995,32.655,32.69,32.114999999999995,32.66,31.995,31.86
1070015700,20.93,23.61,23.705,23.87,25.11,26.08,24.79,24.130000000000003,21.8,17.235,16.57,15.44,16.47,15.780000000000001,13.98,17.509999999999998,18.119999999999997,18.560000000000002,18.634999999999998,20.455,19.439999999999998,21.005,20.41,23.735
1070015800,25.314999999999998,27.275,27.475,28.369999999999997,27.895,26.845,28.525,27.545,26.23,22.79,22.77,22.275,20.005,21.16,22.97,21.119999999999997,20.585,20.729999999999997,20.475,21.295,22.759999999999998,24.385,24.475,24.575000000000003
1070015900,21.335,22.08,21.27,25.060000000000002,23.35,21.875,26.205,34.715,35.57,32.06,28.08,26.485,28.185000000000002,24.915,24.155,24.200000000000003,23.455,25.67,25.935,25.705,28.985,29.88,24.354999999999997,22.52
1070016000,35.47,30.64,29.53,34.29,34.57,31.589999999999996,34.205,34.93,25.97,27.645,27.55,23.035,22.02,24.065,24.915,24.865000000000002,24.47,23.485,24.355,25.555,27.990000000000002,28.55,29.45,31.075000000000003
1070016100,31.095,29.23,34.239999999999995,34.64,38.165,35.47,34.205,36.475,34.155,30.39,24.105,26.96,29.0,27.8,30.235,28.075000000000003,24.955,22.715,27.9,31.935000000000002,27.950000000000003,29.665,27.34,29.815
1070016200,29.509999999999998,33.769999999999996,33.67,29.405,35.865,36.915,33.260000000000005,28.355,31.215,27.295,23.405,24.025,26.39,26.990000000000002,28.259999999999998,28.16,29.91,26.585,29.39,28.935000000000002,28.085,30.465,30.07,31.965000000000003
1070016301,22.41,23.415,26.415,22.605,23.064999999999998,23.335,24.285,23.525,22.060000000000002,22.41,22.064999999999998,22.35,22.725,20.765,21.405,22.135,21.29,21.575,22.29,22.009999999999998,21.115000000000002,21.43,21.380000000000003,22.36
1070016302,23.68,24.744999999999997,25.895000000000003,23.490000000000002,22.755000000000003,23.035,24.14,26.945,22.465,22.395,22.83,23.16,23.61,22.97,21.91,21.75,21.57,21.924999999999997,22.17,22.43,21.5,20.665,21.674999999999997,23.535
1070016401,20.84,21.085,23.205,24.785,21.295,23.314999999999998,20.509999999999998,22.41,20.495,18.259999999999998,17.78,17.43,17.945,16.785,18.465,20.295,19.28,19.61,21.355,20.875,18.43,18.95,21.265,20.125
1070016402,20.655,21.985,21.65,23.08,19.924999999999997,24.255,22.134999999999998,21.14,19.865000000000002,19.015,17.564999999999998,18.115000000000002,17.35,16.994999999999997,18.755000000000003,17.895,17.955,18.29,18.259999999999998,18.015,18.555,18.939999999999998,18.605,19.64
1070016500,26.82,26.895,27.76,28.41,30.130000000000003,28.475,27.375,27.02,25.485,21.43,15.485,15.175,14.09,19.765,16.84,12.4,13.515,15.815,15.954999999999998,15.170000000000002,17.675,17.915,18.35,24.29
1070016600,29.525,30.4,33.175,37.055,36.230000000000004,33.155,30.560000000000002,19.965,25.22,19.009999999999998,22.695,25.39,22.93,27.25,28.41,27.36,26.85,26.875,31.044999999999998,33.575,33.585,31.65,31.25,30.17
1070016900,26.28,29.924999999999997,30.235,31.555,30.155,27.93,26.165,27.795,25.865,25.0,25.345,27.025,25.729999999999997,25.855,26.6,25.009999999999998,25.79,25.155,24.24,24.33,25.67,23.66,24.465,27.025
1070017000,19.645,21.185,24.43,24.295,22.015,19.195,19.66,16.725,16.45,14.795,14.149999999999999,15.165,15.29,14.795,15.565,16.36,20.43,18.225,16.95,17.515,17.795,18.314999999999998,18.91,17.265
1070017400,23.225,24.52,25.05,25.495,25.835,24.835,25.095,26.060000000000002,25.115000000000002,24.055,21.93,21.21,22.48,21.645000000000003,21.01,22.425,21.47,20.845,20.03,21.005000000000003,21.14,21.71,23.195,23.85
1070017700,23.275,23.134999999999998,27.92,22.92,25.884999999999998,26.33,24.634999999999998,27.884999999999998,19.675,21.525,20.25,18.465,21.695,21.130000000000003,19.165,18.58,19.075000000000003,19.605,22.7,20.615000000000002,18.645000000000003,22.01,23.090000000000003,24.79
1070017800,19.759999999999998,18.880000000000003,22.09,20.82,19.825,17.475,20.865000000000002,15.24,15.094999999999999,14.34,14.615,16.78,16.225,14.39,15.54,13.434999999999999,11.329999999999998,11.684999999999999,14.195,16.96,16.84,17.36,17.425,16.915
1070017900,15.71,19.395,24.335,21.0,21.049999999999997,21.975,18.97,16.155,16.384999999999998,14.895,15.265,14.745000000000001,14.39,15.030000000000001,15.015,13.495,13.93,13.96,15.865,15.9,15.934999999999999,16.884999999999998,19.46,15.465
1070018000,22.29,24.29,24.35,23.855,24.740000000000002,21.91,23.77,21.145,19.2,19.36,19.64,17.8,19.17,18.715,19.2,18.174999999999997,18.58,20.174999999999997,20.560000000000002,20.845,23.33,22.174999999999997,23.91,22.355
1070018200,19.189999999999998,19.83,17.615000000000002,20.685000000000002,22.630000000000003,21.165,20.325,19.189999999999998,20.83,17.15,18.725,18.25,14.905000000000001,15.35,14.445,15.53,18.35,16.175,17.384999999999998,18.53,18.92,16.634999999999998,17.52,19.08
1070018400,23.545,25.265,25.445,26.645,26.57,26.68,27.979999999999997,30.42,28.64,26.015,24.064999999999998,23.765,23.205,22.88,22.95,21.64,22.485,23.325,25.05,24.445,25.494999999999997,25.925,24.105,23.585
1070018500,19.884999999999998,21.259999999999998,21.884999999999998,22.625,20.61,19.155,19.56,19.605,16.82,16.195,16.295,17.48,16.665,16.415,18.46,15.68,18.48,16.335,17.87,16.105,17.744999999999997,18.89,17.905,21.205
1070018600,19.55,22.63,22.735,24.56,24.765,24.884999999999998,24.585,20.375,19.27,17.259999999999998,16.515,18.490000000000002,15.285,15.364999999999998,17.085,17.82,16.985,16.53,17.775,17.25,17.990000000000002,20.13,19.71,21.955
1070018700,25.9,26.64,27.52,27.03,29.979999999999997,25.814999999999998,22.36,22.83,21.705,21.72,19.270000000000003,18.1,18.729999999999997,20.555,21.03,21.535,21.924999999999997,21.465,20.275,20.18,20.174999999999997,21.725,22.46,25.83
1070018800,24.275,24.240000000000002,24.635,25.060000000000002,25.314999999999998,23.91,22.87,22.29,19.25,19.38,17.91,17.97,18.15,20.87,20.57,18.5,17.06,17.91,20.060000000000002,18.85,20.45,19.625,21.325,22.84
1070018900,28.475,28.08,29.325,29.925,30.51,29.615000000000002,26.42,28.1,27.990000000000002,22.725,17.415,16.2,18.295,16.025,14.879999999999999,14.434999999999999,13.059999999999999,11.175,10.975000000000001,15.274999999999999,18.42,18.245,21.42,27.775
1070019000,53.629999999999995,53.93000000000001,57.44,56.68,54.635000000000005,52.95,46.455,41.96,42.855000000000004,42.54,36.76,34.945,35.47,33.57,35.900000000000006,34.97,37.04,37.38,40.94,40.59,39.84,40.63,47.515,49.29
1070019100,22.28,21.875,23.96,22.695,24.405,22.875,21.435,22.04,21.665,19.255,16.27,16.5,15.915000000000001,15.08,14.43,13.835,14.33,15.31,17.51,18.064999999999998,19.545,20.39,23.35,22.96
1070019200,20.515,24.32,24.96,26.380000000000003,25.9,25.755,26.009999999999998,25.015,26.545,24.305,22.939999999999998,22.43,22.93,23.4,21.955,21.745,21.56,21.085,19.395,21.505000000000003,20.7,20.88,20.88,21.785
1070019301,22.205,22.875,22.705,24.095,17.450000000000003,20.095,17.8,15.295,14.915,14.05,14.55,14.265,14.555,14.125,14.355,13.7,14.15,15.035,14.495000000000001,15.8,15.48,17.68,17.04,19.34
1070019302,23.240000000000002,22.065,24.64,24.505000000000003,21.09,20.58,15.95,16.869999999999997,17.125,14.085,16.494999999999997,15.525,17.575,14.239999999999998,15.365000000000002,15.47,15.82,18.22,16.66,15.280000000000001,18.729999999999997,19.43,18.59,21.08
1070019401,18.84,20.035,21.424999999999997,20.634999999999998,21.8,21.78,18.805,17.835,17.4,17.560000000000002,15.91,16.38,15.66,17.16,16.380000000000003,15.1,15.61,15.735,17.16,17.465,17.89,17.92,19.479999999999997,19.009999999999998
1070019402,13.68,15.8,17.965,17.405,17.655,20.130000000000003,15.809999999999999,17.715,17.009999999999998,14.05,11.71,14.870000000000001,10.975000000000001,13.44,12.585,12.605,12.665,10.12,10.855,12.825,12.170000000000002,13.235,14.865,17.05
1070019500,19.435000000000002,23.085,22.16,19.595,20.130000000000003,21.270000000000003,22.525,20.235,18.155,18.075000000000003,16.91,17.95,18.775,20.6,20.314999999999998,16.82,20.205,17.05,17.185000000000002,16.09,19.585,22.245,19.725,22.615000000000002
1070019600,20.275,22.369999999999997,30.759999999999998,33.260000000000005,26.45,25.189999999999998,27.795,21.42,21.17,18.215000000000003,15.635000000000002,18.195,14.495000000000001,15.82,15.19,16.43,14.155000000000001,16.71,15.135,16.24,20.85,20.585,20.455,21.39
1070019700,17.025,20.63,18.38,18.045,20.735,17.285,18.71,13.77,14.915,16.11,15.46,15.585,14.219999999999999,16.42,14.64,15.165,14.350000000000001,16.025,14.235,19.445,14.73,17.005000000000003,17.055,17.89
1070019800,22.72,23.94,24.075,17.45,19.020000000000003,23.525,19.645,18.05,21.884999999999998,21.455,15.365000000000002,15.135000000000002,17.95,21.545,20.314999999999998,19.58,16.18,18.060000000000002,14.719999999999999,13.725,16.495,18.04,18.354999999999997,20.915
1070020100,19.89,25.53,25.325,24.965,27.145,22.520000000000003,21.255,22.335,19.195,17.435,19.215,18.795,20.994999999999997,20.425,20.47,20.525,17.585,16.615,18.36,16.675,18.625,18.96,21.55,20.785
1070020200,25.384999999999998,28.634999999999998,29.8,29.86,29.07,28.18,26.950000000000003,24.795,23.775,24.915,22.689999999999998,25.39,21.240000000000002,20.545,21.665,22.445,24.439999999999998,21.295,22.8,23.0,23.28,25.915,23.85,24.825000000000003
1070020400,24.075,25.299999999999997,26.015,26.509999999999998,25.564999999999998,25.995,26.615000000000002,26.125,25.255000000000003,24.19,22.99,24.235,22.175,21.814999999999998,21.875,22.265,24.355,23.884999999999998,23.520000000000003,23.085,24.009999999999998,23.995,24.11,24.744999999999997
1070020600,22.225,26.09,24.78,20.615000000000002,23.33,21.810000000000002,22.505,18.845,18.435000000000002,16.655,17.3,17.535,16.939999999999998,19.27,20.625,18.715,20.16,20.555,19.535,19.509999999999998,21.060000000000002,18.53,21.785,21.130000000000003
1070020701,16.52,20.354999999999997,24.77,21.28,22.42,16.64,16.59,15.585,11.879999999999999,11.035,15.370000000000001,14.274999999999999,12.305,11.96,11.844999999999999,13.48,12.1,11.285,12.945,12.469999999999999,13.565,16.240000000000002,17.33,16.625
1070020702,19.855,24.405,23.895,22.369999999999997,21.93,16.655,16.735,15.129999999999999,12.495000000000001,13.34,13.614999999999998,13.535,14.175,14.785,15.355,14.405,14.18,15.665,16.634999999999998,14.225000000000001,13.48,20.34,19.11,20.415
1070020703,17.575000000000003,20.04,21.855,18.630000000000003,18.57,17.605,14.51,15.03,13.165,12.32,13.76,14.739999999999998,12.379999999999999,9.885000000000002,12.004999999999999,12.165,9.855,14.27,14.139999999999999,12.34,14.49,14.57,16.555,20.09
1070020801,18.72,21.215,24.63,23.805,23.46,21.195,17.25,15.9,13.565000000000001,16.465,14.125,11.305,16.740000000000002,17.295,15.565000000000001,14.865,15.24,15.004999999999999,12.355,14.64,14.76,16.445,18.115000000000002,14.129999999999999
1070020802,22.85,24.865000000000002,28.165,28.77,27.795,22.265,18.555,16.985,14.504999999999999,17.95,16.64,13.31,18.285,18.975,16.215,15.84,16.325,15.719999999999999,13.825,15.780000000000001,19.005,19.645,21.345,19.9
1070020803,15.059999999999999,21.185000000000002,21.54,20.044999999999998,21.235,22.43,18.93,14.83,14.495000000000001,16.77,15.0,17.08,18.98,14.545000000000002,12.495000000000001,15.385,17.005,16.03,15.075,16.355,18.585,17.585,19.72,16.64
1070020900,20.0,21.165,18.5,20.46,19.295,19.335,18.165,17.04,15.954999999999998,15.29,14.335,14.08,15.17,14.375,13.54,13.085,15.165,14.335,14.415,14.96,15.665,15.920000000000002,14.96,17.085
1070021000,17.415,18.585,18.92,16.21,18.795,20.125,18.795,16.585,15.165,14.25,15.125,14.375,13.875,13.915,15.0,14.125,13.17,14.045,14.835,13.455,14.875,14.665,16.5,18.295
1070021200,17.18,18.755000000000003,19.2,16.47,18.384999999999998,15.915,17.745,16.045,18.28,18.155,13.879999999999999,15.225000000000001,16.945,17.950000000000003,17.035,15.03,15.094999999999999,14.82,14.375,16.134999999999998,18.17,17.34,15.355,16.58
1070021300,27.805,27.22,26.165,28.08,27.0,26.545,25.310000000000002,24.495,24.15,24.88,23.85,24.17,23.795,24.495,24.18,23.525,23.855,22.95,22.67,23.56,22.619999999999997,24.115000000000002,24.130000000000003,25.935
1070021400,25.705,25.985,28.28,29.685000000000002,30.955,28.61,29.075,28.845,25.485,22.83,23.11,21.975,20.405,22.71,22.1,21.825,19.525,20.085,20.45,21.814999999999998,23.939999999999998,23.009999999999998,24.9,29.855
1070021500,24.29,23.7,25.880000000000003,25.005,24.33,24.255000000000003,23.6,24.42,22.86,22.21,20.735,20.655,21.384999999999998,21.1,19.82,19.035,19.965,21.67,21.925,23.96,23.255000000000003,24.955,24.095,22.92
1070021800,21.515,23.485,25.935,26.564999999999998,25.73,25.3,25.595,24.905,24.015,21.93,19.195,19.08,19.240000000000002,17.4,16.795,17.54,17.21,20.875,20.93,21.95,21.125,20.395,21.545,21.615000000000002
1070022000,34.724999999999994,34.269999999999996,34.43,34.575,35.51,35.08,35.235,35.36,33.79,31.985,30.65,29.975,30.23,30.565,30.73,29.935000000000002,29.855,29.955,30.755,31.125,31.765,32.015,31.96,33.44
1080000900,35.769999999999996,33.92,34.92,36.695,38.099999999999994,36.57,35.845,34.95,31.7,24.259999999999998,18.595,12.805,17.295,16.19,13.0,11.39,14.825000000000001,13.745,18.665,26.135,30.525,32.65,33.269999999999996,36.370000000000005
1080001000,14.84,14.915,13.864999999999998,14.15,13.915,15.87,18.405,22.875,23.265,21.494999999999997,18.28,18.17,16.035,14.350000000000001,16.085,15.52,13.620000000000001,14.66,15.37,19.39,18.814999999999998,20.36,18.18,16.025
1080001100,17.8,19.93,19.84,20.915,20.1,20.439999999999998,18.955,20.63,18.93,15.0,14.900000000000002,11.145,11.565000000000001,12.045,12.775000000000002,13.515,13.940000000000001,11.274999999999999,10.925,12.915,14.52,15.63,15.719999999999999,16.21
1080001200,32.635000000000005,33.715,33.89,33.370000000000005,33.925,33.295,34.585,33.625,33.335,32.245000000000005,29.125,30.385,30.71,30.705,31.07,30.985,30.990000000000002,30.65,31.02,30.93,31.259999999999998,31.335,32.025,31.725
1080001400,18.55,18.7,21.045,20.365000000000002,19.625,19.215,15.425,12.675,14.600000000000001,14.79,10.870000000000001,10.675,10.629999999999999,11.945,11.365,9.935,9.645,8.379999999999999,8.985,9.850000000000001,10.57,11.43,15.25,18.19
1080001600,19.395,21.585,19.244999999999997,19.64,21.67,18.55,16.375,20.810000000000002,17.805,16.8,14.985,12.225000000000001,9.719999999999999,11.1,10.02,11.024999999999999,12.045,10.225,10.055,12.93,15.225,16.905,16.475,16.869999999999997
1080001800,31.895000000000003,31.73,32.465,34.15,35.205,33.24,32.545,32.745,32.655,30.43,28.939999999999998,28.924999999999997,27.95,27.630000000000003,28.215,27.825,27.155,27.405,27.655,27.75,28.69,28.814999999999998,30.299999999999997,31.119999999999997
